INSERT INTO Vac_User VALUES ("0074E3ACBD0AE33B","Liz","Bauer","Whitewater","1976-10-02",1,"lizbauer@poochies.com","+39 (976) 436-3754","none"); 
INSERT INTO User_Credentials VALUES ("0074E3ACBD0AE33B", "96ec13d5ec40f735763e59fc46eb0a786681284d7adbdc0f2d8e0bd5abdc448"); 
INSERT INTO Vaccination VALUES ("0074E3ACBD0AE33B_1", "0074E3ACBD0AE33B", "VCRBNC99D27G273N", "janssen", "2021-06-23", 1); 
INSERT INTO Vaccination VALUES ("0074E3ACBD0AE33B_2", "0074E3ACBD0AE33B", null, null, "2022-02-27 10:00:00", 2); 

INSERT INTO Vac_User VALUES ("5C81D7251781F4AF","Angie","Dunn","Sehili","1947-01-15",3,"angiedunn@poochies.com","+39 (885) 520-3132","none"); 
INSERT INTO User_Credentials VALUES ("5C81D7251781F4AF", "96ec13d5ec40f735763e59fc46eb0a786681284d7adbdc0f2d8e0bd5abdc448"); 
INSERT INTO Vaccination VALUES ("5C81D7251781F4AF_1", "5C81D7251781F4AF", "LPPMRL98C27G273N", "janssen", "2021-03-08", 1); 
INSERT INTO Vaccination VALUES ("5C81D7251781F4AF_2", "5C81D7251781F4AF", null, null, "2022-03-05 12:00:00", 2); 

INSERT INTO Vac_User VALUES ("3319EE0497BC21DC","Lolita","Ashley","Spokane","1973-11-28",1,"lolitaashley@poochies.com","+39 (965) 563-2405","over65"); 
INSERT INTO User_Credentials VALUES ("3319EE0497BC21DC", "96ec13d5ec40f735763e59fc46eb0a786681284d7adbdc0f2d8e0bd5abdc448"); 
INSERT INTO Vaccination VALUES ("3319EE0497BC21DC_1", "3319EE0497BC21DC", "PVGCGR99C27G273N", "astrazeneca", "2021-03-05", 1); 
INSERT INTO Vaccination VALUES ("3319EE0497BC21DC_2", "3319EE0497BC21DC", null, null, "2022-02-23 16:00:00", 2); 

INSERT INTO Vac_User VALUES ("3D012B2B336B8584","Johns","Vazquez","Accoville","1967-05-31",1,"johnsvazquez@poochies.com","+39 (840) 564-3866","over65"); 
INSERT INTO User_Credentials VALUES ("3D012B2B336B8584", "96ec13d5ec40f735763e59fc46eb0a786681284d7adbdc0f2d8e0bd5abdc448"); 
INSERT INTO Vaccination VALUES ("3D012B2B336B8584_1", "3D012B2B336B8584", "PVGCGR99C27G273N", "pfizer", "2021-11-11", 1); 
INSERT INTO Vaccination VALUES ("3D012B2B336B8584_2", "3D012B2B336B8584", null, null, "2022-03-24 17:00:00", 2); 

INSERT INTO Vac_User VALUES ("DB4A491578ABAC79","Gould","Ortega","Barstow","2002-10-18",2,"gouldortega@poochies.com","+39 (833) 492-3808","fragile"); 
INSERT INTO User_Credentials VALUES ("DB4A491578ABAC79", "96ec13d5ec40f735763e59fc46eb0a786681284d7adbdc0f2d8e0bd5abdc448"); 
INSERT INTO Vaccination VALUES ("DB4A491578ABAC79_1", "DB4A491578ABAC79", "VCRBNC99D27G273N", "moderna", "2021-02-09", 1); 
INSERT INTO Vaccination VALUES ("DB4A491578ABAC79_2", "DB4A491578ABAC79", null, null, "2022-03-10 11:00:00", 2); 

INSERT INTO Vac_User VALUES ("7C14062D9F309204","Faith","Ayala","Bison","2008-03-31",1,"faithayala@poochies.com","+39 (938) 430-3868","fragile"); 
INSERT INTO User_Credentials VALUES ("7C14062D9F309204", "96ec13d5ec40f735763e59fc46eb0a786681284d7adbdc0f2d8e0bd5abdc448"); 
INSERT INTO Vaccination VALUES ("7C14062D9F309204_1", "7C14062D9F309204", "NRIGSP98C27G273N", "moderna", "2021-10-23", 1); 
INSERT INTO Vaccination VALUES ("7C14062D9F309204_2", "7C14062D9F309204", null, null, "2022-03-25 11:00:00", 2); 

INSERT INTO Vac_User VALUES ("2EA8C4B8D1844BF2","Clark","Hatfield","Greenwich","1998-03-15",3,"clarkhatfield@poochies.com","+39 (889) 539-3409","over65"); 
INSERT INTO User_Credentials VALUES ("2EA8C4B8D1844BF2", "96ec13d5ec40f735763e59fc46eb0a786681284d7adbdc0f2d8e0bd5abdc448"); 
INSERT INTO Vaccination VALUES ("2EA8C4B8D1844BF2_1", "2EA8C4B8D1844BF2", "DCRRGG98C27G273N", "pfizer", "2021-12-15", 1); 
INSERT INTO Vaccination VALUES ("2EA8C4B8D1844BF2_2", "2EA8C4B8D1844BF2", null, null, "2022-03-06 10:00:00", 2); 

INSERT INTO Vac_User VALUES ("0A53E4D5E693EBD0","Briana","Cooley","Madaket","1985-10-20",3,"brianacooley@poochies.com","+39 (949) 403-3956","over65"); 
INSERT INTO User_Credentials VALUES ("0A53E4D5E693EBD0", "96ec13d5ec40f735763e59fc46eb0a786681284d7adbdc0f2d8e0bd5abdc448"); 
INSERT INTO Vaccination VALUES ("0A53E4D5E693EBD0_1", "0A53E4D5E693EBD0", "LPPMRL98C27G273N", "astrazeneca", "2021-06-29", 1); 
INSERT INTO Vaccination VALUES ("0A53E4D5E693EBD0_2", "0A53E4D5E693EBD0", null, null, "2022-03-05 12:00:00", 2); 

INSERT INTO Vac_User VALUES ("105DBA60E9AEC2D7","Clarke","Giles","Diaperville","1956-11-11",2,"clarkegiles@poochies.com","+39 (919) 545-2313","none"); 
INSERT INTO User_Credentials VALUES ("105DBA60E9AEC2D7", "96ec13d5ec40f735763e59fc46eb0a786681284d7adbdc0f2d8e0bd5abdc448"); 
INSERT INTO Vaccination VALUES ("105DBA60E9AEC2D7_1", "105DBA60E9AEC2D7", "DCRRGG98C27G273N", "moderna", "2021-06-18", 1); 
INSERT INTO Vaccination VALUES ("105DBA60E9AEC2D7_2", "105DBA60E9AEC2D7", null, null, "2022-03-11 15:00:00", 2); 

INSERT INTO Vac_User VALUES ("F7F0EBC861E67F01","Randi","Levy","Kylertown","1962-08-24",2,"randilevy@poochies.com","+39 (895) 469-3416","none"); 
INSERT INTO User_Credentials VALUES ("F7F0EBC861E67F01", "96ec13d5ec40f735763e59fc46eb0a786681284d7adbdc0f2d8e0bd5abdc448"); 
INSERT INTO Vaccination VALUES ("F7F0EBC861E67F01_1", "F7F0EBC861E67F01", "NRIGSP98C27G273N", "janssen", "2021-12-26", 1); 
INSERT INTO Vaccination VALUES ("F7F0EBC861E67F01_2", "F7F0EBC861E67F01", null, null, "2022-03-14 13:00:00", 2); 

INSERT INTO Vac_User VALUES ("1440C83374FE56C0","Mamie","Mcfadden","Roberts","1988-03-25",1,"mamiemcfadden@poochies.com","+39 (856) 441-2867","fragile"); 
INSERT INTO User_Credentials VALUES ("1440C83374FE56C0", "96ec13d5ec40f735763e59fc46eb0a786681284d7adbdc0f2d8e0bd5abdc448"); 
INSERT INTO Vaccination VALUES ("1440C83374FE56C0_1", "1440C83374FE56C0", "DCRRGG98C27G273N", "janssen", "2021-02-21", 1); 
INSERT INTO Vaccination VALUES ("1440C83374FE56C0_2", "1440C83374FE56C0", null, null, "2022-03-04 17:00:00", 2); 

INSERT INTO Vac_User VALUES ("B49E3ECF4B54B520","Simon","Sellers","Aguila","1972-09-08",2,"simonsellers@poochies.com","+39 (926) 528-3842","over65"); 
INSERT INTO User_Credentials VALUES ("B49E3ECF4B54B520", "96ec13d5ec40f735763e59fc46eb0a786681284d7adbdc0f2d8e0bd5abdc448"); 
INSERT INTO Vaccination VALUES ("B49E3ECF4B54B520_1", "B49E3ECF4B54B520", "LPPMRL98C27G273N", "astrazeneca", "2021-03-27", 1); 
INSERT INTO Vaccination VALUES ("B49E3ECF4B54B520_2", "B49E3ECF4B54B520", null, null, "2022-03-18 15:00:00", 2); 

INSERT INTO Vac_User VALUES ("CAD253D21B426319","Bryan","Gregory","Boling","2004-05-02",2,"bryangregory@poochies.com","+39 (866) 434-3835","fragile"); 
INSERT INTO User_Credentials VALUES ("CAD253D21B426319", "96ec13d5ec40f735763e59fc46eb0a786681284d7adbdc0f2d8e0bd5abdc448"); 
INSERT INTO Vaccination VALUES ("CAD253D21B426319_1", "CAD253D21B426319", "NRIGSP98C27G273N", "astrazeneca", "2021-12-17", 1); 
INSERT INTO Vaccination VALUES ("CAD253D21B426319_2", "CAD253D21B426319", null, null, "2022-03-11 15:00:00", 2); 

INSERT INTO Vac_User VALUES ("7EDC06A4D879FF07","Herman","Reynolds","Norvelt","1979-03-01",1,"hermanreynolds@poochies.com","+39 (920) 414-3551","over65"); 
INSERT INTO User_Credentials VALUES ("7EDC06A4D879FF07", "96ec13d5ec40f735763e59fc46eb0a786681284d7adbdc0f2d8e0bd5abdc448"); 
INSERT INTO Vaccination VALUES ("7EDC06A4D879FF07_1", "7EDC06A4D879FF07", "VCRBNC99D27G273N", "janssen", "2021-10-19", 1); 
INSERT INTO Vaccination VALUES ("7EDC06A4D879FF07_2", "7EDC06A4D879FF07", null, null, "2022-03-28 16:00:00", 2); 

INSERT INTO Vac_User VALUES ("50CD0C3D26CCE466","Gill","Battle","Thermal","1945-02-12",2,"gillbattle@poochies.com","+39 (978) 450-2473","over65"); 
INSERT INTO User_Credentials VALUES ("50CD0C3D26CCE466", "96ec13d5ec40f735763e59fc46eb0a786681284d7adbdc0f2d8e0bd5abdc448"); 
INSERT INTO Vaccination VALUES ("50CD0C3D26CCE466_1", "50CD0C3D26CCE466", "PVGCGR99C27G273N", "moderna", "2021-02-17", 1); 
INSERT INTO Vaccination VALUES ("50CD0C3D26CCE466_2", "50CD0C3D26CCE466", null, null, "2022-03-17 11:00:00", 2); 

INSERT INTO Vac_User VALUES ("720014DDA7CBB2F5","Susanna","Hughes","Dunlo","1991-08-18",2,"susannahughes@poochies.com","+39 (903) 472-2840","over65"); 
INSERT INTO User_Credentials VALUES ("720014DDA7CBB2F5", "96ec13d5ec40f735763e59fc46eb0a786681284d7adbdc0f2d8e0bd5abdc448"); 
INSERT INTO Vaccination VALUES ("720014DDA7CBB2F5_1", "720014DDA7CBB2F5", "NRIGSP98C27G273N", "moderna", "2021-08-18", 1); 
INSERT INTO Vaccination VALUES ("720014DDA7CBB2F5_2", "720014DDA7CBB2F5", null, null, "2022-03-13 10:00:00", 2); 

INSERT INTO Vac_User VALUES ("7ED73E0E64E59804","Sonia","Swanson","Joppa","1986-01-12",2,"soniaswanson@poochies.com","+39 (916) 411-2215","over65"); 
INSERT INTO User_Credentials VALUES ("7ED73E0E64E59804", "96ec13d5ec40f735763e59fc46eb0a786681284d7adbdc0f2d8e0bd5abdc448"); 
INSERT INTO Vaccination VALUES ("7ED73E0E64E59804_1", "7ED73E0E64E59804", "NRIGSP98C27G273N", "astrazeneca", "2021-04-26", 1); 
INSERT INTO Vaccination VALUES ("7ED73E0E64E59804_2", "7ED73E0E64E59804", null, null, "2022-03-24 13:00:00", 2); 

INSERT INTO Vac_User VALUES ("E3E0671D9FCB63E3","Wiley","Saunders","Cashtown","1989-10-25",3,"wileysaunders@poochies.com","+39 (983) 538-2848","over65"); 
INSERT INTO User_Credentials VALUES ("E3E0671D9FCB63E3", "96ec13d5ec40f735763e59fc46eb0a786681284d7adbdc0f2d8e0bd5abdc448"); 
INSERT INTO Vaccination VALUES ("E3E0671D9FCB63E3_1", "E3E0671D9FCB63E3", "VCRBNC99D27G273N", "pfizer", "2021-12-16", 1); 
INSERT INTO Vaccination VALUES ("E3E0671D9FCB63E3_2", "E3E0671D9FCB63E3", null, null, "2022-03-01 09:00:00", 2); 

INSERT INTO Vac_User VALUES ("85654E93072EB20F","Kent","Garza","Wacissa","2002-07-09",2,"kentgarza@poochies.com","+39 (817) 587-2142","over65"); 
INSERT INTO User_Credentials VALUES ("85654E93072EB20F", "96ec13d5ec40f735763e59fc46eb0a786681284d7adbdc0f2d8e0bd5abdc448"); 
INSERT INTO Vaccination VALUES ("85654E93072EB20F_1", "85654E93072EB20F", "PVGCGR99C27G273N", "janssen", "2021-11-09", 1); 
INSERT INTO Vaccination VALUES ("85654E93072EB20F_2", "85654E93072EB20F", null, null, "2022-03-28 11:00:00", 2); 

INSERT INTO Vac_User VALUES ("28A6DC90B1CF688D","Laurie","Mckinney","Haring","1976-02-01",1,"lauriemckinney@poochies.com","+39 (865) 549-2735","fragile"); 
INSERT INTO User_Credentials VALUES ("28A6DC90B1CF688D", "96ec13d5ec40f735763e59fc46eb0a786681284d7adbdc0f2d8e0bd5abdc448"); 
INSERT INTO Vaccination VALUES ("28A6DC90B1CF688D_1", "28A6DC90B1CF688D", "NRIGSP98C27G273N", "pfizer", "2021-12-23", 1); 
INSERT INTO Vaccination VALUES ("28A6DC90B1CF688D_2", "28A6DC90B1CF688D", null, null, "2022-02-24 17:00:00", 2); 

INSERT INTO Vac_User VALUES ("7A69C2DA5977A796","Kristina","Dominguez","Harleigh","1983-07-04",1,"kristinadominguez@poochies.com","+39 (838) 593-2758","over65"); 
INSERT INTO User_Credentials VALUES ("7A69C2DA5977A796", "96ec13d5ec40f735763e59fc46eb0a786681284d7adbdc0f2d8e0bd5abdc448"); 
INSERT INTO Vaccination VALUES ("7A69C2DA5977A796_1", "7A69C2DA5977A796", "LPPMRL98C27G273N", "astrazeneca", "2021-03-20", 1); 
INSERT INTO Vaccination VALUES ("7A69C2DA5977A796_2", "7A69C2DA5977A796", null, null, "2022-02-27 11:00:00", 2); 

INSERT INTO Vac_User VALUES ("4D264095604C0FB0","David","Stafford","Topanga","1978-06-09",3,"davidstafford@poochies.com","+39 (997) 463-3404","none"); 
INSERT INTO User_Credentials VALUES ("4D264095604C0FB0", "96ec13d5ec40f735763e59fc46eb0a786681284d7adbdc0f2d8e0bd5abdc448"); 
INSERT INTO Vaccination VALUES ("4D264095604C0FB0_1", "4D264095604C0FB0", "LPPMRL98C27G273N", "pfizer", "2021-03-27", 1); 
INSERT INTO Vaccination VALUES ("4D264095604C0FB0_2", "4D264095604C0FB0", null, null, "2022-03-02 09:00:00", 2); 

INSERT INTO Vac_User VALUES ("54A7536D8F31666C","Sherry","York","Shaft","1944-04-24",2,"sherryyork@poochies.com","+39 (983) 563-3804","fragile"); 
INSERT INTO User_Credentials VALUES ("54A7536D8F31666C", "96ec13d5ec40f735763e59fc46eb0a786681284d7adbdc0f2d8e0bd5abdc448"); 
INSERT INTO Vaccination VALUES ("54A7536D8F31666C_1", "54A7536D8F31666C", "VCRBNC99D27G273N", "pfizer", "2021-06-25", 1); 
INSERT INTO Vaccination VALUES ("54A7536D8F31666C_2", "54A7536D8F31666C", null, null, "2022-03-24 15:00:00", 2); 

INSERT INTO Vac_User VALUES ("C83A7AD64A5FC028","Marisol","Byrd","Tuttle","1981-09-04",2,"marisolbyrd@poochies.com","+39 (819) 460-3668","over65"); 
INSERT INTO User_Credentials VALUES ("C83A7AD64A5FC028", "96ec13d5ec40f735763e59fc46eb0a786681284d7adbdc0f2d8e0bd5abdc448"); 
INSERT INTO Vaccination VALUES ("C83A7AD64A5FC028_1", "C83A7AD64A5FC028", "NRIGSP98C27G273N", "janssen", "2021-03-02", 1); 
INSERT INTO Vaccination VALUES ("C83A7AD64A5FC028_2", "C83A7AD64A5FC028", null, null, "2022-03-07 12:00:00", 2); 

INSERT INTO Vac_User VALUES ("AD1101A28FFCCBD4","Pauline","Hunt","Bentley","1980-06-05",3,"paulinehunt@poochies.com","+39 (913) 479-2901","none"); 
INSERT INTO User_Credentials VALUES ("AD1101A28FFCCBD4", "96ec13d5ec40f735763e59fc46eb0a786681284d7adbdc0f2d8e0bd5abdc448"); 
INSERT INTO Vaccination VALUES ("AD1101A28FFCCBD4_1", "AD1101A28FFCCBD4", "NRIGSP98C27G273N", "janssen", "2021-07-10", 1); 
INSERT INTO Vaccination VALUES ("AD1101A28FFCCBD4_2", "AD1101A28FFCCBD4", null, null, "2022-03-20 09:00:00", 2); 

INSERT INTO Vac_User VALUES ("BCE5308E9F0377DE","Thornton","Roth","Ezel","1942-01-29",1,"thorntonroth@poochies.com","+39 (835) 416-3175","fragile"); 
INSERT INTO User_Credentials VALUES ("BCE5308E9F0377DE", "96ec13d5ec40f735763e59fc46eb0a786681284d7adbdc0f2d8e0bd5abdc448"); 
INSERT INTO Vaccination VALUES ("BCE5308E9F0377DE_1", "BCE5308E9F0377DE", "VCRBNC99D27G273N", "pfizer", "2021-09-15", 1); 
INSERT INTO Vaccination VALUES ("BCE5308E9F0377DE_2", "BCE5308E9F0377DE", null, null, "2022-03-09 16:00:00", 2); 

INSERT INTO Vac_User VALUES ("B1052AB781C61F15","Bass","Howell","Gorham","1982-06-24",3,"basshowell@poochies.com","+39 (862) 448-2338","none"); 
INSERT INTO User_Credentials VALUES ("B1052AB781C61F15", "96ec13d5ec40f735763e59fc46eb0a786681284d7adbdc0f2d8e0bd5abdc448"); 
INSERT INTO Vaccination VALUES ("B1052AB781C61F15_1", "B1052AB781C61F15", "PVGCGR99C27G273N", "astrazeneca", "2021-03-31", 1); 
INSERT INTO Vaccination VALUES ("B1052AB781C61F15_2", "B1052AB781C61F15", null, null, "2022-03-04 10:00:00", 2); 

INSERT INTO Vac_User VALUES ("B100DB01A403ABC4","Diann","Shaffer","Russellville","2008-04-16",1,"diannshaffer@poochies.com","+39 (928) 591-2720","fragile"); 
INSERT INTO User_Credentials VALUES ("B100DB01A403ABC4", "96ec13d5ec40f735763e59fc46eb0a786681284d7adbdc0f2d8e0bd5abdc448"); 
INSERT INTO Vaccination VALUES ("B100DB01A403ABC4_1", "B100DB01A403ABC4", "LPPMRL98C27G273N", "moderna", "2021-03-28", 1); 
INSERT INTO Vaccination VALUES ("B100DB01A403ABC4_2", "B100DB01A403ABC4", null, null, "2022-03-04 10:00:00", 2); 

INSERT INTO Vac_User VALUES ("FE233D73207467DB","Crane","Olson","Delco","1982-12-29",3,"craneolson@poochies.com","+39 (948) 410-2438","none"); 
INSERT INTO User_Credentials VALUES ("FE233D73207467DB", "96ec13d5ec40f735763e59fc46eb0a786681284d7adbdc0f2d8e0bd5abdc448"); 
INSERT INTO Vaccination VALUES ("FE233D73207467DB_1", "FE233D73207467DB", "LPPMRL98C27G273N", "astrazeneca", "2021-05-27", 1); 
INSERT INTO Vaccination VALUES ("FE233D73207467DB_2", "FE233D73207467DB", null, null, "2022-03-15 10:00:00", 2); 

INSERT INTO Vac_User VALUES ("435EBC73DBD162C5","Kimberley","Moss","Sims","1962-11-09",1,"kimberleymoss@poochies.com","+39 (817) 571-2088","none"); 
INSERT INTO User_Credentials VALUES ("435EBC73DBD162C5", "96ec13d5ec40f735763e59fc46eb0a786681284d7adbdc0f2d8e0bd5abdc448"); 
INSERT INTO Vaccination VALUES ("435EBC73DBD162C5_1", "435EBC73DBD162C5", "LPPMRL98C27G273N", "janssen", "2021-12-12", 1); 
INSERT INTO Vaccination VALUES ("435EBC73DBD162C5_2", "435EBC73DBD162C5", null, null, "2022-03-01 15:00:00", 2); 

INSERT INTO Vac_User VALUES ("28D36D0359310954","Melissa","Keith","Sheatown","1971-07-07",2,"melissakeith@poochies.com","+39 (865) 521-2797","over65"); 
INSERT INTO User_Credentials VALUES ("28D36D0359310954", "96ec13d5ec40f735763e59fc46eb0a786681284d7adbdc0f2d8e0bd5abdc448"); 
INSERT INTO Vaccination VALUES ("28D36D0359310954_1", "28D36D0359310954", "NRIGSP98C27G273N", "astrazeneca", "2021-09-05", 1); 
INSERT INTO Vaccination VALUES ("28D36D0359310954_2", "28D36D0359310954", null, null, "2022-02-24 10:00:00", 2); 

INSERT INTO Vac_User VALUES ("4EF961DD0B78AB07","Dale","Le","Barronett","2005-06-27",3,"dalele@poochies.com","+39 (908) 514-3460","none"); 
INSERT INTO User_Credentials VALUES ("4EF961DD0B78AB07", "96ec13d5ec40f735763e59fc46eb0a786681284d7adbdc0f2d8e0bd5abdc448"); 
INSERT INTO Vaccination VALUES ("4EF961DD0B78AB07_1", "4EF961DD0B78AB07", "DCRRGG98C27G273N", "astrazeneca", "2021-10-29", 1); 
INSERT INTO Vaccination VALUES ("4EF961DD0B78AB07_2", "4EF961DD0B78AB07", null, null, "2022-02-26 13:00:00", 2); 

INSERT INTO Vac_User VALUES ("F1170722205DA3C6","Renee","Norman","Maxville","1948-08-31",1,"reneenorman@poochies.com","+39 (840) 460-2197","fragile"); 
INSERT INTO User_Credentials VALUES ("F1170722205DA3C6", "96ec13d5ec40f735763e59fc46eb0a786681284d7adbdc0f2d8e0bd5abdc448"); 
INSERT INTO Vaccination VALUES ("F1170722205DA3C6_1", "F1170722205DA3C6", "NRIGSP98C27G273N", "moderna", "2021-01-27", 1); 
INSERT INTO Vaccination VALUES ("F1170722205DA3C6_2", "F1170722205DA3C6", null, null, "2022-03-13 13:00:00", 2); 

INSERT INTO Vac_User VALUES ("5055673CF14F32E5","Preston","Blair","Gadsden","1942-10-24",1,"prestonblair@poochies.com","+39 (940) 432-2633","over65"); 
INSERT INTO User_Credentials VALUES ("5055673CF14F32E5", "96ec13d5ec40f735763e59fc46eb0a786681284d7adbdc0f2d8e0bd5abdc448"); 
INSERT INTO Vaccination VALUES ("5055673CF14F32E5_1", "5055673CF14F32E5", "VCRBNC99D27G273N", "pfizer", "2021-03-31", 1); 
INSERT INTO Vaccination VALUES ("5055673CF14F32E5_2", "5055673CF14F32E5", null, null, "2022-03-04 09:00:00", 2); 

INSERT INTO Vac_User VALUES ("448EF0AE28EAB20D","Susana","Hull","Maplewood","1998-11-29",2,"susanahull@poochies.com","+39 (827) 580-3387","none"); 
INSERT INTO User_Credentials VALUES ("448EF0AE28EAB20D", "96ec13d5ec40f735763e59fc46eb0a786681284d7adbdc0f2d8e0bd5abdc448"); 
INSERT INTO Vaccination VALUES ("448EF0AE28EAB20D_1", "448EF0AE28EAB20D", "LPPMRL98C27G273N", "pfizer", "2021-02-14", 1); 
INSERT INTO Vaccination VALUES ("448EF0AE28EAB20D_2", "448EF0AE28EAB20D", null, null, "2022-03-07 17:00:00", 2); 

INSERT INTO Vac_User VALUES ("FE1AAD48A6C8950D","Katherine","Holt","Brandermill","1980-11-10",3,"katherineholt@poochies.com","+39 (843) 434-2488","fragile"); 
INSERT INTO User_Credentials VALUES ("FE1AAD48A6C8950D", "96ec13d5ec40f735763e59fc46eb0a786681284d7adbdc0f2d8e0bd5abdc448"); 
INSERT INTO Vaccination VALUES ("FE1AAD48A6C8950D_1", "FE1AAD48A6C8950D", "LPPMRL98C27G273N", "moderna", "2021-10-02", 1); 
INSERT INTO Vaccination VALUES ("FE1AAD48A6C8950D_2", "FE1AAD48A6C8950D", null, null, "2022-03-14 18:00:00", 2); 

INSERT INTO Vac_User VALUES ("B0DF86EAADB2F7F4","Carly","Oconnor","Tyro","1965-11-13",2,"carlyoconnor@poochies.com","+39 (802) 566-2157","none"); 
INSERT INTO User_Credentials VALUES ("B0DF86EAADB2F7F4", "96ec13d5ec40f735763e59fc46eb0a786681284d7adbdc0f2d8e0bd5abdc448"); 
INSERT INTO Vaccination VALUES ("B0DF86EAADB2F7F4_1", "B0DF86EAADB2F7F4", "PVGCGR99C27G273N", "pfizer", "2021-03-19", 1); 
INSERT INTO Vaccination VALUES ("B0DF86EAADB2F7F4_2", "B0DF86EAADB2F7F4", null, null, "2022-02-24 10:00:00", 2); 

INSERT INTO Vac_User VALUES ("B83495582E3037C4","Ilene","Jefferson","Jackpot","1984-05-07",1,"ilenejefferson@poochies.com","+39 (862) 435-3361","over65"); 
INSERT INTO User_Credentials VALUES ("B83495582E3037C4", "96ec13d5ec40f735763e59fc46eb0a786681284d7adbdc0f2d8e0bd5abdc448"); 
INSERT INTO Vaccination VALUES ("B83495582E3037C4_1", "B83495582E3037C4", "DCRRGG98C27G273N", "pfizer", "2021-04-06", 1); 
INSERT INTO Vaccination VALUES ("B83495582E3037C4_2", "B83495582E3037C4", null, null, "2022-03-23 17:00:00", 2); 

INSERT INTO Vac_User VALUES ("AF751E106CD14156","Virginia","Bright","Boykin","1987-08-16",1,"virginiabright@poochies.com","+39 (886) 462-3771","none"); 
INSERT INTO User_Credentials VALUES ("AF751E106CD14156", "96ec13d5ec40f735763e59fc46eb0a786681284d7adbdc0f2d8e0bd5abdc448"); 
INSERT INTO Vaccination VALUES ("AF751E106CD14156_1", "AF751E106CD14156", "PVGCGR99C27G273N", "astrazeneca", "2021-02-01", 1); 
INSERT INTO Vaccination VALUES ("AF751E106CD14156_2", "AF751E106CD14156", null, null, "2022-03-03 10:00:00", 2); 

INSERT INTO Vac_User VALUES ("88D0FC415659E94B","Simmons","Wise","Nogal","1955-02-18",3,"simmonswise@poochies.com","+39 (805) 461-2263","none"); 
INSERT INTO User_Credentials VALUES ("88D0FC415659E94B", "96ec13d5ec40f735763e59fc46eb0a786681284d7adbdc0f2d8e0bd5abdc448"); 
INSERT INTO Vaccination VALUES ("88D0FC415659E94B_1", "88D0FC415659E94B", "PVGCGR99C27G273N", "janssen", "2021-03-26", 1); 
INSERT INTO Vaccination VALUES ("88D0FC415659E94B_2", "88D0FC415659E94B", null, null, "2022-03-12 13:00:00", 2); 

INSERT INTO Vac_User VALUES ("DCAC46258F2CEE51","Mariana","Reese","Hickory","1965-08-09",3,"marianareese@poochies.com","+39 (967) 444-2922","none"); 
INSERT INTO User_Credentials VALUES ("DCAC46258F2CEE51", "96ec13d5ec40f735763e59fc46eb0a786681284d7adbdc0f2d8e0bd5abdc448"); 
INSERT INTO Vaccination VALUES ("DCAC46258F2CEE51_1", "DCAC46258F2CEE51", "VCRBNC99D27G273N", "pfizer", "2021-03-21", 1); 
INSERT INTO Vaccination VALUES ("DCAC46258F2CEE51_2", "DCAC46258F2CEE51", null, null, "2022-03-26 18:00:00", 2); 

INSERT INTO Vac_User VALUES ("0221DE048510FBC1","Louella","Dalton","Forbestown","1982-05-30",2,"louelladalton@poochies.com","+39 (906) 546-2212","none"); 
INSERT INTO User_Credentials VALUES ("0221DE048510FBC1", "96ec13d5ec40f735763e59fc46eb0a786681284d7adbdc0f2d8e0bd5abdc448"); 
INSERT INTO Vaccination VALUES ("0221DE048510FBC1_1", "0221DE048510FBC1", "VCRBNC99D27G273N", "janssen", "2021-12-02", 1); 
INSERT INTO Vaccination VALUES ("0221DE048510FBC1_2", "0221DE048510FBC1", null, null, "2022-03-20 15:00:00", 2); 

INSERT INTO Vac_User VALUES ("CB0D59841B3F6644","Charlotte","Brady","Orason","1983-10-03",2,"charlottebrady@poochies.com","+39 (993) 486-3570","over65"); 
INSERT INTO User_Credentials VALUES ("CB0D59841B3F6644", "96ec13d5ec40f735763e59fc46eb0a786681284d7adbdc0f2d8e0bd5abdc448"); 
INSERT INTO Vaccination VALUES ("CB0D59841B3F6644_1", "CB0D59841B3F6644", "DCRRGG98C27G273N", "astrazeneca", "2021-02-24", 1); 
INSERT INTO Vaccination VALUES ("CB0D59841B3F6644_2", "CB0D59841B3F6644", null, null, "2022-03-02 13:00:00", 2); 

INSERT INTO Vac_User VALUES ("9557C1369CAB6357","Candice","Caldwell","Belva","1974-07-11",3,"candicecaldwell@poochies.com","+39 (832) 578-2663","over65"); 
INSERT INTO User_Credentials VALUES ("9557C1369CAB6357", "96ec13d5ec40f735763e59fc46eb0a786681284d7adbdc0f2d8e0bd5abdc448"); 
INSERT INTO Vaccination VALUES ("9557C1369CAB6357_1", "9557C1369CAB6357", "NRIGSP98C27G273N", "pfizer", "2021-07-13", 1); 
INSERT INTO Vaccination VALUES ("9557C1369CAB6357_2", "9557C1369CAB6357", null, null, "2022-03-28 17:00:00", 2); 

INSERT INTO Vac_User VALUES ("A2F0C20488D4C0D4","Megan","Snow","Clinton","1987-06-17",1,"megansnow@poochies.com","+39 (823) 427-2389","fragile"); 
INSERT INTO User_Credentials VALUES ("A2F0C20488D4C0D4", "96ec13d5ec40f735763e59fc46eb0a786681284d7adbdc0f2d8e0bd5abdc448"); 
INSERT INTO Vaccination VALUES ("A2F0C20488D4C0D4_1", "A2F0C20488D4C0D4", "NRIGSP98C27G273N", "janssen", "2021-01-03", 1); 
INSERT INTO Vaccination VALUES ("A2F0C20488D4C0D4_2", "A2F0C20488D4C0D4", null, null, "2022-03-14 16:00:00", 2); 

INSERT INTO Vac_User VALUES ("CAD38DA8885449EE","Victoria","Cantu","Foscoe","1995-12-08",1,"victoriacantu@poochies.com","+39 (967) 514-3464","fragile"); 
INSERT INTO User_Credentials VALUES ("CAD38DA8885449EE", "96ec13d5ec40f735763e59fc46eb0a786681284d7adbdc0f2d8e0bd5abdc448"); 
INSERT INTO Vaccination VALUES ("CAD38DA8885449EE_1", "CAD38DA8885449EE", "LPPMRL98C27G273N", "pfizer", "2021-06-23", 1); 
INSERT INTO Vaccination VALUES ("CAD38DA8885449EE_2", "CAD38DA8885449EE", null, null, "2022-03-17 09:00:00", 2); 

INSERT INTO Vac_User VALUES ("6602346CA4D91B0F","Felecia","Kim","Bakersville","1965-05-28",3,"feleciakim@poochies.com","+39 (964) 473-2180","fragile"); 
INSERT INTO User_Credentials VALUES ("6602346CA4D91B0F", "96ec13d5ec40f735763e59fc46eb0a786681284d7adbdc0f2d8e0bd5abdc448"); 
INSERT INTO Vaccination VALUES ("6602346CA4D91B0F_1", "6602346CA4D91B0F", "VCRBNC99D27G273N", "astrazeneca", "2021-06-13", 1); 
INSERT INTO Vaccination VALUES ("6602346CA4D91B0F_2", "6602346CA4D91B0F", null, null, "2022-03-18 17:00:00", 2); 

INSERT INTO Vac_User VALUES ("9B3A371B5DC76D8A","Castro","Church","Dellview","1966-01-06",3,"castrochurch@poochies.com","+39 (915) 502-3293","fragile"); 
INSERT INTO User_Credentials VALUES ("9B3A371B5DC76D8A", "96ec13d5ec40f735763e59fc46eb0a786681284d7adbdc0f2d8e0bd5abdc448"); 
INSERT INTO Vaccination VALUES ("9B3A371B5DC76D8A_1", "9B3A371B5DC76D8A", "DCRRGG98C27G273N", "pfizer", "2021-02-01", 1); 
INSERT INTO Vaccination VALUES ("9B3A371B5DC76D8A_2", "9B3A371B5DC76D8A", null, null, "2022-03-25 11:00:00", 2); 

INSERT INTO Vac_User VALUES ("9DFE7C0F025EFE63","Forbes","Witt","Kohatk","1949-06-19",2,"forbeswitt@poochies.com","+39 (821) 402-3659","over65"); 
INSERT INTO User_Credentials VALUES ("9DFE7C0F025EFE63", "96ec13d5ec40f735763e59fc46eb0a786681284d7adbdc0f2d8e0bd5abdc448"); 
INSERT INTO Vaccination VALUES ("9DFE7C0F025EFE63_1", "9DFE7C0F025EFE63", "LPPMRL98C27G273N", "pfizer", "2021-01-23", 1); 
INSERT INTO Vaccination VALUES ("9DFE7C0F025EFE63_2", "9DFE7C0F025EFE63", null, null, "2022-03-11 09:00:00", 2); 

INSERT INTO Vac_User VALUES ("DDCE3CC219E066DD","Avila","Davidson","Catharine","1942-06-29",2,"aviladavidson@poochies.com","+39 (839) 411-2802","none"); 
INSERT INTO User_Credentials VALUES ("DDCE3CC219E066DD", "96ec13d5ec40f735763e59fc46eb0a786681284d7adbdc0f2d8e0bd5abdc448"); 
INSERT INTO Vaccination VALUES ("DDCE3CC219E066DD_1", "DDCE3CC219E066DD", "PVGCGR99C27G273N", "moderna", "2021-07-01", 1); 
INSERT INTO Vaccination VALUES ("DDCE3CC219E066DD_2", "DDCE3CC219E066DD", null, null, "2022-02-27 11:00:00", 2); 

INSERT INTO Vac_User VALUES ("D315ECF1A70258C2","Madelyn","Dennis","Jardine","1976-04-15",3,"madelyndennis@poochies.com","+39 (815) 534-3328","over65"); 
INSERT INTO User_Credentials VALUES ("D315ECF1A70258C2", "96ec13d5ec40f735763e59fc46eb0a786681284d7adbdc0f2d8e0bd5abdc448"); 
INSERT INTO Vaccination VALUES ("D315ECF1A70258C2_1", "D315ECF1A70258C2", "PVGCGR99C27G273N", "moderna", "2021-01-21", 1); 
INSERT INTO Vaccination VALUES ("D315ECF1A70258C2_2", "D315ECF1A70258C2", null, null, "2022-03-04 18:00:00", 2); 

INSERT INTO Vac_User VALUES ("DDDD374BE23C133D","Stephanie","Thornton","Hinsdale","1943-09-24",3,"stephaniethornton@poochies.com","+39 (972) 424-2269","fragile"); 
INSERT INTO User_Credentials VALUES ("DDDD374BE23C133D", "96ec13d5ec40f735763e59fc46eb0a786681284d7adbdc0f2d8e0bd5abdc448"); 
INSERT INTO Vaccination VALUES ("DDDD374BE23C133D_1", "DDDD374BE23C133D", "PVGCGR99C27G273N", "janssen", "2021-01-20", 1); 
INSERT INTO Vaccination VALUES ("DDDD374BE23C133D_2", "DDDD374BE23C133D", null, null, "2022-02-26 13:00:00", 2); 

INSERT INTO Vac_User VALUES ("BE44F1CA855477CF","Harrison","Stevens","Cutter","2005-07-12",2,"harrisonstevens@poochies.com","+39 (866) 404-2651","none"); 
INSERT INTO User_Credentials VALUES ("BE44F1CA855477CF", "96ec13d5ec40f735763e59fc46eb0a786681284d7adbdc0f2d8e0bd5abdc448"); 
INSERT INTO Vaccination VALUES ("BE44F1CA855477CF_1", "BE44F1CA855477CF", "NRIGSP98C27G273N", "pfizer", "2021-03-16", 1); 
INSERT INTO Vaccination VALUES ("BE44F1CA855477CF_2", "BE44F1CA855477CF", null, null, "2022-03-27 15:00:00", 2); 

INSERT INTO Vac_User VALUES ("4640E2D0BA118134","Mayo","Collins","Homeworth","1967-07-21",2,"mayocollins@poochies.com","+39 (948) 549-3218","fragile"); 
INSERT INTO User_Credentials VALUES ("4640E2D0BA118134", "96ec13d5ec40f735763e59fc46eb0a786681284d7adbdc0f2d8e0bd5abdc448"); 
INSERT INTO Vaccination VALUES ("4640E2D0BA118134_1", "4640E2D0BA118134", "PVGCGR99C27G273N", "astrazeneca", "2021-12-06", 1); 
INSERT INTO Vaccination VALUES ("4640E2D0BA118134_2", "4640E2D0BA118134", null, null, "2022-03-12 16:00:00", 2); 

INSERT INTO Vac_User VALUES ("B3069BFA93CC3422","Solis","Jenkins","Canterwood","1944-11-27",1,"solisjenkins@poochies.com","+39 (970) 458-2823","fragile"); 
INSERT INTO User_Credentials VALUES ("B3069BFA93CC3422", "96ec13d5ec40f735763e59fc46eb0a786681284d7adbdc0f2d8e0bd5abdc448"); 
INSERT INTO Vaccination VALUES ("B3069BFA93CC3422_1", "B3069BFA93CC3422", "LPPMRL98C27G273N", "janssen", "2021-06-06", 1); 
INSERT INTO Vaccination VALUES ("B3069BFA93CC3422_2", "B3069BFA93CC3422", null, null, "2022-03-29 12:00:00", 2); 

INSERT INTO Vac_User VALUES ("D37B955E523CEB42","Medina","Mcclure","Eastmont","2009-12-20",2,"medinamcclure@poochies.com","+39 (896) 534-3063","over65"); 
INSERT INTO User_Credentials VALUES ("D37B955E523CEB42", "96ec13d5ec40f735763e59fc46eb0a786681284d7adbdc0f2d8e0bd5abdc448"); 
INSERT INTO Vaccination VALUES ("D37B955E523CEB42_1", "D37B955E523CEB42", "PVGCGR99C27G273N", "pfizer", "2021-09-26", 1); 
INSERT INTO Vaccination VALUES ("D37B955E523CEB42_2", "D37B955E523CEB42", null, null, "2022-02-28 17:00:00", 2); 

INSERT INTO Vac_User VALUES ("0BFBE9669B8C9B19","Janie","Singleton","Vivian","1978-11-05",3,"janiesingleton@poochies.com","+39 (849) 576-2626","fragile"); 
INSERT INTO User_Credentials VALUES ("0BFBE9669B8C9B19", "96ec13d5ec40f735763e59fc46eb0a786681284d7adbdc0f2d8e0bd5abdc448"); 
INSERT INTO Vaccination VALUES ("0BFBE9669B8C9B19_1", "0BFBE9669B8C9B19", "LPPMRL98C27G273N", "moderna", "2021-02-10", 1); 
INSERT INTO Vaccination VALUES ("0BFBE9669B8C9B19_2", "0BFBE9669B8C9B19", null, null, "2022-03-16 11:00:00", 2); 

INSERT INTO Vac_User VALUES ("CAD5F779B86DACDE","Griffin","Lynch","Longbranch","1984-11-14",2,"griffinlynch@poochies.com","+39 (841) 470-3551","none"); 
INSERT INTO User_Credentials VALUES ("CAD5F779B86DACDE", "96ec13d5ec40f735763e59fc46eb0a786681284d7adbdc0f2d8e0bd5abdc448"); 
INSERT INTO Vaccination VALUES ("CAD5F779B86DACDE_1", "CAD5F779B86DACDE", "NRIGSP98C27G273N", "astrazeneca", "2021-10-09", 1); 
INSERT INTO Vaccination VALUES ("CAD5F779B86DACDE_2", "CAD5F779B86DACDE", null, null, "2022-03-13 09:00:00", 2); 

INSERT INTO Vac_User VALUES ("353270C30A8E014A","Middleton","Henson","Dunbar","2009-12-18",3,"middletonhenson@poochies.com","+39 (915) 422-3675","fragile"); 
INSERT INTO User_Credentials VALUES ("353270C30A8E014A", "96ec13d5ec40f735763e59fc46eb0a786681284d7adbdc0f2d8e0bd5abdc448"); 
INSERT INTO Vaccination VALUES ("353270C30A8E014A_1", "353270C30A8E014A", "PVGCGR99C27G273N", "janssen", "2021-09-10", 1); 
INSERT INTO Vaccination VALUES ("353270C30A8E014A_2", "353270C30A8E014A", null, null, "2022-03-14 16:00:00", 2); 

INSERT INTO Vac_User VALUES ("DEF1F5A976C52015","Figueroa","Walter","Vandiver","1986-12-28",1,"figueroawalter@poochies.com","+39 (953) 545-3898","none"); 
INSERT INTO User_Credentials VALUES ("DEF1F5A976C52015", "96ec13d5ec40f735763e59fc46eb0a786681284d7adbdc0f2d8e0bd5abdc448"); 
INSERT INTO Vaccination VALUES ("DEF1F5A976C52015_1", "DEF1F5A976C52015", "NRIGSP98C27G273N", "moderna", "2021-10-16", 1); 
INSERT INTO Vaccination VALUES ("DEF1F5A976C52015_2", "DEF1F5A976C52015", null, null, "2022-03-14 13:00:00", 2); 

INSERT INTO Vac_User VALUES ("EACF0C0807E2AF32","Good","Hays","Cloverdale","1983-01-16",1,"goodhays@poochies.com","+39 (903) 528-3413","none"); 
INSERT INTO User_Credentials VALUES ("EACF0C0807E2AF32", "96ec13d5ec40f735763e59fc46eb0a786681284d7adbdc0f2d8e0bd5abdc448"); 
INSERT INTO Vaccination VALUES ("EACF0C0807E2AF32_1", "EACF0C0807E2AF32", "LPPMRL98C27G273N", "pfizer", "2021-09-19", 1); 
INSERT INTO Vaccination VALUES ("EACF0C0807E2AF32_2", "EACF0C0807E2AF32", null, null, "2022-02-23 14:00:00", 2); 

INSERT INTO Vac_User VALUES ("2926C04660FFD722","Sabrina","Keller","Dawn","1955-03-03",1,"sabrinakeller@poochies.com","+39 (910) 535-2220","over65"); 
INSERT INTO User_Credentials VALUES ("2926C04660FFD722", "96ec13d5ec40f735763e59fc46eb0a786681284d7adbdc0f2d8e0bd5abdc448"); 
INSERT INTO Vaccination VALUES ("2926C04660FFD722_1", "2926C04660FFD722", "VCRBNC99D27G273N", "moderna", "2021-01-29", 1); 
INSERT INTO Vaccination VALUES ("2926C04660FFD722_2", "2926C04660FFD722", null, null, "2022-03-15 17:00:00", 2); 

INSERT INTO Vac_User VALUES ("0078F0B4435BB88C","Misty","Fry","Inkerman","1983-11-21",3,"mistyfry@poochies.com","+39 (820) 541-2016","over65"); 
INSERT INTO User_Credentials VALUES ("0078F0B4435BB88C", "96ec13d5ec40f735763e59fc46eb0a786681284d7adbdc0f2d8e0bd5abdc448"); 
INSERT INTO Vaccination VALUES ("0078F0B4435BB88C_1", "0078F0B4435BB88C", "LPPMRL98C27G273N", "janssen", "2021-09-15", 1); 
INSERT INTO Vaccination VALUES ("0078F0B4435BB88C_2", "0078F0B4435BB88C", null, null, "2022-03-15 12:00:00", 2); 

INSERT INTO Vac_User VALUES ("107ACF614C469F9B","Patty","Hunter","Crayne","1952-08-27",3,"pattyhunter@poochies.com","+39 (827) 578-2077","none"); 
INSERT INTO User_Credentials VALUES ("107ACF614C469F9B", "96ec13d5ec40f735763e59fc46eb0a786681284d7adbdc0f2d8e0bd5abdc448"); 
INSERT INTO Vaccination VALUES ("107ACF614C469F9B_1", "107ACF614C469F9B", "NRIGSP98C27G273N", "janssen", "2021-12-12", 1); 
INSERT INTO Vaccination VALUES ("107ACF614C469F9B_2", "107ACF614C469F9B", null, null, "2022-03-04 11:00:00", 2); 

INSERT INTO Vac_User VALUES ("1668638905C5D754","Macdonald","Baxter","Belmont","1965-12-27",2,"macdonaldbaxter@poochies.com","+39 (975) 450-3956","over65"); 
INSERT INTO User_Credentials VALUES ("1668638905C5D754", "96ec13d5ec40f735763e59fc46eb0a786681284d7adbdc0f2d8e0bd5abdc448"); 
INSERT INTO Vaccination VALUES ("1668638905C5D754_1", "1668638905C5D754", "NRIGSP98C27G273N", "moderna", "2021-12-18", 1); 
INSERT INTO Vaccination VALUES ("1668638905C5D754_2", "1668638905C5D754", null, null, "2022-03-20 12:00:00", 2); 

INSERT INTO Vac_User VALUES ("B8F04BAEDFD74D35","Mclaughlin","Contreras","Kanauga","1956-08-30",2,"mclaughlincontreras@poochies.com","+39 (890) 499-2783","none"); 
INSERT INTO User_Credentials VALUES ("B8F04BAEDFD74D35", "96ec13d5ec40f735763e59fc46eb0a786681284d7adbdc0f2d8e0bd5abdc448"); 
INSERT INTO Vaccination VALUES ("B8F04BAEDFD74D35_1", "B8F04BAEDFD74D35", "NRIGSP98C27G273N", "pfizer", "2021-08-02", 1); 
INSERT INTO Vaccination VALUES ("B8F04BAEDFD74D35_2", "B8F04BAEDFD74D35", null, null, "2022-03-17 16:00:00", 2); 

INSERT INTO Vac_User VALUES ("D5D9E8D9717EDB8F","Mayer","Guzman","Faxon","1971-07-10",3,"mayerguzman@poochies.com","+39 (903) 555-2508","none"); 
INSERT INTO User_Credentials VALUES ("D5D9E8D9717EDB8F", "96ec13d5ec40f735763e59fc46eb0a786681284d7adbdc0f2d8e0bd5abdc448"); 
INSERT INTO Vaccination VALUES ("D5D9E8D9717EDB8F_1", "D5D9E8D9717EDB8F", "VCRBNC99D27G273N", "moderna", "2021-05-14", 1); 
INSERT INTO Vaccination VALUES ("D5D9E8D9717EDB8F_2", "D5D9E8D9717EDB8F", null, null, "2022-03-07 10:00:00", 2); 

INSERT INTO Vac_User VALUES ("9C9E14CFD93477BD","Marianne","Foster","Carrsville","1948-03-07",2,"mariannefoster@poochies.com","+39 (862) 450-3559","over65"); 
INSERT INTO User_Credentials VALUES ("9C9E14CFD93477BD", "96ec13d5ec40f735763e59fc46eb0a786681284d7adbdc0f2d8e0bd5abdc448"); 
INSERT INTO Vaccination VALUES ("9C9E14CFD93477BD_1", "9C9E14CFD93477BD", "NRIGSP98C27G273N", "pfizer", "2021-09-15", 1); 
INSERT INTO Vaccination VALUES ("9C9E14CFD93477BD_2", "9C9E14CFD93477BD", null, null, "2022-03-01 12:00:00", 2); 

INSERT INTO Vac_User VALUES ("AB467EF9280646AC","Hess","Cross","Movico","1996-01-11",1,"hesscross@poochies.com","+39 (950) 575-2541","fragile"); 
INSERT INTO User_Credentials VALUES ("AB467EF9280646AC", "96ec13d5ec40f735763e59fc46eb0a786681284d7adbdc0f2d8e0bd5abdc448"); 
INSERT INTO Vaccination VALUES ("AB467EF9280646AC_1", "AB467EF9280646AC", "DCRRGG98C27G273N", "janssen", "2021-01-01", 1); 
INSERT INTO Vaccination VALUES ("AB467EF9280646AC_2", "AB467EF9280646AC", null, null, "2022-02-27 15:00:00", 2); 

INSERT INTO Vac_User VALUES ("AB2D56D5799CD44A","Moody","Case","Alden","1942-12-09",1,"moodycase@poochies.com","+39 (833) 436-2614","none"); 
INSERT INTO User_Credentials VALUES ("AB2D56D5799CD44A", "96ec13d5ec40f735763e59fc46eb0a786681284d7adbdc0f2d8e0bd5abdc448"); 
INSERT INTO Vaccination VALUES ("AB2D56D5799CD44A_1", "AB2D56D5799CD44A", "PVGCGR99C27G273N", "moderna", "2021-05-31", 1); 
INSERT INTO Vaccination VALUES ("AB2D56D5799CD44A_2", "AB2D56D5799CD44A", null, null, "2022-03-25 13:00:00", 2); 

INSERT INTO Vac_User VALUES ("8335A0DB729AB60B","Laura","Rivers","Ahwahnee","1959-05-07",3,"laurarivers@poochies.com","+39 (880) 445-3909","none"); 
INSERT INTO User_Credentials VALUES ("8335A0DB729AB60B", "96ec13d5ec40f735763e59fc46eb0a786681284d7adbdc0f2d8e0bd5abdc448"); 
INSERT INTO Vaccination VALUES ("8335A0DB729AB60B_1", "8335A0DB729AB60B", "NRIGSP98C27G273N", "pfizer", "2021-11-12", 1); 
INSERT INTO Vaccination VALUES ("8335A0DB729AB60B_2", "8335A0DB729AB60B", null, null, "2022-02-25 14:00:00", 2); 

INSERT INTO Vac_User VALUES ("28AC185992DDA61E","Zelma","Mckay","Topaz","1953-07-17",1,"zelmamckay@poochies.com","+39 (971) 576-3626","none"); 
INSERT INTO User_Credentials VALUES ("28AC185992DDA61E", "96ec13d5ec40f735763e59fc46eb0a786681284d7adbdc0f2d8e0bd5abdc448"); 
INSERT INTO Vaccination VALUES ("28AC185992DDA61E_1", "28AC185992DDA61E", "VCRBNC99D27G273N", "pfizer", "2021-05-27", 1); 
INSERT INTO Vaccination VALUES ("28AC185992DDA61E_2", "28AC185992DDA61E", null, null, "2022-03-27 12:00:00", 2); 

INSERT INTO Vac_User VALUES ("0A684412BC2936F4","Elva","Shelton","Newcastle","1961-03-11",1,"elvashelton@poochies.com","+39 (808) 574-2232","none"); 
INSERT INTO User_Credentials VALUES ("0A684412BC2936F4", "96ec13d5ec40f735763e59fc46eb0a786681284d7adbdc0f2d8e0bd5abdc448"); 
INSERT INTO Vaccination VALUES ("0A684412BC2936F4_1", "0A684412BC2936F4", "DCRRGG98C27G273N", "astrazeneca", "2021-08-23", 1); 
INSERT INTO Vaccination VALUES ("0A684412BC2936F4_2", "0A684412BC2936F4", null, null, "2022-03-17 09:00:00", 2); 

INSERT INTO Vac_User VALUES ("D324CA4E9C79E6FE","Pratt","Mendez","Morningside","1966-02-13",2,"prattmendez@poochies.com","+39 (809) 525-2349","none"); 
INSERT INTO User_Credentials VALUES ("D324CA4E9C79E6FE", "96ec13d5ec40f735763e59fc46eb0a786681284d7adbdc0f2d8e0bd5abdc448"); 
INSERT INTO Vaccination VALUES ("D324CA4E9C79E6FE_1", "D324CA4E9C79E6FE", "VCRBNC99D27G273N", "astrazeneca", "2021-09-26", 1); 
INSERT INTO Vaccination VALUES ("D324CA4E9C79E6FE_2", "D324CA4E9C79E6FE", null, null, "2022-03-25 16:00:00", 2); 

INSERT INTO Vac_User VALUES ("DFB1C5B8FD0079F6","Mccall","Sutton","Lopezo","1962-09-08",2,"mccallsutton@poochies.com","+39 (901) 410-3553","over65"); 
INSERT INTO User_Credentials VALUES ("DFB1C5B8FD0079F6", "96ec13d5ec40f735763e59fc46eb0a786681284d7adbdc0f2d8e0bd5abdc448"); 
INSERT INTO Vaccination VALUES ("DFB1C5B8FD0079F6_1", "DFB1C5B8FD0079F6", "DCRRGG98C27G273N", "pfizer", "2021-09-30", 1); 
INSERT INTO Vaccination VALUES ("DFB1C5B8FD0079F6_2", "DFB1C5B8FD0079F6", null, null, "2022-03-24 17:00:00", 2); 

INSERT INTO Vac_User VALUES ("95EE02956098E99B","Sheppard","Phelps","Rosine","1983-09-28",1,"sheppardphelps@poochies.com","+39 (869) 465-2370","over65"); 
INSERT INTO User_Credentials VALUES ("95EE02956098E99B", "96ec13d5ec40f735763e59fc46eb0a786681284d7adbdc0f2d8e0bd5abdc448"); 
INSERT INTO Vaccination VALUES ("95EE02956098E99B_1", "95EE02956098E99B", "NRIGSP98C27G273N", "moderna", "2021-01-30", 1); 
INSERT INTO Vaccination VALUES ("95EE02956098E99B_2", "95EE02956098E99B", null, null, "2022-03-27 10:00:00", 2); 

INSERT INTO Vac_User VALUES ("F2376BDFC40CBED4","Amy","Pate","Sidman","1971-03-28",2,"amypate@poochies.com","+39 (973) 420-3825","over65"); 
INSERT INTO User_Credentials VALUES ("F2376BDFC40CBED4", "96ec13d5ec40f735763e59fc46eb0a786681284d7adbdc0f2d8e0bd5abdc448"); 
INSERT INTO Vaccination VALUES ("F2376BDFC40CBED4_1", "F2376BDFC40CBED4", "NRIGSP98C27G273N", "janssen", "2021-05-03", 1); 
INSERT INTO Vaccination VALUES ("F2376BDFC40CBED4_2", "F2376BDFC40CBED4", null, null, "2022-03-29 14:00:00", 2); 

INSERT INTO Vac_User VALUES ("EC3270A53A626300","Kasey","Roach","Belgreen","1960-01-05",1,"kaseyroach@poochies.com","+39 (820) 585-2574","over65"); 
INSERT INTO User_Credentials VALUES ("EC3270A53A626300", "96ec13d5ec40f735763e59fc46eb0a786681284d7adbdc0f2d8e0bd5abdc448"); 
INSERT INTO Vaccination VALUES ("EC3270A53A626300_1", "EC3270A53A626300", "LPPMRL98C27G273N", "moderna", "2021-01-13", 1); 
INSERT INTO Vaccination VALUES ("EC3270A53A626300_2", "EC3270A53A626300", null, null, "2022-03-19 12:00:00", 2); 

INSERT INTO Vac_User VALUES ("6F9BE33553DC0805","Sophia","French","Hiseville","1984-04-06",3,"sophiafrench@poochies.com","+39 (908) 461-2702","none"); 
INSERT INTO User_Credentials VALUES ("6F9BE33553DC0805", "96ec13d5ec40f735763e59fc46eb0a786681284d7adbdc0f2d8e0bd5abdc448"); 
INSERT INTO Vaccination VALUES ("6F9BE33553DC0805_1", "6F9BE33553DC0805", "NRIGSP98C27G273N", "janssen", "2021-02-24", 1); 
INSERT INTO Vaccination VALUES ("6F9BE33553DC0805_2", "6F9BE33553DC0805", null, null, "2022-03-29 18:00:00", 2); 

INSERT INTO Vac_User VALUES ("4F2FB85A147A437A","Abby","Mercado","Imperial","1947-09-26",1,"abbymercado@poochies.com","+39 (909) 506-3545","fragile"); 
INSERT INTO User_Credentials VALUES ("4F2FB85A147A437A", "96ec13d5ec40f735763e59fc46eb0a786681284d7adbdc0f2d8e0bd5abdc448"); 
INSERT INTO Vaccination VALUES ("4F2FB85A147A437A_1", "4F2FB85A147A437A", "VCRBNC99D27G273N", "janssen", "2021-01-25", 1); 
INSERT INTO Vaccination VALUES ("4F2FB85A147A437A_2", "4F2FB85A147A437A", null, null, "2022-03-04 13:00:00", 2); 

INSERT INTO Vac_User VALUES ("68060981C9337474","Dominique","Sears","Somerset","1961-09-29",1,"dominiquesears@poochies.com","+39 (929) 550-2991","over65"); 
INSERT INTO User_Credentials VALUES ("68060981C9337474", "96ec13d5ec40f735763e59fc46eb0a786681284d7adbdc0f2d8e0bd5abdc448"); 
INSERT INTO Vaccination VALUES ("68060981C9337474_1", "68060981C9337474", "LPPMRL98C27G273N", "janssen", "2021-07-03", 1); 
INSERT INTO Vaccination VALUES ("68060981C9337474_2", "68060981C9337474", null, null, "2022-02-26 10:00:00", 2); 

INSERT INTO Vac_User VALUES ("D67B2A879D5B757F","Yvonne","Wood","Gibsonia","1990-01-10",2,"yvonnewood@poochies.com","+39 (949) 596-2672","fragile"); 
INSERT INTO User_Credentials VALUES ("D67B2A879D5B757F", "96ec13d5ec40f735763e59fc46eb0a786681284d7adbdc0f2d8e0bd5abdc448"); 
INSERT INTO Vaccination VALUES ("D67B2A879D5B757F_1", "D67B2A879D5B757F", "NRIGSP98C27G273N", "janssen", "2021-09-11", 1); 
INSERT INTO Vaccination VALUES ("D67B2A879D5B757F_2", "D67B2A879D5B757F", null, null, "2022-03-18 15:00:00", 2); 

INSERT INTO Vac_User VALUES ("21A850B8584C961C","Stewart","Rowland","Windsor","1988-03-21",2,"stewartrowland@poochies.com","+39 (814) 443-3717","over65"); 
INSERT INTO User_Credentials VALUES ("21A850B8584C961C", "96ec13d5ec40f735763e59fc46eb0a786681284d7adbdc0f2d8e0bd5abdc448"); 
INSERT INTO Vaccination VALUES ("21A850B8584C961C_1", "21A850B8584C961C", "VCRBNC99D27G273N", "astrazeneca", "2021-10-16", 1); 
INSERT INTO Vaccination VALUES ("21A850B8584C961C_2", "21A850B8584C961C", null, null, "2022-03-06 11:00:00", 2); 

INSERT INTO Vac_User VALUES ("90D5FBBBFA3E4EF9","Obrien","Montoya","Beaverdale","1954-11-27",3,"obrienmontoya@poochies.com","+39 (868) 423-2644","none"); 
INSERT INTO User_Credentials VALUES ("90D5FBBBFA3E4EF9", "96ec13d5ec40f735763e59fc46eb0a786681284d7adbdc0f2d8e0bd5abdc448"); 
INSERT INTO Vaccination VALUES ("90D5FBBBFA3E4EF9_1", "90D5FBBBFA3E4EF9", "VCRBNC99D27G273N", "moderna", "2021-05-29", 1); 
INSERT INTO Vaccination VALUES ("90D5FBBBFA3E4EF9_2", "90D5FBBBFA3E4EF9", null, null, "2022-03-05 13:00:00", 2); 

INSERT INTO Vac_User VALUES ("966FFC272F401140","Lupe","Matthews","Wheaton","1980-02-09",3,"lupematthews@poochies.com","+39 (874) 581-2447","over65"); 
INSERT INTO User_Credentials VALUES ("966FFC272F401140", "96ec13d5ec40f735763e59fc46eb0a786681284d7adbdc0f2d8e0bd5abdc448"); 
INSERT INTO Vaccination VALUES ("966FFC272F401140_1", "966FFC272F401140", "DCRRGG98C27G273N", "moderna", "2021-05-14", 1); 
INSERT INTO Vaccination VALUES ("966FFC272F401140_2", "966FFC272F401140", null, null, "2022-03-02 15:00:00", 2); 

INSERT INTO Vac_User VALUES ("99EAF94CAFCC1A0D","Alma","Beasley","Cuylerville","1946-12-04",3,"almabeasley@poochies.com","+39 (943) 576-3786","over65"); 
INSERT INTO User_Credentials VALUES ("99EAF94CAFCC1A0D", "96ec13d5ec40f735763e59fc46eb0a786681284d7adbdc0f2d8e0bd5abdc448"); 
INSERT INTO Vaccination VALUES ("99EAF94CAFCC1A0D_1", "99EAF94CAFCC1A0D", "PVGCGR99C27G273N", "astrazeneca", "2021-02-27", 1); 
INSERT INTO Vaccination VALUES ("99EAF94CAFCC1A0D_2", "99EAF94CAFCC1A0D", null, null, "2022-03-29 17:00:00", 2); 

INSERT INTO Vac_User VALUES ("3A5139464F346027","Lane","Lester","Delshire","1972-02-04",3,"lanelester@poochies.com","+39 (910) 569-3749","none"); 
INSERT INTO User_Credentials VALUES ("3A5139464F346027", "96ec13d5ec40f735763e59fc46eb0a786681284d7adbdc0f2d8e0bd5abdc448"); 
INSERT INTO Vaccination VALUES ("3A5139464F346027_1", "3A5139464F346027", "PVGCGR99C27G273N", "moderna", "2021-09-12", 1); 
INSERT INTO Vaccination VALUES ("3A5139464F346027_2", "3A5139464F346027", null, null, "2022-02-24 13:00:00", 2); 

INSERT INTO Vac_User VALUES ("2B32A675FCC819C6","Valencia","Newman","Durham","1966-08-09",2,"valencianewman@poochies.com","+39 (926) 463-3245","none"); 
INSERT INTO User_Credentials VALUES ("2B32A675FCC819C6", "96ec13d5ec40f735763e59fc46eb0a786681284d7adbdc0f2d8e0bd5abdc448"); 
INSERT INTO Vaccination VALUES ("2B32A675FCC819C6_1", "2B32A675FCC819C6", "PVGCGR99C27G273N", "pfizer", "2021-11-05", 1); 
INSERT INTO Vaccination VALUES ("2B32A675FCC819C6_2", "2B32A675FCC819C6", null, null, "2022-03-05 11:00:00", 2); 

INSERT INTO Vac_User VALUES ("1FB326EF77FB55CC","Leanna","Delgado","Ribera","2008-12-18",3,"leannadelgado@poochies.com","+39 (862) 577-2792","over65"); 
INSERT INTO User_Credentials VALUES ("1FB326EF77FB55CC", "96ec13d5ec40f735763e59fc46eb0a786681284d7adbdc0f2d8e0bd5abdc448"); 
INSERT INTO Vaccination VALUES ("1FB326EF77FB55CC_1", "1FB326EF77FB55CC", "PVGCGR99C27G273N", "astrazeneca", "2021-04-09", 1); 
INSERT INTO Vaccination VALUES ("1FB326EF77FB55CC_2", "1FB326EF77FB55CC", null, null, "2022-03-21 16:00:00", 2); 

INSERT INTO Vac_User VALUES ("5BE875DD9BCB94DD","Lawson","Weeks","Summerfield","2002-08-30",3,"lawsonweeks@poochies.com","+39 (838) 439-2370","over65"); 
INSERT INTO User_Credentials VALUES ("5BE875DD9BCB94DD", "96ec13d5ec40f735763e59fc46eb0a786681284d7adbdc0f2d8e0bd5abdc448"); 
INSERT INTO Vaccination VALUES ("5BE875DD9BCB94DD_1", "5BE875DD9BCB94DD", "PVGCGR99C27G273N", "moderna", "2021-08-07", 1); 
INSERT INTO Vaccination VALUES ("5BE875DD9BCB94DD_2", "5BE875DD9BCB94DD", null, null, "2022-03-21 15:00:00", 2); 

INSERT INTO Vac_User VALUES ("41C33E8371C798E2","Goldie","Sanders","Cornucopia","1953-04-15",1,"goldiesanders@poochies.com","+39 (830) 591-2093","over65"); 
INSERT INTO User_Credentials VALUES ("41C33E8371C798E2", "96ec13d5ec40f735763e59fc46eb0a786681284d7adbdc0f2d8e0bd5abdc448"); 
INSERT INTO Vaccination VALUES ("41C33E8371C798E2_1", "41C33E8371C798E2", "DCRRGG98C27G273N", "janssen", "2021-12-18", 1); 
INSERT INTO Vaccination VALUES ("41C33E8371C798E2_2", "41C33E8371C798E2", null, null, "2022-03-10 11:00:00", 2); 

INSERT INTO Vac_User VALUES ("70048BB0AC9D5C37","Imogene","Stevenson","Sharon","1965-09-06",1,"imogenestevenson@poochies.com","+39 (976) 576-2114","fragile"); 
INSERT INTO User_Credentials VALUES ("70048BB0AC9D5C37", "96ec13d5ec40f735763e59fc46eb0a786681284d7adbdc0f2d8e0bd5abdc448"); 
INSERT INTO Vaccination VALUES ("70048BB0AC9D5C37_1", "70048BB0AC9D5C37", "LPPMRL98C27G273N", "janssen", "2021-01-05", 1); 
INSERT INTO Vaccination VALUES ("70048BB0AC9D5C37_2", "70048BB0AC9D5C37", null, null, "2022-03-18 16:00:00", 2); 

INSERT INTO Vac_User VALUES ("9CD9ACD0DE87C6FB","Katina","Bradford","Swartzville","1981-06-15",1,"katinabradford@poochies.com","+39 (861) 483-2056","over65"); 
INSERT INTO User_Credentials VALUES ("9CD9ACD0DE87C6FB", "96ec13d5ec40f735763e59fc46eb0a786681284d7adbdc0f2d8e0bd5abdc448"); 
INSERT INTO Vaccination VALUES ("9CD9ACD0DE87C6FB_1", "9CD9ACD0DE87C6FB", "DCRRGG98C27G273N", "astrazeneca", "2021-05-15", 1); 
INSERT INTO Vaccination VALUES ("9CD9ACD0DE87C6FB_2", "9CD9ACD0DE87C6FB", null, null, "2022-03-21 14:00:00", 2); 

INSERT INTO Vac_User VALUES ("1233C2A7B9189DDD","Navarro","Kent","Fivepointville","1962-05-06",1,"navarrokent@poochies.com","+39 (832) 548-3862","fragile"); 
INSERT INTO User_Credentials VALUES ("1233C2A7B9189DDD", "96ec13d5ec40f735763e59fc46eb0a786681284d7adbdc0f2d8e0bd5abdc448"); 
INSERT INTO Vaccination VALUES ("1233C2A7B9189DDD_1", "1233C2A7B9189DDD", "VCRBNC99D27G273N", "pfizer", "2021-03-23", 1); 
INSERT INTO Vaccination VALUES ("1233C2A7B9189DDD_2", "1233C2A7B9189DDD", null, null, "2022-03-03 18:00:00", 2); 

INSERT INTO Vac_User VALUES ("4471D41225EE537F","Stephens","Leblanc","Lithium","1977-12-11",2,"stephensleblanc@poochies.com","+39 (984) 499-2010","none"); 
INSERT INTO User_Credentials VALUES ("4471D41225EE537F", "96ec13d5ec40f735763e59fc46eb0a786681284d7adbdc0f2d8e0bd5abdc448"); 
INSERT INTO Vaccination VALUES ("4471D41225EE537F_1", "4471D41225EE537F", "VCRBNC99D27G273N", "moderna", "2021-07-07", 1); 
INSERT INTO Vaccination VALUES ("4471D41225EE537F_2", "4471D41225EE537F", null, null, "2022-03-12 10:00:00", 2); 

INSERT INTO Vac_User VALUES ("6AE7DA2B06E07051","Morales","Sims","Virgie","1973-02-14",1,"moralessims@poochies.com","+39 (809) 531-2337","fragile"); 
INSERT INTO User_Credentials VALUES ("6AE7DA2B06E07051", "96ec13d5ec40f735763e59fc46eb0a786681284d7adbdc0f2d8e0bd5abdc448"); 
INSERT INTO Vaccination VALUES ("6AE7DA2B06E07051_1", "6AE7DA2B06E07051", "PVGCGR99C27G273N", "moderna", "2021-08-08", 1); 
INSERT INTO Vaccination VALUES ("6AE7DA2B06E07051_2", "6AE7DA2B06E07051", null, null, "2022-03-12 18:00:00", 2); 

INSERT INTO Vac_User VALUES ("DCF2D1BA742F4595","Esperanza","Flynn","Enetai","1992-01-12",3,"esperanzaflynn@poochies.com","+39 (912) 532-3439","over65"); 
INSERT INTO User_Credentials VALUES ("DCF2D1BA742F4595", "96ec13d5ec40f735763e59fc46eb0a786681284d7adbdc0f2d8e0bd5abdc448"); 
INSERT INTO Vaccination VALUES ("DCF2D1BA742F4595_1", "DCF2D1BA742F4595", "PVGCGR99C27G273N", "janssen", "2021-10-22", 1); 
INSERT INTO Vaccination VALUES ("DCF2D1BA742F4595_2", "DCF2D1BA742F4595", null, null, "2022-03-20 17:00:00", 2); 

INSERT INTO Vac_User VALUES ("5E89773DCAD859F9","Henderson","Melton","Courtland","2002-04-30",3,"hendersonmelton@poochies.com","+39 (949) 434-3705","none"); 
INSERT INTO User_Credentials VALUES ("5E89773DCAD859F9", "96ec13d5ec40f735763e59fc46eb0a786681284d7adbdc0f2d8e0bd5abdc448"); 
INSERT INTO Vaccination VALUES ("5E89773DCAD859F9_1", "5E89773DCAD859F9", "DCRRGG98C27G273N", "astrazeneca", "2021-01-24", 1); 
INSERT INTO Vaccination VALUES ("5E89773DCAD859F9_2", "5E89773DCAD859F9", null, null, "2022-03-23 13:00:00", 2); 

INSERT INTO Vac_User VALUES ("FEFDB413012D2D28","Horton","Hodge","Suitland","1970-10-31",1,"hortonhodge@poochies.com","+39 (850) 507-3687","none"); 
INSERT INTO User_Credentials VALUES ("FEFDB413012D2D28", "96ec13d5ec40f735763e59fc46eb0a786681284d7adbdc0f2d8e0bd5abdc448"); 
INSERT INTO Vaccination VALUES ("FEFDB413012D2D28_1", "FEFDB413012D2D28", "NRIGSP98C27G273N", "pfizer", "2021-08-27", 1); 
INSERT INTO Vaccination VALUES ("FEFDB413012D2D28_2", "FEFDB413012D2D28", null, null, "2022-03-02 17:00:00", 2); 

INSERT INTO Vac_User VALUES ("A10E71391D2ABCAE","Little","Perkins","Harmon","1962-08-20",3,"littleperkins@poochies.com","+39 (876) 518-2880","fragile"); 
INSERT INTO User_Credentials VALUES ("A10E71391D2ABCAE", "96ec13d5ec40f735763e59fc46eb0a786681284d7adbdc0f2d8e0bd5abdc448"); 
INSERT INTO Vaccination VALUES ("A10E71391D2ABCAE_1", "A10E71391D2ABCAE", "NRIGSP98C27G273N", "janssen", "2021-09-14", 1); 
INSERT INTO Vaccination VALUES ("A10E71391D2ABCAE_2", "A10E71391D2ABCAE", null, null, "2022-03-22 13:00:00", 2); 

INSERT INTO Vac_User VALUES ("FA72950F5A12596B","Tina","Spencer","Goochland","1964-11-16",3,"tinaspencer@poochies.com","+39 (896) 416-2423","none"); 
INSERT INTO User_Credentials VALUES ("FA72950F5A12596B", "96ec13d5ec40f735763e59fc46eb0a786681284d7adbdc0f2d8e0bd5abdc448"); 
INSERT INTO Vaccination VALUES ("FA72950F5A12596B_1", "FA72950F5A12596B", "DCRRGG98C27G273N", "pfizer", "2021-05-28", 1); 
INSERT INTO Vaccination VALUES ("FA72950F5A12596B_2", "FA72950F5A12596B", null, null, "2022-03-25 17:00:00", 2); 

INSERT INTO Vac_User VALUES ("B46822B2A7088723","Abigail","Vaughn","Makena","1954-10-04",3,"abigailvaughn@poochies.com","+39 (977) 503-3546","none"); 
INSERT INTO User_Credentials VALUES ("B46822B2A7088723", "96ec13d5ec40f735763e59fc46eb0a786681284d7adbdc0f2d8e0bd5abdc448"); 
INSERT INTO Vaccination VALUES ("B46822B2A7088723_1", "B46822B2A7088723", "LPPMRL98C27G273N", "astrazeneca", "2021-05-10", 1); 
INSERT INTO Vaccination VALUES ("B46822B2A7088723_2", "B46822B2A7088723", null, null, "2022-03-01 11:00:00", 2); 

INSERT INTO Vac_User VALUES ("527E93D3C9D8847D","Holcomb","Castaneda","Nettie","1966-11-04",1,"holcombcastaneda@poochies.com","+39 (809) 502-3108","over65"); 
INSERT INTO User_Credentials VALUES ("527E93D3C9D8847D", "96ec13d5ec40f735763e59fc46eb0a786681284d7adbdc0f2d8e0bd5abdc448"); 
INSERT INTO Vaccination VALUES ("527E93D3C9D8847D_1", "527E93D3C9D8847D", "DCRRGG98C27G273N", "astrazeneca", "2021-11-07", 1); 
INSERT INTO Vaccination VALUES ("527E93D3C9D8847D_2", "527E93D3C9D8847D", null, null, "2022-03-16 10:00:00", 2); 

INSERT INTO Vac_User VALUES ("FC6A94514791CEF1","Callie","Barnes","Muir","1970-06-28",2,"calliebarnes@poochies.com","+39 (900) 523-3965","none"); 
INSERT INTO User_Credentials VALUES ("FC6A94514791CEF1", "96ec13d5ec40f735763e59fc46eb0a786681284d7adbdc0f2d8e0bd5abdc448"); 
INSERT INTO Vaccination VALUES ("FC6A94514791CEF1_1", "FC6A94514791CEF1", "LPPMRL98C27G273N", "moderna", "2021-10-14", 1); 
INSERT INTO Vaccination VALUES ("FC6A94514791CEF1_2", "FC6A94514791CEF1", null, null, "2022-02-27 09:00:00", 2); 

INSERT INTO Vac_User VALUES ("81011C4B1E67BA57","Kara","Stewart","Clarence","1965-12-06",2,"karastewart@poochies.com","+39 (807) 535-3329","over65"); 
INSERT INTO User_Credentials VALUES ("81011C4B1E67BA57", "96ec13d5ec40f735763e59fc46eb0a786681284d7adbdc0f2d8e0bd5abdc448"); 
INSERT INTO Vaccination VALUES ("81011C4B1E67BA57_1", "81011C4B1E67BA57", "VCRBNC99D27G273N", "moderna", "2021-01-23", 1); 
INSERT INTO Vaccination VALUES ("81011C4B1E67BA57_2", "81011C4B1E67BA57", null, null, "2022-03-09 13:00:00", 2); 

INSERT INTO Vac_User VALUES ("A38A849ED74BAEB5","Lelia","Acosta","Calvary","1975-12-04",2,"leliaacosta@poochies.com","+39 (922) 528-3723","fragile"); 
INSERT INTO User_Credentials VALUES ("A38A849ED74BAEB5", "96ec13d5ec40f735763e59fc46eb0a786681284d7adbdc0f2d8e0bd5abdc448"); 
INSERT INTO Vaccination VALUES ("A38A849ED74BAEB5_1", "A38A849ED74BAEB5", "DCRRGG98C27G273N", "janssen", "2021-07-18", 1); 
INSERT INTO Vaccination VALUES ("A38A849ED74BAEB5_2", "A38A849ED74BAEB5", null, null, "2022-03-27 12:00:00", 2); 

INSERT INTO Vac_User VALUES ("7CC325C842386C93","Maureen","Fisher","Finderne","2009-12-03",2,"maureenfisher@poochies.com","+39 (871) 562-3751","over65"); 
INSERT INTO User_Credentials VALUES ("7CC325C842386C93", "96ec13d5ec40f735763e59fc46eb0a786681284d7adbdc0f2d8e0bd5abdc448"); 
INSERT INTO Vaccination VALUES ("7CC325C842386C93_1", "7CC325C842386C93", "VCRBNC99D27G273N", "astrazeneca", "2021-01-13", 1); 
INSERT INTO Vaccination VALUES ("7CC325C842386C93_2", "7CC325C842386C93", null, null, "2022-03-10 11:00:00", 2); 

INSERT INTO Vac_User VALUES ("D004DE49F381AA01","Cathleen","Sharpe","Rehrersburg","1967-10-13",1,"cathleensharpe@poochies.com","+39 (932) 504-2271","over65"); 
INSERT INTO User_Credentials VALUES ("D004DE49F381AA01", "96ec13d5ec40f735763e59fc46eb0a786681284d7adbdc0f2d8e0bd5abdc448"); 
INSERT INTO Vaccination VALUES ("D004DE49F381AA01_1", "D004DE49F381AA01", "PVGCGR99C27G273N", "janssen", "2021-03-24", 1); 
INSERT INTO Vaccination VALUES ("D004DE49F381AA01_2", "D004DE49F381AA01", null, null, "2022-03-13 10:00:00", 2); 

INSERT INTO Vac_User VALUES ("DDC66F718D9CCADB","Esmeralda","Bowman","Klondike","2005-10-29",3,"esmeraldabowman@poochies.com","+39 (866) 538-2087","over65"); 
INSERT INTO User_Credentials VALUES ("DDC66F718D9CCADB", "96ec13d5ec40f735763e59fc46eb0a786681284d7adbdc0f2d8e0bd5abdc448"); 
INSERT INTO Vaccination VALUES ("DDC66F718D9CCADB_1", "DDC66F718D9CCADB", "DCRRGG98C27G273N", "janssen", "2021-03-29", 1); 
INSERT INTO Vaccination VALUES ("DDC66F718D9CCADB_2", "DDC66F718D9CCADB", null, null, "2022-03-07 11:00:00", 2); 

INSERT INTO Vac_User VALUES ("77F560E47041F28F","Spencer","Kramer","Draper","1952-11-30",3,"spencerkramer@poochies.com","+39 (804) 559-2785","none"); 
INSERT INTO User_Credentials VALUES ("77F560E47041F28F", "96ec13d5ec40f735763e59fc46eb0a786681284d7adbdc0f2d8e0bd5abdc448"); 
INSERT INTO Vaccination VALUES ("77F560E47041F28F_1", "77F560E47041F28F", "NRIGSP98C27G273N", "pfizer", "2021-01-15", 1); 
INSERT INTO Vaccination VALUES ("77F560E47041F28F_2", "77F560E47041F28F", null, null, "2022-03-23 11:00:00", 2); 

INSERT INTO Vac_User VALUES ("002A7718A8F2CE15","Glenn","Roy","Sunwest","1963-04-30",3,"glennroy@poochies.com","+39 (832) 551-2619","fragile"); 
INSERT INTO User_Credentials VALUES ("002A7718A8F2CE15", "96ec13d5ec40f735763e59fc46eb0a786681284d7adbdc0f2d8e0bd5abdc448"); 
INSERT INTO Vaccination VALUES ("002A7718A8F2CE15_1", "002A7718A8F2CE15", "LPPMRL98C27G273N", "pfizer", "2021-06-18", 1); 
INSERT INTO Vaccination VALUES ("002A7718A8F2CE15_2", "002A7718A8F2CE15", null, null, "2022-03-10 17:00:00", 2); 

INSERT INTO Vac_User VALUES ("78497D4A1E3F51F5","Hendrix","Alston","Coultervillle","1983-07-15",2,"hendrixalston@poochies.com","+39 (932) 499-3420","over65"); 
INSERT INTO User_Credentials VALUES ("78497D4A1E3F51F5", "96ec13d5ec40f735763e59fc46eb0a786681284d7adbdc0f2d8e0bd5abdc448"); 
INSERT INTO Vaccination VALUES ("78497D4A1E3F51F5_1", "78497D4A1E3F51F5", "DCRRGG98C27G273N", "moderna", "2021-04-21", 1); 
INSERT INTO Vaccination VALUES ("78497D4A1E3F51F5_2", "78497D4A1E3F51F5", null, null, "2022-03-01 16:00:00", 2); 

INSERT INTO Vac_User VALUES ("D33CC61B87D40709","Craig","Hayes","Kent","1962-08-30",2,"craighayes@poochies.com","+39 (966) 505-2005","none"); 
INSERT INTO User_Credentials VALUES ("D33CC61B87D40709", "96ec13d5ec40f735763e59fc46eb0a786681284d7adbdc0f2d8e0bd5abdc448"); 
INSERT INTO Vaccination VALUES ("D33CC61B87D40709_1", "D33CC61B87D40709", "LPPMRL98C27G273N", "pfizer", "2021-07-07", 1); 
INSERT INTO Vaccination VALUES ("D33CC61B87D40709_2", "D33CC61B87D40709", null, null, "2022-03-03 09:00:00", 2); 

INSERT INTO Vac_User VALUES ("C9DC73FA668F6ACD","Nicole","Rogers","Steinhatchee","1953-07-17",1,"nicolerogers@poochies.com","+39 (882) 532-3538","over65"); 
INSERT INTO User_Credentials VALUES ("C9DC73FA668F6ACD", "96ec13d5ec40f735763e59fc46eb0a786681284d7adbdc0f2d8e0bd5abdc448"); 
INSERT INTO Vaccination VALUES ("C9DC73FA668F6ACD_1", "C9DC73FA668F6ACD", "DCRRGG98C27G273N", "pfizer", "2021-01-19", 1); 
INSERT INTO Vaccination VALUES ("C9DC73FA668F6ACD_2", "C9DC73FA668F6ACD", null, null, "2022-03-09 16:00:00", 2); 

INSERT INTO Vac_User VALUES ("C859A7169B0F77C0","Byrd","Curtis","Jennings","2004-12-11",2,"byrdcurtis@poochies.com","+39 (997) 578-2213","over65"); 
INSERT INTO User_Credentials VALUES ("C859A7169B0F77C0", "96ec13d5ec40f735763e59fc46eb0a786681284d7adbdc0f2d8e0bd5abdc448"); 
INSERT INTO Vaccination VALUES ("C859A7169B0F77C0_1", "C859A7169B0F77C0", "VCRBNC99D27G273N", "pfizer", "2021-12-08", 1); 
INSERT INTO Vaccination VALUES ("C859A7169B0F77C0_2", "C859A7169B0F77C0", null, null, "2022-03-11 18:00:00", 2); 

INSERT INTO Vac_User VALUES ("9AB0484A91820FC0","Bianca","Gonzales","Delwood","1945-12-18",3,"biancagonzales@poochies.com","+39 (803) 516-2720","none"); 
INSERT INTO User_Credentials VALUES ("9AB0484A91820FC0", "96ec13d5ec40f735763e59fc46eb0a786681284d7adbdc0f2d8e0bd5abdc448"); 
INSERT INTO Vaccination VALUES ("9AB0484A91820FC0_1", "9AB0484A91820FC0", "VCRBNC99D27G273N", "astrazeneca", "2021-08-14", 1); 
INSERT INTO Vaccination VALUES ("9AB0484A91820FC0_2", "9AB0484A91820FC0", null, null, "2022-03-17 12:00:00", 2); 

INSERT INTO Vac_User VALUES ("0F234A2EBA15E5A2","Osborn","Larsen","Baden","1947-03-29",3,"osbornlarsen@poochies.com","+39 (808) 450-2989","fragile"); 
INSERT INTO User_Credentials VALUES ("0F234A2EBA15E5A2", "96ec13d5ec40f735763e59fc46eb0a786681284d7adbdc0f2d8e0bd5abdc448"); 
INSERT INTO Vaccination VALUES ("0F234A2EBA15E5A2_1", "0F234A2EBA15E5A2", "LPPMRL98C27G273N", "astrazeneca", "2021-11-12", 1); 
INSERT INTO Vaccination VALUES ("0F234A2EBA15E5A2_2", "0F234A2EBA15E5A2", null, null, "2022-03-04 09:00:00", 2); 

INSERT INTO Vac_User VALUES ("2D1DBA7624FBD2E3","Waller","England","Kirk","1976-06-06",1,"wallerengland@poochies.com","+39 (827) 572-3710","fragile"); 
INSERT INTO User_Credentials VALUES ("2D1DBA7624FBD2E3", "96ec13d5ec40f735763e59fc46eb0a786681284d7adbdc0f2d8e0bd5abdc448"); 
INSERT INTO Vaccination VALUES ("2D1DBA7624FBD2E3_1", "2D1DBA7624FBD2E3", "PVGCGR99C27G273N", "pfizer", "2021-12-21", 1); 
INSERT INTO Vaccination VALUES ("2D1DBA7624FBD2E3_2", "2D1DBA7624FBD2E3", null, null, "2022-03-12 16:00:00", 2); 

INSERT INTO Vac_User VALUES ("C175ADA4ED69B35C","Conner","Sparks","Cotopaxi","1987-03-21",1,"connersparks@poochies.com","+39 (988) 501-3933","none"); 
INSERT INTO User_Credentials VALUES ("C175ADA4ED69B35C", "96ec13d5ec40f735763e59fc46eb0a786681284d7adbdc0f2d8e0bd5abdc448"); 
INSERT INTO Vaccination VALUES ("C175ADA4ED69B35C_1", "C175ADA4ED69B35C", "NRIGSP98C27G273N", "astrazeneca", "2021-11-23", 1); 
INSERT INTO Vaccination VALUES ("C175ADA4ED69B35C_2", "C175ADA4ED69B35C", null, null, "2022-02-27 17:00:00", 2); 

INSERT INTO Vac_User VALUES ("B2D22DD4D3C65710","Sheila","Greer","Cowiche","1942-05-24",2,"sheilagreer@poochies.com","+39 (916) 581-3952","fragile"); 
INSERT INTO User_Credentials VALUES ("B2D22DD4D3C65710", "96ec13d5ec40f735763e59fc46eb0a786681284d7adbdc0f2d8e0bd5abdc448"); 
INSERT INTO Vaccination VALUES ("B2D22DD4D3C65710_1", "B2D22DD4D3C65710", "NRIGSP98C27G273N", "astrazeneca", "2021-04-11", 1); 
INSERT INTO Vaccination VALUES ("B2D22DD4D3C65710_2", "B2D22DD4D3C65710", null, null, "2022-03-10 13:00:00", 2); 

INSERT INTO Vac_User VALUES ("8C54F196C1BB67C3","Crawford","Burke","Crumpler","1950-09-13",1,"crawfordburke@poochies.com","+39 (808) 589-2911","over65"); 
INSERT INTO User_Credentials VALUES ("8C54F196C1BB67C3", "96ec13d5ec40f735763e59fc46eb0a786681284d7adbdc0f2d8e0bd5abdc448"); 
INSERT INTO Vaccination VALUES ("8C54F196C1BB67C3_1", "8C54F196C1BB67C3", "PVGCGR99C27G273N", "astrazeneca", "2021-06-06", 1); 
INSERT INTO Vaccination VALUES ("8C54F196C1BB67C3_2", "8C54F196C1BB67C3", null, null, "2022-03-04 17:00:00", 2); 

INSERT INTO Vac_User VALUES ("A06F0BA4E3B3680B","Tate","Griffin","Rossmore","1997-11-02",3,"tategriffin@poochies.com","+39 (966) 544-3867","none"); 
INSERT INTO User_Credentials VALUES ("A06F0BA4E3B3680B", "96ec13d5ec40f735763e59fc46eb0a786681284d7adbdc0f2d8e0bd5abdc448"); 
INSERT INTO Vaccination VALUES ("A06F0BA4E3B3680B_1", "A06F0BA4E3B3680B", "PVGCGR99C27G273N", "janssen", "2021-08-07", 1); 
INSERT INTO Vaccination VALUES ("A06F0BA4E3B3680B_2", "A06F0BA4E3B3680B", null, null, "2022-02-25 17:00:00", 2); 

INSERT INTO Vac_User VALUES ("33458152C6B95485","Meyers","Butler","Bedias","1986-04-29",1,"meyersbutler@poochies.com","+39 (882) 481-2812","fragile"); 
INSERT INTO User_Credentials VALUES ("33458152C6B95485", "96ec13d5ec40f735763e59fc46eb0a786681284d7adbdc0f2d8e0bd5abdc448"); 
INSERT INTO Vaccination VALUES ("33458152C6B95485_1", "33458152C6B95485", "PVGCGR99C27G273N", "astrazeneca", "2021-04-05", 1); 
INSERT INTO Vaccination VALUES ("33458152C6B95485_2", "33458152C6B95485", null, null, "2022-03-16 11:00:00", 2); 

INSERT INTO Vac_User VALUES ("6F86F7258AD27DAD","Cruz","Holder","Strykersville","1980-12-18",2,"cruzholder@poochies.com","+39 (961) 533-3490","over65"); 
INSERT INTO User_Credentials VALUES ("6F86F7258AD27DAD", "96ec13d5ec40f735763e59fc46eb0a786681284d7adbdc0f2d8e0bd5abdc448"); 
INSERT INTO Vaccination VALUES ("6F86F7258AD27DAD_1", "6F86F7258AD27DAD", "PVGCGR99C27G273N", "astrazeneca", "2021-02-19", 1); 
INSERT INTO Vaccination VALUES ("6F86F7258AD27DAD_2", "6F86F7258AD27DAD", null, null, "2022-03-28 09:00:00", 2); 

INSERT INTO Vac_User VALUES ("A3DE92475A156D86","Randolph","Jordan","Lisco","1945-01-18",2,"randolphjordan@poochies.com","+39 (885) 531-2503","none"); 
INSERT INTO User_Credentials VALUES ("A3DE92475A156D86", "96ec13d5ec40f735763e59fc46eb0a786681284d7adbdc0f2d8e0bd5abdc448"); 
INSERT INTO Vaccination VALUES ("A3DE92475A156D86_1", "A3DE92475A156D86", "NRIGSP98C27G273N", "janssen", "2021-01-21", 1); 
INSERT INTO Vaccination VALUES ("A3DE92475A156D86_2", "A3DE92475A156D86", null, null, "2022-03-06 15:00:00", 2); 

INSERT INTO Vac_User VALUES ("AED64773E3CCCB4E","Stefanie","Mcmahon","Brownsville","1966-09-19",2,"stefaniemcmahon@poochies.com","+39 (943) 436-2960","fragile"); 
INSERT INTO User_Credentials VALUES ("AED64773E3CCCB4E", "96ec13d5ec40f735763e59fc46eb0a786681284d7adbdc0f2d8e0bd5abdc448"); 
INSERT INTO Vaccination VALUES ("AED64773E3CCCB4E_1", "AED64773E3CCCB4E", "LPPMRL98C27G273N", "pfizer", "2021-03-27", 1); 
INSERT INTO Vaccination VALUES ("AED64773E3CCCB4E_2", "AED64773E3CCCB4E", null, null, "2022-02-26 11:00:00", 2); 

INSERT INTO Vac_User VALUES ("46F80F0382534BFC","Mays","Schmidt","Camas","1981-02-12",1,"maysschmidt@poochies.com","+39 (885) 554-3949","fragile"); 
INSERT INTO User_Credentials VALUES ("46F80F0382534BFC", "96ec13d5ec40f735763e59fc46eb0a786681284d7adbdc0f2d8e0bd5abdc448"); 
INSERT INTO Vaccination VALUES ("46F80F0382534BFC_1", "46F80F0382534BFC", "PVGCGR99C27G273N", "astrazeneca", "2021-01-25", 1); 
INSERT INTO Vaccination VALUES ("46F80F0382534BFC_2", "46F80F0382534BFC", null, null, "2022-03-17 14:00:00", 2); 

INSERT INTO Vac_User VALUES ("2FA4AF65B26778E3","Edna","Chandler","Watrous","1977-03-04",2,"ednachandler@poochies.com","+39 (907) 514-3603","fragile"); 
INSERT INTO User_Credentials VALUES ("2FA4AF65B26778E3", "96ec13d5ec40f735763e59fc46eb0a786681284d7adbdc0f2d8e0bd5abdc448"); 
INSERT INTO Vaccination VALUES ("2FA4AF65B26778E3_1", "2FA4AF65B26778E3", "NRIGSP98C27G273N", "janssen", "2021-02-25", 1); 
INSERT INTO Vaccination VALUES ("2FA4AF65B26778E3_2", "2FA4AF65B26778E3", null, null, "2022-03-02 10:00:00", 2); 

INSERT INTO Vac_User VALUES ("BCFD63458122B4C8","Ayala","Gallagher","Hendersonville","1999-08-15",1,"ayalagallagher@poochies.com","+39 (941) 586-3359","none"); 
INSERT INTO User_Credentials VALUES ("BCFD63458122B4C8", "96ec13d5ec40f735763e59fc46eb0a786681284d7adbdc0f2d8e0bd5abdc448"); 
INSERT INTO Vaccination VALUES ("BCFD63458122B4C8_1", "BCFD63458122B4C8", "DCRRGG98C27G273N", "pfizer", "2021-01-15", 1); 
INSERT INTO Vaccination VALUES ("BCFD63458122B4C8_2", "BCFD63458122B4C8", null, null, "2022-03-04 17:00:00", 2); 

INSERT INTO Vac_User VALUES ("C863DE5FC3344A9E","Cooke","Harrison","Sanborn","1981-07-22",2,"cookeharrison@poochies.com","+39 (859) 475-3011","fragile"); 
INSERT INTO User_Credentials VALUES ("C863DE5FC3344A9E", "96ec13d5ec40f735763e59fc46eb0a786681284d7adbdc0f2d8e0bd5abdc448"); 
INSERT INTO Vaccination VALUES ("C863DE5FC3344A9E_1", "C863DE5FC3344A9E", "DCRRGG98C27G273N", "pfizer", "2021-05-16", 1); 
INSERT INTO Vaccination VALUES ("C863DE5FC3344A9E_2", "C863DE5FC3344A9E", null, null, "2022-03-18 09:00:00", 2); 

INSERT INTO Vac_User VALUES ("397840D1A70E0DAC","Ellis","Morton","Sunbury","1945-05-10",1,"ellismorton@poochies.com","+39 (851) 557-3997","over65"); 
INSERT INTO User_Credentials VALUES ("397840D1A70E0DAC", "96ec13d5ec40f735763e59fc46eb0a786681284d7adbdc0f2d8e0bd5abdc448"); 
INSERT INTO Vaccination VALUES ("397840D1A70E0DAC_1", "397840D1A70E0DAC", "PVGCGR99C27G273N", "astrazeneca", "2021-08-02", 1); 
INSERT INTO Vaccination VALUES ("397840D1A70E0DAC_2", "397840D1A70E0DAC", null, null, "2022-02-23 18:00:00", 2); 

INSERT INTO Vac_User VALUES ("9E4FF5090172B7CB","Shelley","Cooke","Charco","2004-08-19",3,"shelleycooke@poochies.com","+39 (918) 543-3760","fragile"); 
INSERT INTO User_Credentials VALUES ("9E4FF5090172B7CB", "96ec13d5ec40f735763e59fc46eb0a786681284d7adbdc0f2d8e0bd5abdc448"); 
INSERT INTO Vaccination VALUES ("9E4FF5090172B7CB_1", "9E4FF5090172B7CB", "DCRRGG98C27G273N", "moderna", "2021-03-29", 1); 
INSERT INTO Vaccination VALUES ("9E4FF5090172B7CB_2", "9E4FF5090172B7CB", null, null, "2022-03-10 18:00:00", 2); 

INSERT INTO Vac_User VALUES ("DB658E13A2C276DC","Rena","Ramirez","Highland","1967-08-08",2,"renaramirez@poochies.com","+39 (892) 449-3573","none"); 
INSERT INTO User_Credentials VALUES ("DB658E13A2C276DC", "96ec13d5ec40f735763e59fc46eb0a786681284d7adbdc0f2d8e0bd5abdc448"); 
INSERT INTO Vaccination VALUES ("DB658E13A2C276DC_1", "DB658E13A2C276DC", "NRIGSP98C27G273N", "moderna", "2021-07-19", 1); 
INSERT INTO Vaccination VALUES ("DB658E13A2C276DC_2", "DB658E13A2C276DC", null, null, "2022-03-02 13:00:00", 2); 

INSERT INTO Vac_User VALUES ("0E058F4C6A896045","Dionne","Taylor","Grenelefe","1998-12-24",2,"dionnetaylor@poochies.com","+39 (989) 500-2330","fragile"); 
INSERT INTO User_Credentials VALUES ("0E058F4C6A896045", "96ec13d5ec40f735763e59fc46eb0a786681284d7adbdc0f2d8e0bd5abdc448"); 
INSERT INTO Vaccination VALUES ("0E058F4C6A896045_1", "0E058F4C6A896045", "PVGCGR99C27G273N", "moderna", "2021-09-05", 1); 
INSERT INTO Vaccination VALUES ("0E058F4C6A896045_2", "0E058F4C6A896045", null, null, "2022-02-24 13:00:00", 2); 

INSERT INTO Vac_User VALUES ("7F1929E9F0A35721","Luna","Nicholson","Warren","1991-10-31",1,"lunanicholson@poochies.com","+39 (882) 592-3503","over65"); 
INSERT INTO User_Credentials VALUES ("7F1929E9F0A35721", "96ec13d5ec40f735763e59fc46eb0a786681284d7adbdc0f2d8e0bd5abdc448"); 
INSERT INTO Vaccination VALUES ("7F1929E9F0A35721_1", "7F1929E9F0A35721", "DCRRGG98C27G273N", "moderna", "2021-11-13", 1); 
INSERT INTO Vaccination VALUES ("7F1929E9F0A35721_2", "7F1929E9F0A35721", null, null, "2022-03-23 11:00:00", 2); 

INSERT INTO Vac_User VALUES ("4D4F3E92CC84A849","Cornelia","Day","Hardyville","1953-08-18",2,"corneliaday@poochies.com","+39 (906) 452-2686","over65"); 
INSERT INTO User_Credentials VALUES ("4D4F3E92CC84A849", "96ec13d5ec40f735763e59fc46eb0a786681284d7adbdc0f2d8e0bd5abdc448"); 
INSERT INTO Vaccination VALUES ("4D4F3E92CC84A849_1", "4D4F3E92CC84A849", "DCRRGG98C27G273N", "astrazeneca", "2021-11-19", 1); 
INSERT INTO Vaccination VALUES ("4D4F3E92CC84A849_2", "4D4F3E92CC84A849", null, null, "2022-02-27 10:00:00", 2); 

INSERT INTO Vac_User VALUES ("AED1446F28743AD2","Augusta","Cash","Evergreen","2001-01-20",3,"augustacash@poochies.com","+39 (910) 545-2122","over65"); 
INSERT INTO User_Credentials VALUES ("AED1446F28743AD2", "96ec13d5ec40f735763e59fc46eb0a786681284d7adbdc0f2d8e0bd5abdc448"); 
INSERT INTO Vaccination VALUES ("AED1446F28743AD2_1", "AED1446F28743AD2", "LPPMRL98C27G273N", "astrazeneca", "2021-07-15", 1); 
INSERT INTO Vaccination VALUES ("AED1446F28743AD2_2", "AED1446F28743AD2", null, null, "2022-03-21 14:00:00", 2); 

INSERT INTO Vac_User VALUES ("6617CD057E86DCF9","Ericka","Chen","Sperryville","1942-08-09",2,"erickachen@poochies.com","+39 (889) 568-2176","fragile"); 
INSERT INTO User_Credentials VALUES ("6617CD057E86DCF9", "96ec13d5ec40f735763e59fc46eb0a786681284d7adbdc0f2d8e0bd5abdc448"); 
INSERT INTO Vaccination VALUES ("6617CD057E86DCF9_1", "6617CD057E86DCF9", "DCRRGG98C27G273N", "astrazeneca", "2021-02-21", 1); 
INSERT INTO Vaccination VALUES ("6617CD057E86DCF9_2", "6617CD057E86DCF9", null, null, "2022-03-24 11:00:00", 2); 

INSERT INTO Vac_User VALUES ("8853C3BB764BDA25","Koch","Douglas","Bodega","1992-06-12",3,"kochdouglas@poochies.com","+39 (886) 561-3420","fragile"); 
INSERT INTO User_Credentials VALUES ("8853C3BB764BDA25", "96ec13d5ec40f735763e59fc46eb0a786681284d7adbdc0f2d8e0bd5abdc448"); 
INSERT INTO Vaccination VALUES ("8853C3BB764BDA25_1", "8853C3BB764BDA25", "PVGCGR99C27G273N", "moderna", "2021-05-04", 1); 
INSERT INTO Vaccination VALUES ("8853C3BB764BDA25_2", "8853C3BB764BDA25", null, null, "2022-02-26 18:00:00", 2); 

INSERT INTO Vac_User VALUES ("EC54D703BBA566DC","Evangelina","Zimmerman","Aurora","1958-02-11",3,"evangelinazimmerman@poochies.com","+39 (953) 429-2360","none"); 
INSERT INTO User_Credentials VALUES ("EC54D703BBA566DC", "96ec13d5ec40f735763e59fc46eb0a786681284d7adbdc0f2d8e0bd5abdc448"); 
INSERT INTO Vaccination VALUES ("EC54D703BBA566DC_1", "EC54D703BBA566DC", "LPPMRL98C27G273N", "janssen", "2021-11-05", 1); 
INSERT INTO Vaccination VALUES ("EC54D703BBA566DC_2", "EC54D703BBA566DC", null, null, "2022-02-22 14:00:00", 2); 

INSERT INTO Vac_User VALUES ("8393D26AB9C53CF6","Quinn","Johns","Weeksville","1949-03-11",1,"quinnjohns@poochies.com","+39 (900) 535-2978","fragile"); 
INSERT INTO User_Credentials VALUES ("8393D26AB9C53CF6", "96ec13d5ec40f735763e59fc46eb0a786681284d7adbdc0f2d8e0bd5abdc448"); 
INSERT INTO Vaccination VALUES ("8393D26AB9C53CF6_1", "8393D26AB9C53CF6", "NRIGSP98C27G273N", "pfizer", "2021-01-04", 1); 
INSERT INTO Vaccination VALUES ("8393D26AB9C53CF6_2", "8393D26AB9C53CF6", null, null, "2022-03-08 13:00:00", 2); 

INSERT INTO Vac_User VALUES ("8C42DFD216B9901D","Page","Flowers","Waikele","1985-04-04",1,"pageflowers@poochies.com","+39 (910) 564-2601","none"); 
INSERT INTO User_Credentials VALUES ("8C42DFD216B9901D", "96ec13d5ec40f735763e59fc46eb0a786681284d7adbdc0f2d8e0bd5abdc448"); 
INSERT INTO Vaccination VALUES ("8C42DFD216B9901D_1", "8C42DFD216B9901D", "DCRRGG98C27G273N", "moderna", "2021-01-02", 1); 
INSERT INTO Vaccination VALUES ("8C42DFD216B9901D_2", "8C42DFD216B9901D", null, null, "2022-03-14 13:00:00", 2); 

INSERT INTO Vac_User VALUES ("9794633502FBCF5B","Davenport","Mcleod","Dale","1950-08-29",3,"davenportmcleod@poochies.com","+39 (846) 574-3730","fragile"); 
INSERT INTO User_Credentials VALUES ("9794633502FBCF5B", "96ec13d5ec40f735763e59fc46eb0a786681284d7adbdc0f2d8e0bd5abdc448"); 
INSERT INTO Vaccination VALUES ("9794633502FBCF5B_1", "9794633502FBCF5B", "NRIGSP98C27G273N", "janssen", "2021-06-22", 1); 
INSERT INTO Vaccination VALUES ("9794633502FBCF5B_2", "9794633502FBCF5B", null, null, "2022-02-25 18:00:00", 2); 

INSERT INTO Vac_User VALUES ("83153051688E9C21","Wallace","Booth","Nile","1955-10-04",1,"wallacebooth@poochies.com","+39 (958) 552-2715","over65"); 
INSERT INTO User_Credentials VALUES ("83153051688E9C21", "96ec13d5ec40f735763e59fc46eb0a786681284d7adbdc0f2d8e0bd5abdc448"); 
INSERT INTO Vaccination VALUES ("83153051688E9C21_1", "83153051688E9C21", "PVGCGR99C27G273N", "astrazeneca", "2021-02-24", 1); 
INSERT INTO Vaccination VALUES ("83153051688E9C21_2", "83153051688E9C21", null, null, "2022-03-26 17:00:00", 2); 

INSERT INTO Vac_User VALUES ("A875B746169475B3","Best","Carr","Groton","1947-02-15",3,"bestcarr@poochies.com","+39 (871) 523-2161","none"); 
INSERT INTO User_Credentials VALUES ("A875B746169475B3", "96ec13d5ec40f735763e59fc46eb0a786681284d7adbdc0f2d8e0bd5abdc448"); 
INSERT INTO Vaccination VALUES ("A875B746169475B3_1", "A875B746169475B3", "LPPMRL98C27G273N", "janssen", "2021-01-14", 1); 
INSERT INTO Vaccination VALUES ("A875B746169475B3_2", "A875B746169475B3", null, null, "2022-03-24 16:00:00", 2); 

INSERT INTO Vac_User VALUES ("85B25D0DC65D6CF0","Vicki","Valencia","Beechmont","1965-09-18",3,"vickivalencia@poochies.com","+39 (864) 412-2632","fragile"); 
INSERT INTO User_Credentials VALUES ("85B25D0DC65D6CF0", "96ec13d5ec40f735763e59fc46eb0a786681284d7adbdc0f2d8e0bd5abdc448"); 
INSERT INTO Vaccination VALUES ("85B25D0DC65D6CF0_1", "85B25D0DC65D6CF0", "DCRRGG98C27G273N", "astrazeneca", "2021-07-30", 1); 
INSERT INTO Vaccination VALUES ("85B25D0DC65D6CF0_2", "85B25D0DC65D6CF0", null, null, "2022-03-01 18:00:00", 2); 

INSERT INTO Vac_User VALUES ("5B0261509B799D0F","Carney","Calderon","Graball","2008-02-10",3,"carneycalderon@poochies.com","+39 (832) 443-3492","fragile"); 
INSERT INTO User_Credentials VALUES ("5B0261509B799D0F", "96ec13d5ec40f735763e59fc46eb0a786681284d7adbdc0f2d8e0bd5abdc448"); 
INSERT INTO Vaccination VALUES ("5B0261509B799D0F_1", "5B0261509B799D0F", "PVGCGR99C27G273N", "pfizer", "2021-08-09", 1); 
INSERT INTO Vaccination VALUES ("5B0261509B799D0F_2", "5B0261509B799D0F", null, null, "2022-03-11 17:00:00", 2); 

INSERT INTO Vac_User VALUES ("2867CBF60C981128","Emilia","Newton","Spelter","1976-11-16",3,"emilianewton@poochies.com","+39 (992) 488-3270","over65"); 
INSERT INTO User_Credentials VALUES ("2867CBF60C981128", "96ec13d5ec40f735763e59fc46eb0a786681284d7adbdc0f2d8e0bd5abdc448"); 
INSERT INTO Vaccination VALUES ("2867CBF60C981128_1", "2867CBF60C981128", "DCRRGG98C27G273N", "astrazeneca", "2021-11-28", 1); 
INSERT INTO Vaccination VALUES ("2867CBF60C981128_2", "2867CBF60C981128", null, null, "2022-03-24 12:00:00", 2); 

INSERT INTO Vac_User VALUES ("7F2DD2021C534EC9","Cora","Howe","Wanamie","1990-08-17",1,"corahowe@poochies.com","+39 (848) 534-3720","none"); 
INSERT INTO User_Credentials VALUES ("7F2DD2021C534EC9", "96ec13d5ec40f735763e59fc46eb0a786681284d7adbdc0f2d8e0bd5abdc448"); 
INSERT INTO Vaccination VALUES ("7F2DD2021C534EC9_1", "7F2DD2021C534EC9", "NRIGSP98C27G273N", "astrazeneca", "2021-11-01", 1); 
INSERT INTO Vaccination VALUES ("7F2DD2021C534EC9_2", "7F2DD2021C534EC9", null, null, "2022-03-21 12:00:00", 2); 

INSERT INTO Vac_User VALUES ("AEE65276A696783C","Summer","Francis","Croom","1969-04-25",2,"summerfrancis@poochies.com","+39 (978) 487-2916","fragile"); 
INSERT INTO User_Credentials VALUES ("AEE65276A696783C", "96ec13d5ec40f735763e59fc46eb0a786681284d7adbdc0f2d8e0bd5abdc448"); 
INSERT INTO Vaccination VALUES ("AEE65276A696783C_1", "AEE65276A696783C", "PVGCGR99C27G273N", "astrazeneca", "2021-10-29", 1); 
INSERT INTO Vaccination VALUES ("AEE65276A696783C_2", "AEE65276A696783C", null, null, "2022-03-02 12:00:00", 2); 

INSERT INTO Vac_User VALUES ("AB829580BA8B0078","Erickson","Lindsey","Chilton","1979-02-12",3,"ericksonlindsey@poochies.com","+39 (855) 528-2875","over65"); 
INSERT INTO User_Credentials VALUES ("AB829580BA8B0078", "96ec13d5ec40f735763e59fc46eb0a786681284d7adbdc0f2d8e0bd5abdc448"); 
INSERT INTO Vaccination VALUES ("AB829580BA8B0078_1", "AB829580BA8B0078", "PVGCGR99C27G273N", "pfizer", "2021-08-28", 1); 
INSERT INTO Vaccination VALUES ("AB829580BA8B0078_2", "AB829580BA8B0078", null, null, "2022-02-24 11:00:00", 2); 

INSERT INTO Vac_User VALUES ("53DAB24CA853BE80","Mullen","Downs","Groveville","1945-02-01",1,"mullendowns@poochies.com","+39 (904) 555-2742","over65"); 
INSERT INTO User_Credentials VALUES ("53DAB24CA853BE80", "96ec13d5ec40f735763e59fc46eb0a786681284d7adbdc0f2d8e0bd5abdc448"); 
INSERT INTO Vaccination VALUES ("53DAB24CA853BE80_1", "53DAB24CA853BE80", "NRIGSP98C27G273N", "moderna", "2021-07-27", 1); 
INSERT INTO Vaccination VALUES ("53DAB24CA853BE80_2", "53DAB24CA853BE80", null, null, "2022-03-25 15:00:00", 2); 

INSERT INTO Vac_User VALUES ("4AE44337754C32DB","Josefina","Ellison","Waiohinu","1972-04-14",2,"josefinaellison@poochies.com","+39 (890) 430-2799","over65"); 
INSERT INTO User_Credentials VALUES ("4AE44337754C32DB", "96ec13d5ec40f735763e59fc46eb0a786681284d7adbdc0f2d8e0bd5abdc448"); 
INSERT INTO Vaccination VALUES ("4AE44337754C32DB_1", "4AE44337754C32DB", "NRIGSP98C27G273N", "pfizer", "2021-08-22", 1); 
INSERT INTO Vaccination VALUES ("4AE44337754C32DB_2", "4AE44337754C32DB", null, null, "2022-02-27 16:00:00", 2); 

INSERT INTO Vac_User VALUES ("0A7931EDFA26A467","Deana","Head","Belfair","1952-11-15",1,"deanahead@poochies.com","+39 (850) 509-3198","none"); 
INSERT INTO User_Credentials VALUES ("0A7931EDFA26A467", "96ec13d5ec40f735763e59fc46eb0a786681284d7adbdc0f2d8e0bd5abdc448"); 
INSERT INTO Vaccination VALUES ("0A7931EDFA26A467_1", "0A7931EDFA26A467", "PVGCGR99C27G273N", "janssen", "2021-10-09", 1); 
INSERT INTO Vaccination VALUES ("0A7931EDFA26A467_2", "0A7931EDFA26A467", null, null, "2022-03-15 17:00:00", 2); 

INSERT INTO Vac_User VALUES ("5B6738D593298CAC","Kristen","Cox","Bartley","1982-12-15",1,"kristencox@poochies.com","+39 (811) 424-3692","over65"); 
INSERT INTO User_Credentials VALUES ("5B6738D593298CAC", "96ec13d5ec40f735763e59fc46eb0a786681284d7adbdc0f2d8e0bd5abdc448"); 
INSERT INTO Vaccination VALUES ("5B6738D593298CAC_1", "5B6738D593298CAC", "PVGCGR99C27G273N", "astrazeneca", "2021-12-27", 1); 
INSERT INTO Vaccination VALUES ("5B6738D593298CAC_2", "5B6738D593298CAC", null, null, "2022-03-29 10:00:00", 2); 

INSERT INTO Vac_User VALUES ("82D45C22CA1A6362","Maria","Benjamin","Campo","1985-03-04",1,"mariabenjamin@poochies.com","+39 (831) 505-3393","none"); 
INSERT INTO User_Credentials VALUES ("82D45C22CA1A6362", "96ec13d5ec40f735763e59fc46eb0a786681284d7adbdc0f2d8e0bd5abdc448"); 
INSERT INTO Vaccination VALUES ("82D45C22CA1A6362_1", "82D45C22CA1A6362", "DCRRGG98C27G273N", "janssen", "2021-07-11", 1); 
INSERT INTO Vaccination VALUES ("82D45C22CA1A6362_2", "82D45C22CA1A6362", null, null, "2022-03-21 15:00:00", 2); 

INSERT INTO Vac_User VALUES ("095871BB000200BE","Sheri","Castro","Tivoli","1972-04-18",3,"shericastro@poochies.com","+39 (983) 529-3781","fragile"); 
INSERT INTO User_Credentials VALUES ("095871BB000200BE", "96ec13d5ec40f735763e59fc46eb0a786681284d7adbdc0f2d8e0bd5abdc448"); 
INSERT INTO Vaccination VALUES ("095871BB000200BE_1", "095871BB000200BE", "PVGCGR99C27G273N", "moderna", "2021-04-11", 1); 
INSERT INTO Vaccination VALUES ("095871BB000200BE_2", "095871BB000200BE", null, null, "2022-03-20 09:00:00", 2); 

INSERT INTO Vac_User VALUES ("BA5392FA92D64240","Joyner","Ratliff","Tilden","1968-10-13",3,"joynerratliff@poochies.com","+39 (882) 450-2718","none"); 
INSERT INTO User_Credentials VALUES ("BA5392FA92D64240", "96ec13d5ec40f735763e59fc46eb0a786681284d7adbdc0f2d8e0bd5abdc448"); 
INSERT INTO Vaccination VALUES ("BA5392FA92D64240_1", "BA5392FA92D64240", "LPPMRL98C27G273N", "moderna", "2021-01-28", 1); 
INSERT INTO Vaccination VALUES ("BA5392FA92D64240_2", "BA5392FA92D64240", null, null, "2022-03-29 17:00:00", 2); 

INSERT INTO Vac_User VALUES ("CF3CF228CA9D4877","Woods","Russell","Valmy","2002-09-04",2,"woodsrussell@poochies.com","+39 (817) 529-2583","fragile"); 
INSERT INTO User_Credentials VALUES ("CF3CF228CA9D4877", "96ec13d5ec40f735763e59fc46eb0a786681284d7adbdc0f2d8e0bd5abdc448"); 
INSERT INTO Vaccination VALUES ("CF3CF228CA9D4877_1", "CF3CF228CA9D4877", "PVGCGR99C27G273N", "moderna", "2021-01-30", 1); 
INSERT INTO Vaccination VALUES ("CF3CF228CA9D4877_2", "CF3CF228CA9D4877", null, null, "2022-03-07 10:00:00", 2); 

INSERT INTO Vac_User VALUES ("E739425AB8888785","Britt","Santana","Staples","1956-02-29",2,"brittsantana@poochies.com","+39 (996) 598-3021","fragile"); 
INSERT INTO User_Credentials VALUES ("E739425AB8888785", "96ec13d5ec40f735763e59fc46eb0a786681284d7adbdc0f2d8e0bd5abdc448"); 
INSERT INTO Vaccination VALUES ("E739425AB8888785_1", "E739425AB8888785", "DCRRGG98C27G273N", "janssen", "2021-01-04", 1); 
INSERT INTO Vaccination VALUES ("E739425AB8888785_2", "E739425AB8888785", null, null, "2022-02-23 17:00:00", 2); 

INSERT INTO Vac_User VALUES ("37F2104C8292FEDD","Cervantes","Henry","Loyalhanna","1966-12-06",1,"cervanteshenry@poochies.com","+39 (995) 429-3633","none"); 
INSERT INTO User_Credentials VALUES ("37F2104C8292FEDD", "96ec13d5ec40f735763e59fc46eb0a786681284d7adbdc0f2d8e0bd5abdc448"); 
INSERT INTO Vaccination VALUES ("37F2104C8292FEDD_1", "37F2104C8292FEDD", "PVGCGR99C27G273N", "janssen", "2021-05-20", 1); 
INSERT INTO Vaccination VALUES ("37F2104C8292FEDD_2", "37F2104C8292FEDD", null, null, "2022-03-09 17:00:00", 2); 

INSERT INTO Vac_User VALUES ("5DABC1A57B4A89DD","Juliet","Stein","Kipp","1993-07-25",3,"julietstein@poochies.com","+39 (942) 516-2067","none"); 
INSERT INTO User_Credentials VALUES ("5DABC1A57B4A89DD", "96ec13d5ec40f735763e59fc46eb0a786681284d7adbdc0f2d8e0bd5abdc448"); 
INSERT INTO Vaccination VALUES ("5DABC1A57B4A89DD_1", "5DABC1A57B4A89DD", "LPPMRL98C27G273N", "janssen", "2021-05-18", 1); 
INSERT INTO Vaccination VALUES ("5DABC1A57B4A89DD_2", "5DABC1A57B4A89DD", null, null, "2022-02-26 11:00:00", 2); 

INSERT INTO Vac_User VALUES ("5F4B3ABC36315B05","Hull","Rocha","Glenville","1947-02-04",2,"hullrocha@poochies.com","+39 (987) 532-3696","none"); 
INSERT INTO User_Credentials VALUES ("5F4B3ABC36315B05", "96ec13d5ec40f735763e59fc46eb0a786681284d7adbdc0f2d8e0bd5abdc448"); 
INSERT INTO Vaccination VALUES ("5F4B3ABC36315B05_1", "5F4B3ABC36315B05", "VCRBNC99D27G273N", "pfizer", "2021-02-09", 1); 
INSERT INTO Vaccination VALUES ("5F4B3ABC36315B05_2", "5F4B3ABC36315B05", null, null, "2022-03-20 18:00:00", 2); 

INSERT INTO Vac_User VALUES ("A241A96CDEFE9032","Reyna","Aguirre","Cade","1969-06-19",3,"reynaaguirre@poochies.com","+39 (919) 501-2058","fragile"); 
INSERT INTO User_Credentials VALUES ("A241A96CDEFE9032", "96ec13d5ec40f735763e59fc46eb0a786681284d7adbdc0f2d8e0bd5abdc448"); 
INSERT INTO Vaccination VALUES ("A241A96CDEFE9032_1", "A241A96CDEFE9032", "VCRBNC99D27G273N", "janssen", "2021-11-27", 1); 
INSERT INTO Vaccination VALUES ("A241A96CDEFE9032_2", "A241A96CDEFE9032", null, null, "2022-03-20 13:00:00", 2); 

INSERT INTO Vac_User VALUES ("A7E6192901540B23","Lucile","Diaz","Baker","1944-07-01",1,"lucilediaz@poochies.com","+39 (844) 596-2808","none"); 
INSERT INTO User_Credentials VALUES ("A7E6192901540B23", "96ec13d5ec40f735763e59fc46eb0a786681284d7adbdc0f2d8e0bd5abdc448"); 
INSERT INTO Vaccination VALUES ("A7E6192901540B23_1", "A7E6192901540B23", "VCRBNC99D27G273N", "pfizer", "2021-06-21", 1); 
INSERT INTO Vaccination VALUES ("A7E6192901540B23_2", "A7E6192901540B23", null, null, "2022-03-01 15:00:00", 2); 

INSERT INTO Vac_User VALUES ("F4AA0224E62FB528","Ester","Velez","Roderfield","1959-01-24",2,"estervelez@poochies.com","+39 (992) 413-3264","none"); 
INSERT INTO User_Credentials VALUES ("F4AA0224E62FB528", "96ec13d5ec40f735763e59fc46eb0a786681284d7adbdc0f2d8e0bd5abdc448"); 
INSERT INTO Vaccination VALUES ("F4AA0224E62FB528_1", "F4AA0224E62FB528", "DCRRGG98C27G273N", "moderna", "2021-11-18", 1); 
INSERT INTO Vaccination VALUES ("F4AA0224E62FB528_2", "F4AA0224E62FB528", null, null, "2022-03-25 14:00:00", 2); 

INSERT INTO Vac_User VALUES ("CC4DDD83BCE394B5","Isabella","Villarreal","Smock","1968-01-04",2,"isabellavillarreal@poochies.com","+39 (913) 421-3301","none"); 
INSERT INTO User_Credentials VALUES ("CC4DDD83BCE394B5", "96ec13d5ec40f735763e59fc46eb0a786681284d7adbdc0f2d8e0bd5abdc448"); 
INSERT INTO Vaccination VALUES ("CC4DDD83BCE394B5_1", "CC4DDD83BCE394B5", "VCRBNC99D27G273N", "astrazeneca", "2021-01-03", 1); 
INSERT INTO Vaccination VALUES ("CC4DDD83BCE394B5_2", "CC4DDD83BCE394B5", null, null, "2022-03-24 09:00:00", 2); 

INSERT INTO Vac_User VALUES ("E6674FB02E56D0CB","Hallie","Mcknight","Berwind","1940-05-20",1,"halliemcknight@poochies.com","+39 (892) 439-2008","fragile"); 
INSERT INTO User_Credentials VALUES ("E6674FB02E56D0CB", "96ec13d5ec40f735763e59fc46eb0a786681284d7adbdc0f2d8e0bd5abdc448"); 
INSERT INTO Vaccination VALUES ("E6674FB02E56D0CB_1", "E6674FB02E56D0CB", "PVGCGR99C27G273N", "moderna", "2021-07-13", 1); 
INSERT INTO Vaccination VALUES ("E6674FB02E56D0CB_2", "E6674FB02E56D0CB", null, null, "2022-03-11 18:00:00", 2); 

INSERT INTO Vac_User VALUES ("758D605F066DED98","Ramsey","West","Clarktown","1953-07-26",3,"ramseywest@poochies.com","+39 (810) 583-3560","fragile"); 
INSERT INTO User_Credentials VALUES ("758D605F066DED98", "96ec13d5ec40f735763e59fc46eb0a786681284d7adbdc0f2d8e0bd5abdc448"); 
INSERT INTO Vaccination VALUES ("758D605F066DED98_1", "758D605F066DED98", "DCRRGG98C27G273N", "moderna", "2021-09-21", 1); 
INSERT INTO Vaccination VALUES ("758D605F066DED98_2", "758D605F066DED98", null, null, "2022-02-25 16:00:00", 2); 

INSERT INTO Vac_User VALUES ("6D767F674D6B5FA9","Marcia","Shepherd","Bradenville","1972-11-11",2,"marciashepherd@poochies.com","+39 (813) 550-2184","over65"); 
INSERT INTO User_Credentials VALUES ("6D767F674D6B5FA9", "96ec13d5ec40f735763e59fc46eb0a786681284d7adbdc0f2d8e0bd5abdc448"); 
INSERT INTO Vaccination VALUES ("6D767F674D6B5FA9_1", "6D767F674D6B5FA9", "NRIGSP98C27G273N", "moderna", "2021-08-27", 1); 
INSERT INTO Vaccination VALUES ("6D767F674D6B5FA9_2", "6D767F674D6B5FA9", null, null, "2022-03-27 15:00:00", 2); 

INSERT INTO Vac_User VALUES ("74257A54C0015070","Church","Mccoy","Salix","1968-11-20",3,"churchmccoy@poochies.com","+39 (907) 559-2825","none"); 
INSERT INTO User_Credentials VALUES ("74257A54C0015070", "96ec13d5ec40f735763e59fc46eb0a786681284d7adbdc0f2d8e0bd5abdc448"); 
INSERT INTO Vaccination VALUES ("74257A54C0015070_1", "74257A54C0015070", "PVGCGR99C27G273N", "astrazeneca", "2021-01-29", 1); 
INSERT INTO Vaccination VALUES ("74257A54C0015070_2", "74257A54C0015070", null, null, "2022-03-29 11:00:00", 2); 

INSERT INTO Vac_User VALUES ("4860F8253CAC2A38","Evangeline","Burch","Northridge","1997-01-24",1,"evangelineburch@poochies.com","+39 (859) 533-3400","fragile"); 
INSERT INTO User_Credentials VALUES ("4860F8253CAC2A38", "96ec13d5ec40f735763e59fc46eb0a786681284d7adbdc0f2d8e0bd5abdc448"); 
INSERT INTO Vaccination VALUES ("4860F8253CAC2A38_1", "4860F8253CAC2A38", "LPPMRL98C27G273N", "pfizer", "2021-11-19", 1); 
INSERT INTO Vaccination VALUES ("4860F8253CAC2A38_2", "4860F8253CAC2A38", null, null, "2022-03-24 12:00:00", 2); 

INSERT INTO Vac_User VALUES ("1C128813D4278F1E","Richards","Gates","Caroleen","2008-01-12",1,"richardsgates@poochies.com","+39 (924) 493-3443","fragile"); 
INSERT INTO User_Credentials VALUES ("1C128813D4278F1E", "96ec13d5ec40f735763e59fc46eb0a786681284d7adbdc0f2d8e0bd5abdc448"); 
INSERT INTO Vaccination VALUES ("1C128813D4278F1E_1", "1C128813D4278F1E", "NRIGSP98C27G273N", "moderna", "2021-05-18", 1); 
INSERT INTO Vaccination VALUES ("1C128813D4278F1E_2", "1C128813D4278F1E", null, null, "2022-03-07 15:00:00", 2); 

INSERT INTO Vac_User VALUES ("83B1FF777C081CC4","Hood","Marsh","Riegelwood","1949-08-06",3,"hoodmarsh@poochies.com","+39 (887) 485-2514","over65"); 
INSERT INTO User_Credentials VALUES ("83B1FF777C081CC4", "96ec13d5ec40f735763e59fc46eb0a786681284d7adbdc0f2d8e0bd5abdc448"); 
INSERT INTO Vaccination VALUES ("83B1FF777C081CC4_1", "83B1FF777C081CC4", "VCRBNC99D27G273N", "pfizer", "2021-01-31", 1); 
INSERT INTO Vaccination VALUES ("83B1FF777C081CC4_2", "83B1FF777C081CC4", null, null, "2022-03-05 17:00:00", 2); 

INSERT INTO Vac_User VALUES ("656C69B1C87D5703","Katy","Hobbs","Rosburg","2004-01-27",1,"katyhobbs@poochies.com","+39 (947) 487-3165","fragile"); 
INSERT INTO User_Credentials VALUES ("656C69B1C87D5703", "96ec13d5ec40f735763e59fc46eb0a786681284d7adbdc0f2d8e0bd5abdc448"); 
INSERT INTO Vaccination VALUES ("656C69B1C87D5703_1", "656C69B1C87D5703", "VCRBNC99D27G273N", "janssen", "2021-11-05", 1); 
INSERT INTO Vaccination VALUES ("656C69B1C87D5703_2", "656C69B1C87D5703", null, null, "2022-02-27 11:00:00", 2); 

INSERT INTO Vac_User VALUES ("6862368B3884FA16","Matilda","Gibson","Bellamy","1996-08-08",2,"matildagibson@poochies.com","+39 (961) 522-2353","none"); 
INSERT INTO User_Credentials VALUES ("6862368B3884FA16", "96ec13d5ec40f735763e59fc46eb0a786681284d7adbdc0f2d8e0bd5abdc448"); 
INSERT INTO Vaccination VALUES ("6862368B3884FA16_1", "6862368B3884FA16", "LPPMRL98C27G273N", "janssen", "2021-08-24", 1); 
INSERT INTO Vaccination VALUES ("6862368B3884FA16_2", "6862368B3884FA16", null, null, "2022-03-15 12:00:00", 2); 

INSERT INTO Vac_User VALUES ("5543C4024957C476","Corrine","Bishop","Katonah","2001-12-13",2,"corrinebishop@poochies.com","+39 (849) 427-2626","none"); 
INSERT INTO User_Credentials VALUES ("5543C4024957C476", "96ec13d5ec40f735763e59fc46eb0a786681284d7adbdc0f2d8e0bd5abdc448"); 
INSERT INTO Vaccination VALUES ("5543C4024957C476_1", "5543C4024957C476", "LPPMRL98C27G273N", "astrazeneca", "2021-03-19", 1); 
INSERT INTO Vaccination VALUES ("5543C4024957C476_2", "5543C4024957C476", null, null, "2022-03-22 13:00:00", 2); 

INSERT INTO Vac_User VALUES ("303175E8A10CAE77","Wilda","Ballard","Gardiner","2004-08-25",1,"wildaballard@poochies.com","+39 (995) 435-2032","over65"); 
INSERT INTO User_Credentials VALUES ("303175E8A10CAE77", "96ec13d5ec40f735763e59fc46eb0a786681284d7adbdc0f2d8e0bd5abdc448"); 
INSERT INTO Vaccination VALUES ("303175E8A10CAE77_1", "303175E8A10CAE77", "LPPMRL98C27G273N", "moderna", "2021-03-13", 1); 
INSERT INTO Vaccination VALUES ("303175E8A10CAE77_2", "303175E8A10CAE77", null, null, "2022-03-09 14:00:00", 2); 

INSERT INTO Vac_User VALUES ("BD315EBE43EA8B85","Joyce","Pace","Efland","2001-06-16",2,"joycepace@poochies.com","+39 (930) 521-3107","none"); 
INSERT INTO User_Credentials VALUES ("BD315EBE43EA8B85", "96ec13d5ec40f735763e59fc46eb0a786681284d7adbdc0f2d8e0bd5abdc448"); 
INSERT INTO Vaccination VALUES ("BD315EBE43EA8B85_1", "BD315EBE43EA8B85", "PVGCGR99C27G273N", "janssen", "2021-11-27", 1); 
INSERT INTO Vaccination VALUES ("BD315EBE43EA8B85_2", "BD315EBE43EA8B85", null, null, "2022-03-14 18:00:00", 2); 

INSERT INTO Vac_User VALUES ("38198B2D21617024","Valdez","Oneill","Terlingua","1968-11-01",3,"valdezoneill@poochies.com","+39 (870) 584-3669","fragile"); 
INSERT INTO User_Credentials VALUES ("38198B2D21617024", "96ec13d5ec40f735763e59fc46eb0a786681284d7adbdc0f2d8e0bd5abdc448"); 
INSERT INTO Vaccination VALUES ("38198B2D21617024_1", "38198B2D21617024", "NRIGSP98C27G273N", "astrazeneca", "2021-07-25", 1); 
INSERT INTO Vaccination VALUES ("38198B2D21617024_2", "38198B2D21617024", null, null, "2022-03-23 14:00:00", 2); 

INSERT INTO Vac_User VALUES ("C27B723E5C465DFD","Bowen","Humphrey","Johnsonburg","1997-08-15",3,"bowenhumphrey@poochies.com","+39 (852) 582-3119","none"); 
INSERT INTO User_Credentials VALUES ("C27B723E5C465DFD", "96ec13d5ec40f735763e59fc46eb0a786681284d7adbdc0f2d8e0bd5abdc448"); 
INSERT INTO Vaccination VALUES ("C27B723E5C465DFD_1", "C27B723E5C465DFD", "DCRRGG98C27G273N", "janssen", "2021-07-14", 1); 
INSERT INTO Vaccination VALUES ("C27B723E5C465DFD_2", "C27B723E5C465DFD", null, null, "2022-02-25 14:00:00", 2); 

INSERT INTO Vac_User VALUES ("61E29DDBE42F71B1","Conley","Ferguson","Glenbrook","1980-01-08",3,"conleyferguson@poochies.com","+39 (844) 443-3017","fragile"); 
INSERT INTO User_Credentials VALUES ("61E29DDBE42F71B1", "96ec13d5ec40f735763e59fc46eb0a786681284d7adbdc0f2d8e0bd5abdc448"); 
INSERT INTO Vaccination VALUES ("61E29DDBE42F71B1_1", "61E29DDBE42F71B1", "VCRBNC99D27G273N", "moderna", "2021-05-04", 1); 
INSERT INTO Vaccination VALUES ("61E29DDBE42F71B1_2", "61E29DDBE42F71B1", null, null, "2022-03-07 09:00:00", 2); 

INSERT INTO Vac_User VALUES ("3B9E01C1C46FD40F","Adrienne","Sullivan","Nescatunga","1957-11-26",3,"adriennesullivan@poochies.com","+39 (911) 419-2551","none"); 
INSERT INTO User_Credentials VALUES ("3B9E01C1C46FD40F", "96ec13d5ec40f735763e59fc46eb0a786681284d7adbdc0f2d8e0bd5abdc448"); 
INSERT INTO Vaccination VALUES ("3B9E01C1C46FD40F_1", "3B9E01C1C46FD40F", "NRIGSP98C27G273N", "moderna", "2021-08-20", 1); 
INSERT INTO Vaccination VALUES ("3B9E01C1C46FD40F_2", "3B9E01C1C46FD40F", null, null, "2022-02-24 17:00:00", 2); 

INSERT INTO Vac_User VALUES ("8AA1427791471AC0","Erin","Estes","Morgandale","1973-10-28",2,"erinestes@poochies.com","+39 (838) 485-3953","none"); 
INSERT INTO User_Credentials VALUES ("8AA1427791471AC0", "96ec13d5ec40f735763e59fc46eb0a786681284d7adbdc0f2d8e0bd5abdc448"); 
INSERT INTO Vaccination VALUES ("8AA1427791471AC0_1", "8AA1427791471AC0", "VCRBNC99D27G273N", "astrazeneca", "2021-12-09", 1); 
INSERT INTO Vaccination VALUES ("8AA1427791471AC0_2", "8AA1427791471AC0", null, null, "2022-03-16 12:00:00", 2); 

INSERT INTO Vac_User VALUES ("1BA8DD17B9BF14A6","Pugh","Nelson","Byrnedale","1947-06-21",3,"pughnelson@poochies.com","+39 (973) 566-3469","none"); 
INSERT INTO User_Credentials VALUES ("1BA8DD17B9BF14A6", "96ec13d5ec40f735763e59fc46eb0a786681284d7adbdc0f2d8e0bd5abdc448"); 
INSERT INTO Vaccination VALUES ("1BA8DD17B9BF14A6_1", "1BA8DD17B9BF14A6", "LPPMRL98C27G273N", "moderna", "2021-06-29", 1); 
INSERT INTO Vaccination VALUES ("1BA8DD17B9BF14A6_2", "1BA8DD17B9BF14A6", null, null, "2022-03-10 17:00:00", 2); 

INSERT INTO Vac_User VALUES ("D5A982704F9908D1","Carole","Talley","Caledonia","1962-08-04",2,"caroletalley@poochies.com","+39 (937) 413-3393","over65"); 
INSERT INTO User_Credentials VALUES ("D5A982704F9908D1", "96ec13d5ec40f735763e59fc46eb0a786681284d7adbdc0f2d8e0bd5abdc448"); 
INSERT INTO Vaccination VALUES ("D5A982704F9908D1_1", "D5A982704F9908D1", "LPPMRL98C27G273N", "pfizer", "2021-02-01", 1); 
INSERT INTO Vaccination VALUES ("D5A982704F9908D1_2", "D5A982704F9908D1", null, null, "2022-03-19 17:00:00", 2); 

INSERT INTO Vac_User VALUES ("BD8C1861C6AC447A","Ophelia","Murphy","Malott","2007-03-02",3,"opheliamurphy@poochies.com","+39 (850) 400-2133","none"); 
INSERT INTO User_Credentials VALUES ("BD8C1861C6AC447A", "96ec13d5ec40f735763e59fc46eb0a786681284d7adbdc0f2d8e0bd5abdc448"); 
INSERT INTO Vaccination VALUES ("BD8C1861C6AC447A_1", "BD8C1861C6AC447A", "NRIGSP98C27G273N", "astrazeneca", "2021-09-19", 1); 
INSERT INTO Vaccination VALUES ("BD8C1861C6AC447A_2", "BD8C1861C6AC447A", null, null, "2022-03-10 14:00:00", 2); 

INSERT INTO Vac_User VALUES ("FCA1B5200C61BDF6","Krista","Ramsey","Bergoo","1962-06-12",1,"kristaramsey@poochies.com","+39 (989) 598-2803","none"); 
INSERT INTO User_Credentials VALUES ("FCA1B5200C61BDF6", "96ec13d5ec40f735763e59fc46eb0a786681284d7adbdc0f2d8e0bd5abdc448"); 
INSERT INTO Vaccination VALUES ("FCA1B5200C61BDF6_1", "FCA1B5200C61BDF6", "DCRRGG98C27G273N", "moderna", "2021-01-15", 1); 
INSERT INTO Vaccination VALUES ("FCA1B5200C61BDF6_2", "FCA1B5200C61BDF6", null, null, "2022-03-28 10:00:00", 2); 

INSERT INTO Vac_User VALUES ("FAB982E8AA83AE79","Mercer","Frost","Fillmore","1970-06-19",3,"mercerfrost@poochies.com","+39 (828) 529-2493","none"); 
INSERT INTO User_Credentials VALUES ("FAB982E8AA83AE79", "96ec13d5ec40f735763e59fc46eb0a786681284d7adbdc0f2d8e0bd5abdc448"); 
INSERT INTO Vaccination VALUES ("FAB982E8AA83AE79_1", "FAB982E8AA83AE79", "VCRBNC99D27G273N", "astrazeneca", "2021-02-26", 1); 
INSERT INTO Vaccination VALUES ("FAB982E8AA83AE79_2", "FAB982E8AA83AE79", null, null, "2022-03-19 14:00:00", 2); 

INSERT INTO Vac_User VALUES ("F0E09E9BDC825165","Marsh","Watson","Hartsville/Hartley","1978-09-22",1,"marshwatson@poochies.com","+39 (813) 402-3420","none"); 
INSERT INTO User_Credentials VALUES ("F0E09E9BDC825165", "96ec13d5ec40f735763e59fc46eb0a786681284d7adbdc0f2d8e0bd5abdc448"); 
INSERT INTO Vaccination VALUES ("F0E09E9BDC825165_1", "F0E09E9BDC825165", "DCRRGG98C27G273N", "moderna", "2021-02-20", 1); 
INSERT INTO Vaccination VALUES ("F0E09E9BDC825165_2", "F0E09E9BDC825165", null, null, "2022-03-29 15:00:00", 2); 

INSERT INTO Vac_User VALUES ("8B2B35CFCB67F11B","Levine","Bell","Detroit","1959-01-22",2,"levinebell@poochies.com","+39 (902) 545-2263","none"); 
INSERT INTO User_Credentials VALUES ("8B2B35CFCB67F11B", "96ec13d5ec40f735763e59fc46eb0a786681284d7adbdc0f2d8e0bd5abdc448"); 
INSERT INTO Vaccination VALUES ("8B2B35CFCB67F11B_1", "8B2B35CFCB67F11B", "NRIGSP98C27G273N", "astrazeneca", "2021-09-09", 1); 
INSERT INTO Vaccination VALUES ("8B2B35CFCB67F11B_2", "8B2B35CFCB67F11B", null, null, "2022-03-13 18:00:00", 2); 

INSERT INTO Vac_User VALUES ("DB2D45ECEC56C9E7","Felicia","Pacheco","Sedley","1975-01-11",1,"feliciapacheco@poochies.com","+39 (830) 554-3912","over65"); 
INSERT INTO User_Credentials VALUES ("DB2D45ECEC56C9E7", "96ec13d5ec40f735763e59fc46eb0a786681284d7adbdc0f2d8e0bd5abdc448"); 
INSERT INTO Vaccination VALUES ("DB2D45ECEC56C9E7_1", "DB2D45ECEC56C9E7", "VCRBNC99D27G273N", "astrazeneca", "2021-10-25", 1); 
INSERT INTO Vaccination VALUES ("DB2D45ECEC56C9E7_2", "DB2D45ECEC56C9E7", null, null, "2022-02-23 18:00:00", 2); 

INSERT INTO Vac_User VALUES ("0B50358238F59666","Janet","Stuart","Jacksonwald","1944-11-21",2,"janetstuart@poochies.com","+39 (880) 598-3004","over65"); 
INSERT INTO User_Credentials VALUES ("0B50358238F59666", "96ec13d5ec40f735763e59fc46eb0a786681284d7adbdc0f2d8e0bd5abdc448"); 
INSERT INTO Vaccination VALUES ("0B50358238F59666_1", "0B50358238F59666", "VCRBNC99D27G273N", "astrazeneca", "2021-11-07", 1); 
INSERT INTO Vaccination VALUES ("0B50358238F59666_2", "0B50358238F59666", null, null, "2022-03-17 17:00:00", 2); 

INSERT INTO Vac_User VALUES ("A5D5C8823B87A455","Malinda","Deleon","Drummond","1944-12-24",1,"malindadeleon@poochies.com","+39 (901) 478-2397","over65"); 
INSERT INTO User_Credentials VALUES ("A5D5C8823B87A455", "96ec13d5ec40f735763e59fc46eb0a786681284d7adbdc0f2d8e0bd5abdc448"); 
INSERT INTO Vaccination VALUES ("A5D5C8823B87A455_1", "A5D5C8823B87A455", "PVGCGR99C27G273N", "janssen", "2021-01-27", 1); 
INSERT INTO Vaccination VALUES ("A5D5C8823B87A455_2", "A5D5C8823B87A455", null, null, "2022-03-22 18:00:00", 2); 

INSERT INTO Vac_User VALUES ("CD90882AE1541AE7","Darcy","Frazier","Sabillasville","1965-02-01",2,"darcyfrazier@poochies.com","+39 (962) 420-2325","fragile"); 
INSERT INTO User_Credentials VALUES ("CD90882AE1541AE7", "96ec13d5ec40f735763e59fc46eb0a786681284d7adbdc0f2d8e0bd5abdc448"); 
INSERT INTO Vaccination VALUES ("CD90882AE1541AE7_1", "CD90882AE1541AE7", "NRIGSP98C27G273N", "janssen", "2021-07-24", 1); 
INSERT INTO Vaccination VALUES ("CD90882AE1541AE7_2", "CD90882AE1541AE7", null, null, "2022-03-14 11:00:00", 2); 

INSERT INTO Vac_User VALUES ("9E0C5E343F19C348","Carson","Lee","Mapletown","2009-08-11",2,"carsonlee@poochies.com","+39 (928) 430-3693","none"); 
INSERT INTO User_Credentials VALUES ("9E0C5E343F19C348", "96ec13d5ec40f735763e59fc46eb0a786681284d7adbdc0f2d8e0bd5abdc448"); 
INSERT INTO Vaccination VALUES ("9E0C5E343F19C348_1", "9E0C5E343F19C348", "VCRBNC99D27G273N", "astrazeneca", "2021-12-15", 1); 
INSERT INTO Vaccination VALUES ("9E0C5E343F19C348_2", "9E0C5E343F19C348", null, null, "2022-03-26 17:00:00", 2); 

INSERT INTO Vac_User VALUES ("C0DCCBF64F0CC7FC","Sarah","Lucas","Galesville","1969-10-26",1,"sarahlucas@poochies.com","+39 (938) 499-2860","none"); 
INSERT INTO User_Credentials VALUES ("C0DCCBF64F0CC7FC", "96ec13d5ec40f735763e59fc46eb0a786681284d7adbdc0f2d8e0bd5abdc448"); 
INSERT INTO Vaccination VALUES ("C0DCCBF64F0CC7FC_1", "C0DCCBF64F0CC7FC", "VCRBNC99D27G273N", "astrazeneca", "2021-03-23", 1); 
INSERT INTO Vaccination VALUES ("C0DCCBF64F0CC7FC_2", "C0DCCBF64F0CC7FC", null, null, "2022-02-23 18:00:00", 2); 

INSERT INTO Vac_User VALUES ("2F73E996715F0922","Kelsey","Holland","Hiwasse","1964-12-10",1,"kelseyholland@poochies.com","+39 (868) 470-3445","fragile"); 
INSERT INTO User_Credentials VALUES ("2F73E996715F0922", "96ec13d5ec40f735763e59fc46eb0a786681284d7adbdc0f2d8e0bd5abdc448"); 
INSERT INTO Vaccination VALUES ("2F73E996715F0922_1", "2F73E996715F0922", "LPPMRL98C27G273N", "janssen", "2021-12-11", 1); 
INSERT INTO Vaccination VALUES ("2F73E996715F0922_2", "2F73E996715F0922", null, null, "2022-03-13 09:00:00", 2); 

INSERT INTO Vac_User VALUES ("6B4D7A1D2416D10F","Monroe","Rivera","Moquino","1956-04-08",3,"monroerivera@poochies.com","+39 (995) 501-2390","none"); 
INSERT INTO User_Credentials VALUES ("6B4D7A1D2416D10F", "96ec13d5ec40f735763e59fc46eb0a786681284d7adbdc0f2d8e0bd5abdc448"); 
INSERT INTO Vaccination VALUES ("6B4D7A1D2416D10F_1", "6B4D7A1D2416D10F", "NRIGSP98C27G273N", "astrazeneca", "2021-11-28", 1); 
INSERT INTO Vaccination VALUES ("6B4D7A1D2416D10F_2", "6B4D7A1D2416D10F", null, null, "2022-02-23 16:00:00", 2); 

INSERT INTO Vac_User VALUES ("5852D7D6DA50FED0","Willa","Harrington","Henrietta","1969-06-02",1,"willaharrington@poochies.com","+39 (822) 450-2618","over65"); 
INSERT INTO User_Credentials VALUES ("5852D7D6DA50FED0", "96ec13d5ec40f735763e59fc46eb0a786681284d7adbdc0f2d8e0bd5abdc448"); 
INSERT INTO Vaccination VALUES ("5852D7D6DA50FED0_1", "5852D7D6DA50FED0", "PVGCGR99C27G273N", "moderna", "2021-07-23", 1); 
INSERT INTO Vaccination VALUES ("5852D7D6DA50FED0_2", "5852D7D6DA50FED0", null, null, "2022-03-18 14:00:00", 2); 

INSERT INTO Vac_User VALUES ("C055A029917FA404","Espinoza","Cunningham","Herlong","1968-01-10",3,"espinozacunningham@poochies.com","+39 (875) 520-3280","none"); 
INSERT INTO User_Credentials VALUES ("C055A029917FA404", "96ec13d5ec40f735763e59fc46eb0a786681284d7adbdc0f2d8e0bd5abdc448"); 
INSERT INTO Vaccination VALUES ("C055A029917FA404_1", "C055A029917FA404", "LPPMRL98C27G273N", "moderna", "2021-08-16", 1); 
INSERT INTO Vaccination VALUES ("C055A029917FA404_2", "C055A029917FA404", null, null, "2022-02-26 11:00:00", 2); 

INSERT INTO Vac_User VALUES ("81C22129E1356DED","Blankenship","Carver","Veyo","1967-04-20",1,"blankenshipcarver@poochies.com","+39 (920) 587-2924","none"); 
INSERT INTO User_Credentials VALUES ("81C22129E1356DED", "96ec13d5ec40f735763e59fc46eb0a786681284d7adbdc0f2d8e0bd5abdc448"); 
INSERT INTO Vaccination VALUES ("81C22129E1356DED_1", "81C22129E1356DED", "LPPMRL98C27G273N", "astrazeneca", "2021-09-22", 1); 
INSERT INTO Vaccination VALUES ("81C22129E1356DED_2", "81C22129E1356DED", null, null, "2022-03-14 18:00:00", 2); 

INSERT INTO Vac_User VALUES ("E4630CB8C7E12F83","Williamson","Bennett","Whitmer","1946-12-02",1,"williamsonbennett@poochies.com","+39 (872) 549-3542","none"); 
INSERT INTO User_Credentials VALUES ("E4630CB8C7E12F83", "96ec13d5ec40f735763e59fc46eb0a786681284d7adbdc0f2d8e0bd5abdc448"); 
INSERT INTO Vaccination VALUES ("E4630CB8C7E12F83_1", "E4630CB8C7E12F83", "DCRRGG98C27G273N", "moderna", "2021-07-12", 1); 
INSERT INTO Vaccination VALUES ("E4630CB8C7E12F83_2", "E4630CB8C7E12F83", null, null, "2022-02-23 11:00:00", 2); 

INSERT INTO Vac_User VALUES ("87695CB967F3276B","Marissa","Snyder","Snelling","1944-04-18",2,"marissasnyder@poochies.com","+39 (923) 516-3081","fragile"); 
INSERT INTO User_Credentials VALUES ("87695CB967F3276B", "96ec13d5ec40f735763e59fc46eb0a786681284d7adbdc0f2d8e0bd5abdc448"); 
INSERT INTO Vaccination VALUES ("87695CB967F3276B_1", "87695CB967F3276B", "LPPMRL98C27G273N", "astrazeneca", "2021-07-02", 1); 
INSERT INTO Vaccination VALUES ("87695CB967F3276B_2", "87695CB967F3276B", null, null, "2022-02-23 11:00:00", 2); 

INSERT INTO Vac_User VALUES ("02722B1CC3DF9475","Shepherd","Huffman","Stonybrook","1981-10-02",1,"shepherdhuffman@poochies.com","+39 (894) 424-2689","none"); 
INSERT INTO User_Credentials VALUES ("02722B1CC3DF9475", "96ec13d5ec40f735763e59fc46eb0a786681284d7adbdc0f2d8e0bd5abdc448"); 
INSERT INTO Vaccination VALUES ("02722B1CC3DF9475_1", "02722B1CC3DF9475", "NRIGSP98C27G273N", "pfizer", "2021-10-15", 1); 
INSERT INTO Vaccination VALUES ("02722B1CC3DF9475_2", "02722B1CC3DF9475", null, null, "2022-03-19 18:00:00", 2); 

INSERT INTO Vac_User VALUES ("A94BBB0B0A7825A2","Dorothy","Little","Cawood","1940-03-26",3,"dorothylittle@poochies.com","+39 (948) 486-3693","fragile"); 
INSERT INTO User_Credentials VALUES ("A94BBB0B0A7825A2", "96ec13d5ec40f735763e59fc46eb0a786681284d7adbdc0f2d8e0bd5abdc448"); 
INSERT INTO Vaccination VALUES ("A94BBB0B0A7825A2_1", "A94BBB0B0A7825A2", "NRIGSP98C27G273N", "moderna", "2021-10-12", 1); 
INSERT INTO Vaccination VALUES ("A94BBB0B0A7825A2_2", "A94BBB0B0A7825A2", null, null, "2022-03-04 18:00:00", 2); 

INSERT INTO Vac_User VALUES ("C6AB9049CF6EE1AB","Sharon","Haley","Innsbrook","1973-10-13",3,"sharonhaley@poochies.com","+39 (909) 516-3343","none"); 
INSERT INTO User_Credentials VALUES ("C6AB9049CF6EE1AB", "96ec13d5ec40f735763e59fc46eb0a786681284d7adbdc0f2d8e0bd5abdc448"); 
INSERT INTO Vaccination VALUES ("C6AB9049CF6EE1AB_1", "C6AB9049CF6EE1AB", "LPPMRL98C27G273N", "astrazeneca", "2021-08-11", 1); 
INSERT INTO Vaccination VALUES ("C6AB9049CF6EE1AB_2", "C6AB9049CF6EE1AB", null, null, "2022-03-11 14:00:00", 2); 

INSERT INTO Vac_User VALUES ("EDA6CE45845A145C","Mcgee","Trevino","Vienna","1946-12-31",2,"mcgeetrevino@poochies.com","+39 (844) 413-3046","fragile"); 
INSERT INTO User_Credentials VALUES ("EDA6CE45845A145C", "96ec13d5ec40f735763e59fc46eb0a786681284d7adbdc0f2d8e0bd5abdc448"); 
INSERT INTO Vaccination VALUES ("EDA6CE45845A145C_1", "EDA6CE45845A145C", "LPPMRL98C27G273N", "janssen", "2021-08-12", 1); 
INSERT INTO Vaccination VALUES ("EDA6CE45845A145C_2", "EDA6CE45845A145C", null, null, "2022-03-15 14:00:00", 2); 

INSERT INTO Vac_User VALUES ("3E7F97E2D761A927","Viola","Davis","Brantleyville","1987-09-23",3,"violadavis@poochies.com","+39 (913) 401-2541","none"); 
INSERT INTO User_Credentials VALUES ("3E7F97E2D761A927", "96ec13d5ec40f735763e59fc46eb0a786681284d7adbdc0f2d8e0bd5abdc448"); 
INSERT INTO Vaccination VALUES ("3E7F97E2D761A927_1", "3E7F97E2D761A927", "NRIGSP98C27G273N", "pfizer", "2021-05-21", 1); 
INSERT INTO Vaccination VALUES ("3E7F97E2D761A927_2", "3E7F97E2D761A927", null, null, "2022-03-01 15:00:00", 2); 

INSERT INTO Vac_User VALUES ("252A0A4FBA5BA1E2","Allen","Jackson","Websterville","1940-08-06",1,"allenjackson@poochies.com","+39 (955) 403-2642","fragile"); 
INSERT INTO User_Credentials VALUES ("252A0A4FBA5BA1E2", "96ec13d5ec40f735763e59fc46eb0a786681284d7adbdc0f2d8e0bd5abdc448"); 
INSERT INTO Vaccination VALUES ("252A0A4FBA5BA1E2_1", "252A0A4FBA5BA1E2", "NRIGSP98C27G273N", "pfizer", "2021-10-30", 1); 
INSERT INTO Vaccination VALUES ("252A0A4FBA5BA1E2_2", "252A0A4FBA5BA1E2", null, null, "2022-02-27 12:00:00", 2); 

INSERT INTO Vac_User VALUES ("479F24A2284ACE44","Shana","Coleman","Goodville","1946-01-06",3,"shanacoleman@poochies.com","+39 (852) 558-3353","over65"); 
INSERT INTO User_Credentials VALUES ("479F24A2284ACE44", "96ec13d5ec40f735763e59fc46eb0a786681284d7adbdc0f2d8e0bd5abdc448"); 
INSERT INTO Vaccination VALUES ("479F24A2284ACE44_1", "479F24A2284ACE44", "VCRBNC99D27G273N", "pfizer", "2021-06-22", 1); 
INSERT INTO Vaccination VALUES ("479F24A2284ACE44_2", "479F24A2284ACE44", null, null, "2022-02-23 15:00:00", 2); 

INSERT INTO Vac_User VALUES ("B68E131C83EC4FFD","Martinez","Fulton","Chloride","2008-05-29",1,"martinezfulton@poochies.com","+39 (922) 510-3323","none"); 
INSERT INTO User_Credentials VALUES ("B68E131C83EC4FFD", "96ec13d5ec40f735763e59fc46eb0a786681284d7adbdc0f2d8e0bd5abdc448"); 
INSERT INTO Vaccination VALUES ("B68E131C83EC4FFD_1", "B68E131C83EC4FFD", "LPPMRL98C27G273N", "moderna", "2021-02-08", 1); 
INSERT INTO Vaccination VALUES ("B68E131C83EC4FFD_2", "B68E131C83EC4FFD", null, null, "2022-03-20 12:00:00", 2); 

INSERT INTO Vac_User VALUES ("87771E8422A8EF6F","Desiree","Dotson","Holtville","2003-01-03",3,"desireedotson@poochies.com","+39 (838) 483-2442","over65"); 
INSERT INTO User_Credentials VALUES ("87771E8422A8EF6F", "96ec13d5ec40f735763e59fc46eb0a786681284d7adbdc0f2d8e0bd5abdc448"); 
INSERT INTO Vaccination VALUES ("87771E8422A8EF6F_1", "87771E8422A8EF6F", "NRIGSP98C27G273N", "astrazeneca", "2021-06-01", 1); 
INSERT INTO Vaccination VALUES ("87771E8422A8EF6F_2", "87771E8422A8EF6F", null, null, "2022-03-12 17:00:00", 2); 

INSERT INTO Vac_User VALUES ("82A2999AB899527E","Beatrice","Vega","Stewart","1997-11-12",3,"beatricevega@poochies.com","+39 (947) 441-2868","none"); 
INSERT INTO User_Credentials VALUES ("82A2999AB899527E", "96ec13d5ec40f735763e59fc46eb0a786681284d7adbdc0f2d8e0bd5abdc448"); 
INSERT INTO Vaccination VALUES ("82A2999AB899527E_1", "82A2999AB899527E", "PVGCGR99C27G273N", "astrazeneca", "2021-04-28", 1); 
INSERT INTO Vaccination VALUES ("82A2999AB899527E_2", "82A2999AB899527E", null, null, "2022-03-15 10:00:00", 2); 

INSERT INTO Vac_User VALUES ("0F1A95AB868DB5C6","Marian","Fitzpatrick","Kidder","1980-08-12",3,"marianfitzpatrick@poochies.com","+39 (949) 580-2032","over65"); 
INSERT INTO User_Credentials VALUES ("0F1A95AB868DB5C6", "96ec13d5ec40f735763e59fc46eb0a786681284d7adbdc0f2d8e0bd5abdc448"); 
INSERT INTO Vaccination VALUES ("0F1A95AB868DB5C6_1", "0F1A95AB868DB5C6", "NRIGSP98C27G273N", "astrazeneca", "2021-07-16", 1); 
INSERT INTO Vaccination VALUES ("0F1A95AB868DB5C6_2", "0F1A95AB868DB5C6", null, null, "2022-03-22 09:00:00", 2); 

INSERT INTO Vac_User VALUES ("46C7AA9F70F3220F","Herrera","Cotton","Waumandee","1978-10-07",1,"herreracotton@poochies.com","+39 (943) 425-2880","fragile"); 
INSERT INTO User_Credentials VALUES ("46C7AA9F70F3220F", "96ec13d5ec40f735763e59fc46eb0a786681284d7adbdc0f2d8e0bd5abdc448"); 
INSERT INTO Vaccination VALUES ("46C7AA9F70F3220F_1", "46C7AA9F70F3220F", "LPPMRL98C27G273N", "pfizer", "2021-12-29", 1); 
INSERT INTO Vaccination VALUES ("46C7AA9F70F3220F_2", "46C7AA9F70F3220F", null, null, "2022-03-14 09:00:00", 2); 

INSERT INTO Vac_User VALUES ("584B2C85203E559B","Erika","Hewitt","Vallonia","1994-08-31",3,"erikahewitt@poochies.com","+39 (802) 527-3204","over65"); 
INSERT INTO User_Credentials VALUES ("584B2C85203E559B", "96ec13d5ec40f735763e59fc46eb0a786681284d7adbdc0f2d8e0bd5abdc448"); 
INSERT INTO Vaccination VALUES ("584B2C85203E559B_1", "584B2C85203E559B", "NRIGSP98C27G273N", "janssen", "2021-05-27", 1); 
INSERT INTO Vaccination VALUES ("584B2C85203E559B_2", "584B2C85203E559B", null, null, "2022-02-27 09:00:00", 2); 

INSERT INTO Vac_User VALUES ("DA97E79CB08CF929","Roman","Cummings","Wollochet","1976-05-27",3,"romancummings@poochies.com","+39 (956) 407-2369","over65"); 
INSERT INTO User_Credentials VALUES ("DA97E79CB08CF929", "96ec13d5ec40f735763e59fc46eb0a786681284d7adbdc0f2d8e0bd5abdc448"); 
INSERT INTO Vaccination VALUES ("DA97E79CB08CF929_1", "DA97E79CB08CF929", "DCRRGG98C27G273N", "moderna", "2021-09-02", 1); 
INSERT INTO Vaccination VALUES ("DA97E79CB08CF929_2", "DA97E79CB08CF929", null, null, "2022-03-23 15:00:00", 2); 

INSERT INTO Vac_User VALUES ("07F268084F82B9D6","Jolene","Sherman","Teasdale","1958-01-23",2,"jolenesherman@poochies.com","+39 (834) 412-3274","none"); 
INSERT INTO User_Credentials VALUES ("07F268084F82B9D6", "96ec13d5ec40f735763e59fc46eb0a786681284d7adbdc0f2d8e0bd5abdc448"); 
INSERT INTO Vaccination VALUES ("07F268084F82B9D6_1", "07F268084F82B9D6", "VCRBNC99D27G273N", "janssen", "2021-06-21", 1); 
INSERT INTO Vaccination VALUES ("07F268084F82B9D6_2", "07F268084F82B9D6", null, null, "2022-03-27 15:00:00", 2); 

INSERT INTO Vac_User VALUES ("AC9902A530A182C6","Lyons","Skinner","Iberia","1942-11-16",3,"lyonsskinner@poochies.com","+39 (838) 443-2783","none"); 
INSERT INTO User_Credentials VALUES ("AC9902A530A182C6", "96ec13d5ec40f735763e59fc46eb0a786681284d7adbdc0f2d8e0bd5abdc448"); 
INSERT INTO Vaccination VALUES ("AC9902A530A182C6_1", "AC9902A530A182C6", "DCRRGG98C27G273N", "janssen", "2021-04-08", 1); 
INSERT INTO Vaccination VALUES ("AC9902A530A182C6_2", "AC9902A530A182C6", null, null, "2022-02-26 15:00:00", 2); 

INSERT INTO Vac_User VALUES ("F75321DD398D92F0","Inez","Mcclain","Talpa","1998-07-24",1,"inezmcclain@poochies.com","+39 (854) 556-3509","over65"); 
INSERT INTO User_Credentials VALUES ("F75321DD398D92F0", "96ec13d5ec40f735763e59fc46eb0a786681284d7adbdc0f2d8e0bd5abdc448"); 
INSERT INTO Vaccination VALUES ("F75321DD398D92F0_1", "F75321DD398D92F0", "LPPMRL98C27G273N", "astrazeneca", "2021-12-18", 1); 
INSERT INTO Vaccination VALUES ("F75321DD398D92F0_2", "F75321DD398D92F0", null, null, "2022-03-05 14:00:00", 2); 

INSERT INTO Vac_User VALUES ("0E31E969E475ECAD","Humphrey","Mcneil","Taft","2007-01-09",2,"humphreymcneil@poochies.com","+39 (881) 578-2144","none"); 
INSERT INTO User_Credentials VALUES ("0E31E969E475ECAD", "96ec13d5ec40f735763e59fc46eb0a786681284d7adbdc0f2d8e0bd5abdc448"); 
INSERT INTO Vaccination VALUES ("0E31E969E475ECAD_1", "0E31E969E475ECAD", "VCRBNC99D27G273N", "pfizer", "2021-06-20", 1); 
INSERT INTO Vaccination VALUES ("0E31E969E475ECAD_2", "0E31E969E475ECAD", null, null, "2022-03-02 13:00:00", 2); 

INSERT INTO Vac_User VALUES ("7C838EA123E8C4DB","Ruby","Moon","Beyerville","1990-09-12",1,"rubymoon@poochies.com","+39 (840) 596-2212","none"); 
INSERT INTO User_Credentials VALUES ("7C838EA123E8C4DB", "96ec13d5ec40f735763e59fc46eb0a786681284d7adbdc0f2d8e0bd5abdc448"); 
INSERT INTO Vaccination VALUES ("7C838EA123E8C4DB_1", "7C838EA123E8C4DB", "DCRRGG98C27G273N", "janssen", "2021-03-11", 1); 
INSERT INTO Vaccination VALUES ("7C838EA123E8C4DB_2", "7C838EA123E8C4DB", null, null, "2022-02-24 11:00:00", 2); 

INSERT INTO Vac_User VALUES ("72B93A35C73E8BDA","Dillon","Anderson","Bendon","1943-04-25",2,"dillonanderson@poochies.com","+39 (956) 595-2317","over65"); 
INSERT INTO User_Credentials VALUES ("72B93A35C73E8BDA", "96ec13d5ec40f735763e59fc46eb0a786681284d7adbdc0f2d8e0bd5abdc448"); 
INSERT INTO Vaccination VALUES ("72B93A35C73E8BDA_1", "72B93A35C73E8BDA", "LPPMRL98C27G273N", "astrazeneca", "2021-09-13", 1); 
INSERT INTO Vaccination VALUES ("72B93A35C73E8BDA_2", "72B93A35C73E8BDA", null, null, "2022-03-01 10:00:00", 2); 

INSERT INTO Vac_User VALUES ("C84060E13AF401AE","Davidson","Wong","Williams","2008-12-13",2,"davidsonwong@poochies.com","+39 (903) 488-3939","none"); 
INSERT INTO User_Credentials VALUES ("C84060E13AF401AE", "96ec13d5ec40f735763e59fc46eb0a786681284d7adbdc0f2d8e0bd5abdc448"); 
INSERT INTO Vaccination VALUES ("C84060E13AF401AE_1", "C84060E13AF401AE", "PVGCGR99C27G273N", "moderna", "2021-11-01", 1); 
INSERT INTO Vaccination VALUES ("C84060E13AF401AE_2", "C84060E13AF401AE", null, null, "2022-03-15 14:00:00", 2); 

INSERT INTO Vac_User VALUES ("BF4452F19656F584","Sweeney","Salinas","Weogufka","1999-07-04",3,"sweeneysalinas@poochies.com","+39 (839) 579-3973","over65"); 
INSERT INTO User_Credentials VALUES ("BF4452F19656F584", "96ec13d5ec40f735763e59fc46eb0a786681284d7adbdc0f2d8e0bd5abdc448"); 
INSERT INTO Vaccination VALUES ("BF4452F19656F584_1", "BF4452F19656F584", "DCRRGG98C27G273N", "janssen", "2021-05-04", 1); 
INSERT INTO Vaccination VALUES ("BF4452F19656F584_2", "BF4452F19656F584", null, null, "2022-03-27 17:00:00", 2); 

INSERT INTO Vac_User VALUES ("CDF5425DC554A172","Tracy","Lopez","Allensworth","1965-12-02",2,"tracylopez@poochies.com","+39 (999) 460-3655","over65"); 
INSERT INTO User_Credentials VALUES ("CDF5425DC554A172", "96ec13d5ec40f735763e59fc46eb0a786681284d7adbdc0f2d8e0bd5abdc448"); 
INSERT INTO Vaccination VALUES ("CDF5425DC554A172_1", "CDF5425DC554A172", "NRIGSP98C27G273N", "janssen", "2021-11-01", 1); 
INSERT INTO Vaccination VALUES ("CDF5425DC554A172_2", "CDF5425DC554A172", null, null, "2022-03-19 17:00:00", 2); 

INSERT INTO Vac_User VALUES ("036901DAEAC2E0F5","Edwina","Hodges","Lacomb","1955-08-26",3,"edwinahodges@poochies.com","+39 (801) 437-3262","fragile"); 
INSERT INTO User_Credentials VALUES ("036901DAEAC2E0F5", "96ec13d5ec40f735763e59fc46eb0a786681284d7adbdc0f2d8e0bd5abdc448"); 
INSERT INTO Vaccination VALUES ("036901DAEAC2E0F5_1", "036901DAEAC2E0F5", "VCRBNC99D27G273N", "moderna", "2021-03-08", 1); 
INSERT INTO Vaccination VALUES ("036901DAEAC2E0F5_2", "036901DAEAC2E0F5", null, null, "2022-02-22 14:00:00", 2); 

INSERT INTO Vac_User VALUES ("0BE616EA28D3C2E6","Kristie","Bray","Harrison","1971-06-26",1,"kristiebray@poochies.com","+39 (893) 527-2698","over65"); 
INSERT INTO User_Credentials VALUES ("0BE616EA28D3C2E6", "96ec13d5ec40f735763e59fc46eb0a786681284d7adbdc0f2d8e0bd5abdc448"); 
INSERT INTO Vaccination VALUES ("0BE616EA28D3C2E6_1", "0BE616EA28D3C2E6", "VCRBNC99D27G273N", "astrazeneca", "2021-11-04", 1); 
INSERT INTO Vaccination VALUES ("0BE616EA28D3C2E6_2", "0BE616EA28D3C2E6", null, null, "2022-03-07 12:00:00", 2); 

INSERT INTO Vac_User VALUES ("8E7A95B6DA2048B8","Odessa","Steele","Woodruff","1953-01-12",3,"odessasteele@poochies.com","+39 (917) 584-3682","over65"); 
INSERT INTO User_Credentials VALUES ("8E7A95B6DA2048B8", "96ec13d5ec40f735763e59fc46eb0a786681284d7adbdc0f2d8e0bd5abdc448"); 
INSERT INTO Vaccination VALUES ("8E7A95B6DA2048B8_1", "8E7A95B6DA2048B8", "LPPMRL98C27G273N", "pfizer", "2021-04-11", 1); 
INSERT INTO Vaccination VALUES ("8E7A95B6DA2048B8_2", "8E7A95B6DA2048B8", null, null, "2022-02-26 16:00:00", 2); 

INSERT INTO Vac_User VALUES ("65ED4C963160BCE9","Mejia","Harmon","Moscow","1985-10-02",3,"mejiaharmon@poochies.com","+39 (939) 522-3331","fragile"); 
INSERT INTO User_Credentials VALUES ("65ED4C963160BCE9", "96ec13d5ec40f735763e59fc46eb0a786681284d7adbdc0f2d8e0bd5abdc448"); 
INSERT INTO Vaccination VALUES ("65ED4C963160BCE9_1", "65ED4C963160BCE9", "VCRBNC99D27G273N", "janssen", "2021-02-04", 1); 
INSERT INTO Vaccination VALUES ("65ED4C963160BCE9_2", "65ED4C963160BCE9", null, null, "2022-03-06 11:00:00", 2); 

INSERT INTO Vac_User VALUES ("47D562696B3EDA74","Lacey","Forbes","Onton","1964-08-13",2,"laceyforbes@poochies.com","+39 (890) 403-3553","none"); 
INSERT INTO User_Credentials VALUES ("47D562696B3EDA74", "96ec13d5ec40f735763e59fc46eb0a786681284d7adbdc0f2d8e0bd5abdc448"); 
INSERT INTO Vaccination VALUES ("47D562696B3EDA74_1", "47D562696B3EDA74", "VCRBNC99D27G273N", "astrazeneca", "2021-08-23", 1); 
INSERT INTO Vaccination VALUES ("47D562696B3EDA74_2", "47D562696B3EDA74", null, null, "2022-03-29 09:00:00", 2); 

INSERT INTO Vac_User VALUES ("4A8959B65935CAFE","Guadalupe","Leon","Wikieup","1971-09-18",3,"guadalupeleon@poochies.com","+39 (904) 410-3235","over65"); 
INSERT INTO User_Credentials VALUES ("4A8959B65935CAFE", "96ec13d5ec40f735763e59fc46eb0a786681284d7adbdc0f2d8e0bd5abdc448"); 
INSERT INTO Vaccination VALUES ("4A8959B65935CAFE_1", "4A8959B65935CAFE", "DCRRGG98C27G273N", "pfizer", "2021-04-04", 1); 
INSERT INTO Vaccination VALUES ("4A8959B65935CAFE_2", "4A8959B65935CAFE", null, null, "2022-03-12 13:00:00", 2); 

INSERT INTO Vac_User VALUES ("48A9A1B528AD224D","Briggs","Osborne","Kenvil","1984-09-28",2,"briggsosborne@poochies.com","+39 (947) 546-3573","over65"); 
INSERT INTO User_Credentials VALUES ("48A9A1B528AD224D", "96ec13d5ec40f735763e59fc46eb0a786681284d7adbdc0f2d8e0bd5abdc448"); 
INSERT INTO Vaccination VALUES ("48A9A1B528AD224D_1", "48A9A1B528AD224D", "LPPMRL98C27G273N", "moderna", "2021-02-13", 1); 
INSERT INTO Vaccination VALUES ("48A9A1B528AD224D_2", "48A9A1B528AD224D", null, null, "2022-03-17 13:00:00", 2); 

INSERT INTO Vac_User VALUES ("9F8E529CDBB782F6","Walls","Gentry","Itmann","1960-08-14",3,"wallsgentry@poochies.com","+39 (817) 532-2125","fragile"); 
INSERT INTO User_Credentials VALUES ("9F8E529CDBB782F6", "96ec13d5ec40f735763e59fc46eb0a786681284d7adbdc0f2d8e0bd5abdc448"); 
INSERT INTO Vaccination VALUES ("9F8E529CDBB782F6_1", "9F8E529CDBB782F6", "VCRBNC99D27G273N", "pfizer", "2021-11-10", 1); 
INSERT INTO Vaccination VALUES ("9F8E529CDBB782F6_2", "9F8E529CDBB782F6", null, null, "2022-03-17 12:00:00", 2); 

INSERT INTO Vac_User VALUES ("67AF85D3883FEC28","Emma","Vaughan","Townsend","1951-03-30",3,"emmavaughan@poochies.com","+39 (925) 480-3415","over65"); 
INSERT INTO User_Credentials VALUES ("67AF85D3883FEC28", "96ec13d5ec40f735763e59fc46eb0a786681284d7adbdc0f2d8e0bd5abdc448"); 
INSERT INTO Vaccination VALUES ("67AF85D3883FEC28_1", "67AF85D3883FEC28", "VCRBNC99D27G273N", "janssen", "2021-01-28", 1); 
INSERT INTO Vaccination VALUES ("67AF85D3883FEC28_2", "67AF85D3883FEC28", null, null, "2022-03-05 17:00:00", 2); 

INSERT INTO Vac_User VALUES ("932CFB177EAA6BF4","Amie","Nichols","Catherine","1988-04-02",3,"amienichols@poochies.com","+39 (974) 514-2297","fragile"); 
INSERT INTO User_Credentials VALUES ("932CFB177EAA6BF4", "96ec13d5ec40f735763e59fc46eb0a786681284d7adbdc0f2d8e0bd5abdc448"); 
INSERT INTO Vaccination VALUES ("932CFB177EAA6BF4_1", "932CFB177EAA6BF4", "PVGCGR99C27G273N", "janssen", "2021-12-23", 1); 
INSERT INTO Vaccination VALUES ("932CFB177EAA6BF4_2", "932CFB177EAA6BF4", null, null, "2022-03-06 17:00:00", 2); 

INSERT INTO Vac_User VALUES ("B1F975F43FCD7E91","Leslie","Buckner","Ironton","2004-07-04",3,"lesliebuckner@poochies.com","+39 (862) 573-2960","fragile"); 
INSERT INTO User_Credentials VALUES ("B1F975F43FCD7E91", "96ec13d5ec40f735763e59fc46eb0a786681284d7adbdc0f2d8e0bd5abdc448"); 
INSERT INTO Vaccination VALUES ("B1F975F43FCD7E91_1", "B1F975F43FCD7E91", "PVGCGR99C27G273N", "astrazeneca", "2021-05-10", 1); 
INSERT INTO Vaccination VALUES ("B1F975F43FCD7E91_2", "B1F975F43FCD7E91", null, null, "2022-03-19 16:00:00", 2); 

INSERT INTO Vac_User VALUES ("F4170C0874E5DE06","Lambert","Guerrero","Babb","2007-04-23",1,"lambertguerrero@poochies.com","+39 (962) 479-2595","over65"); 
INSERT INTO User_Credentials VALUES ("F4170C0874E5DE06", "96ec13d5ec40f735763e59fc46eb0a786681284d7adbdc0f2d8e0bd5abdc448"); 
INSERT INTO Vaccination VALUES ("F4170C0874E5DE06_1", "F4170C0874E5DE06", "LPPMRL98C27G273N", "pfizer", "2021-03-24", 1); 
INSERT INTO Vaccination VALUES ("F4170C0874E5DE06_2", "F4170C0874E5DE06", null, null, "2022-02-28 10:00:00", 2); 

INSERT INTO Vac_User VALUES ("A7FA5A56BC91F734","Fowler","Chang","Umapine","2003-10-21",3,"fowlerchang@poochies.com","+39 (854) 544-3627","none"); 
INSERT INTO User_Credentials VALUES ("A7FA5A56BC91F734", "96ec13d5ec40f735763e59fc46eb0a786681284d7adbdc0f2d8e0bd5abdc448"); 
INSERT INTO Vaccination VALUES ("A7FA5A56BC91F734_1", "A7FA5A56BC91F734", "NRIGSP98C27G273N", "moderna", "2021-06-02", 1); 
INSERT INTO Vaccination VALUES ("A7FA5A56BC91F734_2", "A7FA5A56BC91F734", null, null, "2022-03-24 18:00:00", 2); 

INSERT INTO Vac_User VALUES ("4BD4C1C43ED6A940","Callahan","Meyer","Bend","1996-04-06",1,"callahanmeyer@poochies.com","+39 (942) 501-2977","over65"); 
INSERT INTO User_Credentials VALUES ("4BD4C1C43ED6A940", "96ec13d5ec40f735763e59fc46eb0a786681284d7adbdc0f2d8e0bd5abdc448"); 
INSERT INTO Vaccination VALUES ("4BD4C1C43ED6A940_1", "4BD4C1C43ED6A940", "PVGCGR99C27G273N", "pfizer", "2021-01-18", 1); 
INSERT INTO Vaccination VALUES ("4BD4C1C43ED6A940_2", "4BD4C1C43ED6A940", null, null, "2022-03-07 15:00:00", 2); 

INSERT INTO Vac_User VALUES ("2C37534C94A3541F","Brittney","Lara","Marbury","1958-06-14",3,"brittneylara@poochies.com","+39 (845) 439-3605","over65"); 
INSERT INTO User_Credentials VALUES ("2C37534C94A3541F", "96ec13d5ec40f735763e59fc46eb0a786681284d7adbdc0f2d8e0bd5abdc448"); 
INSERT INTO Vaccination VALUES ("2C37534C94A3541F_1", "2C37534C94A3541F", "DCRRGG98C27G273N", "janssen", "2021-11-27", 1); 
INSERT INTO Vaccination VALUES ("2C37534C94A3541F_2", "2C37534C94A3541F", null, null, "2022-03-21 15:00:00", 2); 

INSERT INTO Vac_User VALUES ("A0A01FE5C82DFE42","Dodson","Mathews","Wauhillau","2003-06-04",3,"dodsonmathews@poochies.com","+39 (808) 469-3953","over65"); 
INSERT INTO User_Credentials VALUES ("A0A01FE5C82DFE42", "96ec13d5ec40f735763e59fc46eb0a786681284d7adbdc0f2d8e0bd5abdc448"); 
INSERT INTO Vaccination VALUES ("A0A01FE5C82DFE42_1", "A0A01FE5C82DFE42", "PVGCGR99C27G273N", "astrazeneca", "2021-01-15", 1); 
INSERT INTO Vaccination VALUES ("A0A01FE5C82DFE42_2", "A0A01FE5C82DFE42", null, null, "2022-03-21 18:00:00", 2); 

INSERT INTO Vac_User VALUES ("044C82AD88435FB8","Horn","White","Skyland","1971-05-13",1,"hornwhite@poochies.com","+39 (874) 518-2603","none"); 
INSERT INTO User_Credentials VALUES ("044C82AD88435FB8", "96ec13d5ec40f735763e59fc46eb0a786681284d7adbdc0f2d8e0bd5abdc448"); 
INSERT INTO Vaccination VALUES ("044C82AD88435FB8_1", "044C82AD88435FB8", "NRIGSP98C27G273N", "astrazeneca", "2021-09-26", 1); 
INSERT INTO Vaccination VALUES ("044C82AD88435FB8_2", "044C82AD88435FB8", null, null, "2022-03-02 09:00:00", 2); 

INSERT INTO Vac_User VALUES ("1BD692480F7FC61F","Bonnie","Mclaughlin","Sunriver","1989-05-12",2,"bonniemclaughlin@poochies.com","+39 (827) 510-2743","fragile"); 
INSERT INTO User_Credentials VALUES ("1BD692480F7FC61F", "96ec13d5ec40f735763e59fc46eb0a786681284d7adbdc0f2d8e0bd5abdc448"); 
INSERT INTO Vaccination VALUES ("1BD692480F7FC61F_1", "1BD692480F7FC61F", "NRIGSP98C27G273N", "moderna", "2021-11-24", 1); 
INSERT INTO Vaccination VALUES ("1BD692480F7FC61F_2", "1BD692480F7FC61F", null, null, "2022-03-22 14:00:00", 2); 

INSERT INTO Vac_User VALUES ("372539F23BF0ABF5","Riley","Barnett","Logan","1944-05-09",3,"rileybarnett@poochies.com","+39 (948) 593-2067","none"); 
INSERT INTO User_Credentials VALUES ("372539F23BF0ABF5", "96ec13d5ec40f735763e59fc46eb0a786681284d7adbdc0f2d8e0bd5abdc448"); 
INSERT INTO Vaccination VALUES ("372539F23BF0ABF5_1", "372539F23BF0ABF5", "NRIGSP98C27G273N", "pfizer", "2021-11-08", 1); 
INSERT INTO Vaccination VALUES ("372539F23BF0ABF5_2", "372539F23BF0ABF5", null, null, "2022-02-28 11:00:00", 2); 

INSERT INTO Vac_User VALUES ("A7DA94E900992CE1","Michael","Langley","Smeltertown","1973-05-01",3,"michaellangley@poochies.com","+39 (916) 445-3366","over65"); 
INSERT INTO User_Credentials VALUES ("A7DA94E900992CE1", "96ec13d5ec40f735763e59fc46eb0a786681284d7adbdc0f2d8e0bd5abdc448"); 
INSERT INTO Vaccination VALUES ("A7DA94E900992CE1_1", "A7DA94E900992CE1", "DCRRGG98C27G273N", "janssen", "2021-04-30", 1); 
INSERT INTO Vaccination VALUES ("A7DA94E900992CE1_2", "A7DA94E900992CE1", null, null, "2022-02-26 09:00:00", 2); 

INSERT INTO Vac_User VALUES ("72F280F5982C730A","Day","Freeman","Carbonville","1968-08-26",2,"dayfreeman@poochies.com","+39 (935) 479-2370","fragile"); 
INSERT INTO User_Credentials VALUES ("72F280F5982C730A", "96ec13d5ec40f735763e59fc46eb0a786681284d7adbdc0f2d8e0bd5abdc448"); 
INSERT INTO Vaccination VALUES ("72F280F5982C730A_1", "72F280F5982C730A", "LPPMRL98C27G273N", "pfizer", "2021-02-22", 1); 
INSERT INTO Vaccination VALUES ("72F280F5982C730A_2", "72F280F5982C730A", null, null, "2022-03-28 16:00:00", 2); 

INSERT INTO Vac_User VALUES ("4959B66BA4AC0CA7","Ramos","Collier","Lutsen","1990-03-19",2,"ramoscollier@poochies.com","+39 (931) 453-3868","fragile"); 
INSERT INTO User_Credentials VALUES ("4959B66BA4AC0CA7", "96ec13d5ec40f735763e59fc46eb0a786681284d7adbdc0f2d8e0bd5abdc448"); 
INSERT INTO Vaccination VALUES ("4959B66BA4AC0CA7_1", "4959B66BA4AC0CA7", "LPPMRL98C27G273N", "astrazeneca", "2021-04-03", 1); 
INSERT INTO Vaccination VALUES ("4959B66BA4AC0CA7_2", "4959B66BA4AC0CA7", null, null, "2022-03-22 15:00:00", 2); 

INSERT INTO Vac_User VALUES ("3A4C77D99C82C79D","Ashley","Conrad","Ernstville","1967-12-27",1,"ashleyconrad@poochies.com","+39 (821) 564-3330","over65"); 
INSERT INTO User_Credentials VALUES ("3A4C77D99C82C79D", "96ec13d5ec40f735763e59fc46eb0a786681284d7adbdc0f2d8e0bd5abdc448"); 
INSERT INTO Vaccination VALUES ("3A4C77D99C82C79D_1", "3A4C77D99C82C79D", "VCRBNC99D27G273N", "astrazeneca", "2021-09-26", 1); 
INSERT INTO Vaccination VALUES ("3A4C77D99C82C79D_2", "3A4C77D99C82C79D", null, null, "2022-03-17 18:00:00", 2); 

INSERT INTO Vac_User VALUES ("7B5B9C33388A95E7","Wooten","Fuentes","Axis","1981-07-06",2,"wootenfuentes@poochies.com","+39 (879) 410-3307","none"); 
INSERT INTO User_Credentials VALUES ("7B5B9C33388A95E7", "96ec13d5ec40f735763e59fc46eb0a786681284d7adbdc0f2d8e0bd5abdc448"); 
INSERT INTO Vaccination VALUES ("7B5B9C33388A95E7_1", "7B5B9C33388A95E7", "LPPMRL98C27G273N", "pfizer", "2021-07-08", 1); 
INSERT INTO Vaccination VALUES ("7B5B9C33388A95E7_2", "7B5B9C33388A95E7", null, null, "2022-03-08 11:00:00", 2); 

INSERT INTO Vac_User VALUES ("DAC470E5C680E0B4","Eugenia","Lowe","Munjor","2003-12-01",2,"eugenialowe@poochies.com","+39 (853) 475-3727","fragile"); 
INSERT INTO User_Credentials VALUES ("DAC470E5C680E0B4", "96ec13d5ec40f735763e59fc46eb0a786681284d7adbdc0f2d8e0bd5abdc448"); 
INSERT INTO Vaccination VALUES ("DAC470E5C680E0B4_1", "DAC470E5C680E0B4", "PVGCGR99C27G273N", "moderna", "2021-08-22", 1); 
INSERT INTO Vaccination VALUES ("DAC470E5C680E0B4_2", "DAC470E5C680E0B4", null, null, "2022-03-06 12:00:00", 2); 

INSERT INTO Vac_User VALUES ("4DB30CF9722A504D","Kathie","Walsh","Darbydale","1946-11-30",2,"kathiewalsh@poochies.com","+39 (987) 438-3335","over65"); 
INSERT INTO User_Credentials VALUES ("4DB30CF9722A504D", "96ec13d5ec40f735763e59fc46eb0a786681284d7adbdc0f2d8e0bd5abdc448"); 
INSERT INTO Vaccination VALUES ("4DB30CF9722A504D_1", "4DB30CF9722A504D", "DCRRGG98C27G273N", "astrazeneca", "2021-09-30", 1); 
INSERT INTO Vaccination VALUES ("4DB30CF9722A504D_2", "4DB30CF9722A504D", null, null, "2022-03-08 17:00:00", 2); 

INSERT INTO Vac_User VALUES ("44B3A587F057F799","Horne","Glass","Chesapeake","1992-02-28",1,"horneglass@poochies.com","+39 (923) 451-2113","none"); 
INSERT INTO User_Credentials VALUES ("44B3A587F057F799", "96ec13d5ec40f735763e59fc46eb0a786681284d7adbdc0f2d8e0bd5abdc448"); 
INSERT INTO Vaccination VALUES ("44B3A587F057F799_1", "44B3A587F057F799", "VCRBNC99D27G273N", "pfizer", "2021-03-11", 1); 
INSERT INTO Vaccination VALUES ("44B3A587F057F799_2", "44B3A587F057F799", null, null, "2022-03-12 18:00:00", 2); 

INSERT INTO Vac_User VALUES ("777420DC5ED08DB0","Ada","Burton","Rivers","1988-03-17",1,"adaburton@poochies.com","+39 (963) 404-2319","over65"); 
INSERT INTO User_Credentials VALUES ("777420DC5ED08DB0", "96ec13d5ec40f735763e59fc46eb0a786681284d7adbdc0f2d8e0bd5abdc448"); 
INSERT INTO Vaccination VALUES ("777420DC5ED08DB0_1", "777420DC5ED08DB0", "VCRBNC99D27G273N", "moderna", "2021-09-12", 1); 
INSERT INTO Vaccination VALUES ("777420DC5ED08DB0_2", "777420DC5ED08DB0", null, null, "2022-03-14 16:00:00", 2); 

INSERT INTO Vac_User VALUES ("B8CC4330FBE0D594","Daniel","Knowles","Ivanhoe","1982-04-03",3,"danielknowles@poochies.com","+39 (822) 483-2013","fragile"); 
INSERT INTO User_Credentials VALUES ("B8CC4330FBE0D594", "96ec13d5ec40f735763e59fc46eb0a786681284d7adbdc0f2d8e0bd5abdc448"); 
INSERT INTO Vaccination VALUES ("B8CC4330FBE0D594_1", "B8CC4330FBE0D594", "LPPMRL98C27G273N", "janssen", "2021-01-11", 1); 
INSERT INTO Vaccination VALUES ("B8CC4330FBE0D594_2", "B8CC4330FBE0D594", null, null, "2022-03-12 15:00:00", 2); 

INSERT INTO Vac_User VALUES ("5428731A847DBDF2","Rachel","Burnett","Dupuyer","1961-11-20",2,"rachelburnett@poochies.com","+39 (814) 449-2436","over65"); 
INSERT INTO User_Credentials VALUES ("5428731A847DBDF2", "96ec13d5ec40f735763e59fc46eb0a786681284d7adbdc0f2d8e0bd5abdc448"); 
INSERT INTO Vaccination VALUES ("5428731A847DBDF2_1", "5428731A847DBDF2", "PVGCGR99C27G273N", "moderna", "2021-04-12", 1); 
INSERT INTO Vaccination VALUES ("5428731A847DBDF2_2", "5428731A847DBDF2", null, null, "2022-03-15 14:00:00", 2); 

INSERT INTO Vac_User VALUES ("42198DD7C5CC2BF6","Velma","Woodard","Leyner","1992-02-07",2,"velmawoodard@poochies.com","+39 (829) 451-2476","over65"); 
INSERT INTO User_Credentials VALUES ("42198DD7C5CC2BF6", "96ec13d5ec40f735763e59fc46eb0a786681284d7adbdc0f2d8e0bd5abdc448"); 
INSERT INTO Vaccination VALUES ("42198DD7C5CC2BF6_1", "42198DD7C5CC2BF6", "VCRBNC99D27G273N", "moderna", "2021-02-21", 1); 
INSERT INTO Vaccination VALUES ("42198DD7C5CC2BF6_2", "42198DD7C5CC2BF6", null, null, "2022-03-22 10:00:00", 2); 

INSERT INTO Vac_User VALUES ("E94F9868B7C8F1B8","Sasha","Quinn","Titanic","1965-07-22",1,"sashaquinn@poochies.com","+39 (848) 401-2578","over65"); 
INSERT INTO User_Credentials VALUES ("E94F9868B7C8F1B8", "96ec13d5ec40f735763e59fc46eb0a786681284d7adbdc0f2d8e0bd5abdc448"); 
INSERT INTO Vaccination VALUES ("E94F9868B7C8F1B8_1", "E94F9868B7C8F1B8", "VCRBNC99D27G273N", "astrazeneca", "2021-07-17", 1); 
INSERT INTO Vaccination VALUES ("E94F9868B7C8F1B8_2", "E94F9868B7C8F1B8", null, null, "2022-02-24 12:00:00", 2); 

INSERT INTO Vac_User VALUES ("7C299AA384252C95","Salinas","Jennings","Sparkill","1992-07-31",2,"salinasjennings@poochies.com","+39 (859) 431-3248","fragile"); 
INSERT INTO User_Credentials VALUES ("7C299AA384252C95", "96ec13d5ec40f735763e59fc46eb0a786681284d7adbdc0f2d8e0bd5abdc448"); 
INSERT INTO Vaccination VALUES ("7C299AA384252C95_1", "7C299AA384252C95", "NRIGSP98C27G273N", "pfizer", "2021-01-27", 1); 
INSERT INTO Vaccination VALUES ("7C299AA384252C95_2", "7C299AA384252C95", null, null, "2022-03-06 10:00:00", 2); 

INSERT INTO Vac_User VALUES ("1384FA6E70CB83BC","Herring","Delacruz","Crawfordsville","1989-08-18",1,"herringdelacruz@poochies.com","+39 (890) 445-2291","none"); 
INSERT INTO User_Credentials VALUES ("1384FA6E70CB83BC", "96ec13d5ec40f735763e59fc46eb0a786681284d7adbdc0f2d8e0bd5abdc448"); 
INSERT INTO Vaccination VALUES ("1384FA6E70CB83BC_1", "1384FA6E70CB83BC", "LPPMRL98C27G273N", "janssen", "2021-10-30", 1); 
INSERT INTO Vaccination VALUES ("1384FA6E70CB83BC_2", "1384FA6E70CB83BC", null, null, "2022-03-15 10:00:00", 2); 

INSERT INTO Vac_User VALUES ("422FE0E4970BF741","Delia","Cameron","Conway","1990-04-23",3,"deliacameron@poochies.com","+39 (988) 514-2933","none"); 
INSERT INTO User_Credentials VALUES ("422FE0E4970BF741", "96ec13d5ec40f735763e59fc46eb0a786681284d7adbdc0f2d8e0bd5abdc448"); 
INSERT INTO Vaccination VALUES ("422FE0E4970BF741_1", "422FE0E4970BF741", "NRIGSP98C27G273N", "janssen", "2021-10-22", 1); 
INSERT INTO Vaccination VALUES ("422FE0E4970BF741_2", "422FE0E4970BF741", null, null, "2022-03-01 15:00:00", 2); 

INSERT INTO Vac_User VALUES ("4E0061BED20B5F03","Bette","Weber","Bascom","2002-06-11",1,"betteweber@poochies.com","+39 (983) 462-2124","over65"); 
INSERT INTO User_Credentials VALUES ("4E0061BED20B5F03", "96ec13d5ec40f735763e59fc46eb0a786681284d7adbdc0f2d8e0bd5abdc448"); 
INSERT INTO Vaccination VALUES ("4E0061BED20B5F03_1", "4E0061BED20B5F03", "VCRBNC99D27G273N", "moderna", "2021-08-18", 1); 
INSERT INTO Vaccination VALUES ("4E0061BED20B5F03_2", "4E0061BED20B5F03", null, null, "2022-02-22 18:00:00", 2); 

INSERT INTO Vac_User VALUES ("4644E9F977B2037A","Pruitt","Garrett","Shrewsbury","1995-10-23",1,"pruittgarrett@poochies.com","+39 (991) 420-2145","none"); 
INSERT INTO User_Credentials VALUES ("4644E9F977B2037A", "96ec13d5ec40f735763e59fc46eb0a786681284d7adbdc0f2d8e0bd5abdc448"); 
INSERT INTO Vaccination VALUES ("4644E9F977B2037A_1", "4644E9F977B2037A", "NRIGSP98C27G273N", "pfizer", "2021-08-17", 1); 
INSERT INTO Vaccination VALUES ("4644E9F977B2037A_2", "4644E9F977B2037A", null, null, "2022-02-24 10:00:00", 2); 

INSERT INTO Vac_User VALUES ("AA7A6B6E19E44D6B","Vera","Petty","Singer","1986-05-19",2,"verapetty@poochies.com","+39 (993) 447-2171","over65"); 
INSERT INTO User_Credentials VALUES ("AA7A6B6E19E44D6B", "96ec13d5ec40f735763e59fc46eb0a786681284d7adbdc0f2d8e0bd5abdc448"); 
INSERT INTO Vaccination VALUES ("AA7A6B6E19E44D6B_1", "AA7A6B6E19E44D6B", "VCRBNC99D27G273N", "astrazeneca", "2021-06-11", 1); 
INSERT INTO Vaccination VALUES ("AA7A6B6E19E44D6B_2", "AA7A6B6E19E44D6B", null, null, "2022-03-19 17:00:00", 2); 

INSERT INTO Vac_User VALUES ("1670FEAC70AC0118","Letitia","Lott","Derwood","1979-12-03",3,"letitialott@poochies.com","+39 (827) 575-3314","fragile"); 
INSERT INTO User_Credentials VALUES ("1670FEAC70AC0118", "96ec13d5ec40f735763e59fc46eb0a786681284d7adbdc0f2d8e0bd5abdc448"); 
INSERT INTO Vaccination VALUES ("1670FEAC70AC0118_1", "1670FEAC70AC0118", "PVGCGR99C27G273N", "moderna", "2021-08-12", 1); 
INSERT INTO Vaccination VALUES ("1670FEAC70AC0118_2", "1670FEAC70AC0118", null, null, "2022-02-24 10:00:00", 2); 

INSERT INTO Vac_User VALUES ("7C583CFFA3BD162B","Neal","Berger","Tecolotito","1986-12-01",2,"nealberger@poochies.com","+39 (939) 502-3230","none"); 
INSERT INTO User_Credentials VALUES ("7C583CFFA3BD162B", "96ec13d5ec40f735763e59fc46eb0a786681284d7adbdc0f2d8e0bd5abdc448"); 
INSERT INTO Vaccination VALUES ("7C583CFFA3BD162B_1", "7C583CFFA3BD162B", "PVGCGR99C27G273N", "janssen", "2021-03-03", 1); 
INSERT INTO Vaccination VALUES ("7C583CFFA3BD162B_2", "7C583CFFA3BD162B", null, null, "2022-02-26 17:00:00", 2); 

INSERT INTO Vac_User VALUES ("070673FFAA7AF7B4","Holland","Mccarty","Oasis","1950-06-03",3,"hollandmccarty@poochies.com","+39 (954) 433-3662","fragile"); 
INSERT INTO User_Credentials VALUES ("070673FFAA7AF7B4", "96ec13d5ec40f735763e59fc46eb0a786681284d7adbdc0f2d8e0bd5abdc448"); 
INSERT INTO Vaccination VALUES ("070673FFAA7AF7B4_1", "070673FFAA7AF7B4", "LPPMRL98C27G273N", "astrazeneca", "2021-04-08", 1); 
INSERT INTO Vaccination VALUES ("070673FFAA7AF7B4_2", "070673FFAA7AF7B4", null, null, "2022-03-20 13:00:00", 2); 

INSERT INTO Vac_User VALUES ("DE598DBF061894B4","Cortez","Wall","Coral","1979-01-12",2,"cortezwall@poochies.com","+39 (863) 455-2384","over65"); 
INSERT INTO User_Credentials VALUES ("DE598DBF061894B4", "96ec13d5ec40f735763e59fc46eb0a786681284d7adbdc0f2d8e0bd5abdc448"); 
INSERT INTO Vaccination VALUES ("DE598DBF061894B4_1", "DE598DBF061894B4", "LPPMRL98C27G273N", "astrazeneca", "2021-02-04", 1); 
INSERT INTO Vaccination VALUES ("DE598DBF061894B4_2", "DE598DBF061894B4", null, null, "2022-03-23 18:00:00", 2); 

INSERT INTO Vac_User VALUES ("25DEF8B489728419","Calhoun","Gay","Rushford","1941-07-10",2,"calhoungay@poochies.com","+39 (835) 493-3787","over65"); 
INSERT INTO User_Credentials VALUES ("25DEF8B489728419", "96ec13d5ec40f735763e59fc46eb0a786681284d7adbdc0f2d8e0bd5abdc448"); 
INSERT INTO Vaccination VALUES ("25DEF8B489728419_1", "25DEF8B489728419", "DCRRGG98C27G273N", "pfizer", "2021-05-30", 1); 
INSERT INTO Vaccination VALUES ("25DEF8B489728419_2", "25DEF8B489728419", null, null, "2022-03-02 15:00:00", 2); 

INSERT INTO Vac_User VALUES ("0481CE4FF18B8F23","Kitty","Knapp","Sisquoc","1942-05-28",3,"kittyknapp@poochies.com","+39 (843) 408-2457","fragile"); 
INSERT INTO User_Credentials VALUES ("0481CE4FF18B8F23", "96ec13d5ec40f735763e59fc46eb0a786681284d7adbdc0f2d8e0bd5abdc448"); 
INSERT INTO Vaccination VALUES ("0481CE4FF18B8F23_1", "0481CE4FF18B8F23", "PVGCGR99C27G273N", "pfizer", "2021-10-24", 1); 
INSERT INTO Vaccination VALUES ("0481CE4FF18B8F23_2", "0481CE4FF18B8F23", null, null, "2022-02-27 18:00:00", 2); 

INSERT INTO Vac_User VALUES ("B1BE02F3C32C5CF6","Roberson","Mooney","Hegins","1988-01-01",1,"robersonmooney@poochies.com","+39 (883) 573-2760","none"); 
INSERT INTO User_Credentials VALUES ("B1BE02F3C32C5CF6", "96ec13d5ec40f735763e59fc46eb0a786681284d7adbdc0f2d8e0bd5abdc448"); 
INSERT INTO Vaccination VALUES ("B1BE02F3C32C5CF6_1", "B1BE02F3C32C5CF6", "PVGCGR99C27G273N", "astrazeneca", "2021-05-10", 1); 
INSERT INTO Vaccination VALUES ("B1BE02F3C32C5CF6_2", "B1BE02F3C32C5CF6", null, null, "2022-03-13 18:00:00", 2); 

INSERT INTO Vac_User VALUES ("3F5F5E90BF86C6FF","Cross","Whitley","Vowinckel","1990-01-13",1,"crosswhitley@poochies.com","+39 (941) 546-3240","none"); 
INSERT INTO User_Credentials VALUES ("3F5F5E90BF86C6FF", "96ec13d5ec40f735763e59fc46eb0a786681284d7adbdc0f2d8e0bd5abdc448"); 
INSERT INTO Vaccination VALUES ("3F5F5E90BF86C6FF_1", "3F5F5E90BF86C6FF", "VCRBNC99D27G273N", "moderna", "2021-11-21", 1); 
INSERT INTO Vaccination VALUES ("3F5F5E90BF86C6FF_2", "3F5F5E90BF86C6FF", null, null, "2022-03-05 15:00:00", 2); 

INSERT INTO Vac_User VALUES ("13091A0573AE2A1B","Willie","Brennan","Gorst","2006-06-17",2,"williebrennan@poochies.com","+39 (990) 572-2935","over65"); 
INSERT INTO User_Credentials VALUES ("13091A0573AE2A1B", "96ec13d5ec40f735763e59fc46eb0a786681284d7adbdc0f2d8e0bd5abdc448"); 
INSERT INTO Vaccination VALUES ("13091A0573AE2A1B_1", "13091A0573AE2A1B", "VCRBNC99D27G273N", "pfizer", "2021-03-25", 1); 
INSERT INTO Vaccination VALUES ("13091A0573AE2A1B_2", "13091A0573AE2A1B", null, null, "2022-03-15 11:00:00", 2); 

INSERT INTO Vac_User VALUES ("EA53E402A0C8BCE7","Hester","Wilder","Stockdale","1953-12-23",2,"hesterwilder@poochies.com","+39 (934) 469-2826","over65"); 
INSERT INTO User_Credentials VALUES ("EA53E402A0C8BCE7", "96ec13d5ec40f735763e59fc46eb0a786681284d7adbdc0f2d8e0bd5abdc448"); 
INSERT INTO Vaccination VALUES ("EA53E402A0C8BCE7_1", "EA53E402A0C8BCE7", "LPPMRL98C27G273N", "moderna", "2021-10-21", 1); 
INSERT INTO Vaccination VALUES ("EA53E402A0C8BCE7_2", "EA53E402A0C8BCE7", null, null, "2022-03-20 14:00:00", 2); 

INSERT INTO Vac_User VALUES ("545989FE705F5A44","Albert","Dillard","Ventress","1985-07-19",2,"albertdillard@poochies.com","+39 (875) 485-3325","none"); 
INSERT INTO User_Credentials VALUES ("545989FE705F5A44", "96ec13d5ec40f735763e59fc46eb0a786681284d7adbdc0f2d8e0bd5abdc448"); 
INSERT INTO Vaccination VALUES ("545989FE705F5A44_1", "545989FE705F5A44", "DCRRGG98C27G273N", "janssen", "2021-07-08", 1); 
INSERT INTO Vaccination VALUES ("545989FE705F5A44_2", "545989FE705F5A44", null, null, "2022-03-17 09:00:00", 2); 

INSERT INTO Vac_User VALUES ("87CE28353A7E5B76","Genevieve","Smith","Chical","1953-02-15",1,"genevievesmith@poochies.com","+39 (895) 463-2876","none"); 
INSERT INTO User_Credentials VALUES ("87CE28353A7E5B76", "96ec13d5ec40f735763e59fc46eb0a786681284d7adbdc0f2d8e0bd5abdc448"); 
INSERT INTO Vaccination VALUES ("87CE28353A7E5B76_1", "87CE28353A7E5B76", "VCRBNC99D27G273N", "pfizer", "2021-12-01", 1); 
INSERT INTO Vaccination VALUES ("87CE28353A7E5B76_2", "87CE28353A7E5B76", null, null, "2022-03-28 11:00:00", 2); 

INSERT INTO Vac_User VALUES ("99167385A09C9C4B","Christian","Gonzalez","Indio","1973-01-17",3,"christiangonzalez@poochies.com","+39 (860) 552-3525","fragile"); 
INSERT INTO User_Credentials VALUES ("99167385A09C9C4B", "96ec13d5ec40f735763e59fc46eb0a786681284d7adbdc0f2d8e0bd5abdc448"); 
INSERT INTO Vaccination VALUES ("99167385A09C9C4B_1", "99167385A09C9C4B", "LPPMRL98C27G273N", "pfizer", "2021-10-25", 1); 
INSERT INTO Vaccination VALUES ("99167385A09C9C4B_2", "99167385A09C9C4B", null, null, "2022-03-02 11:00:00", 2); 

INSERT INTO Vac_User VALUES ("277C42B29EA77C04","Langley","Myers","Mappsville","1962-04-09",2,"langleymyers@poochies.com","+39 (850) 434-2105","over65"); 
INSERT INTO User_Credentials VALUES ("277C42B29EA77C04", "96ec13d5ec40f735763e59fc46eb0a786681284d7adbdc0f2d8e0bd5abdc448"); 
INSERT INTO Vaccination VALUES ("277C42B29EA77C04_1", "277C42B29EA77C04", "PVGCGR99C27G273N", "astrazeneca", "2021-11-07", 1); 
INSERT INTO Vaccination VALUES ("277C42B29EA77C04_2", "277C42B29EA77C04", null, null, "2022-03-15 16:00:00", 2); 

INSERT INTO Vac_User VALUES ("6C3C0A57F6FD0207","Rogers","Mccray","Romeville","2000-07-29",3,"rogersmccray@poochies.com","+39 (814) 576-3326","none"); 
INSERT INTO User_Credentials VALUES ("6C3C0A57F6FD0207", "96ec13d5ec40f735763e59fc46eb0a786681284d7adbdc0f2d8e0bd5abdc448"); 
INSERT INTO Vaccination VALUES ("6C3C0A57F6FD0207_1", "6C3C0A57F6FD0207", "VCRBNC99D27G273N", "janssen", "2021-11-25", 1); 
INSERT INTO Vaccination VALUES ("6C3C0A57F6FD0207_2", "6C3C0A57F6FD0207", null, null, "2022-03-14 09:00:00", 2); 

INSERT INTO Vac_User VALUES ("7AB15D412E3DCB96","Floyd","Rosales","Brandywine","2008-09-12",2,"floydrosales@poochies.com","+39 (925) 504-2336","fragile"); 
INSERT INTO User_Credentials VALUES ("7AB15D412E3DCB96", "96ec13d5ec40f735763e59fc46eb0a786681284d7adbdc0f2d8e0bd5abdc448"); 
INSERT INTO Vaccination VALUES ("7AB15D412E3DCB96_1", "7AB15D412E3DCB96", "NRIGSP98C27G273N", "moderna", "2021-09-28", 1); 
INSERT INTO Vaccination VALUES ("7AB15D412E3DCB96_2", "7AB15D412E3DCB96", null, null, "2022-02-27 16:00:00", 2); 

INSERT INTO Vac_User VALUES ("4051E3F181E7B3B9","Marjorie","Hartman","Montura","1992-07-06",1,"marjoriehartman@poochies.com","+39 (886) 545-3887","over65"); 
INSERT INTO User_Credentials VALUES ("4051E3F181E7B3B9", "96ec13d5ec40f735763e59fc46eb0a786681284d7adbdc0f2d8e0bd5abdc448"); 
INSERT INTO Vaccination VALUES ("4051E3F181E7B3B9_1", "4051E3F181E7B3B9", "LPPMRL98C27G273N", "pfizer", "2021-02-16", 1); 
INSERT INTO Vaccination VALUES ("4051E3F181E7B3B9_2", "4051E3F181E7B3B9", null, null, "2022-03-24 18:00:00", 2); 

INSERT INTO Vac_User VALUES ("1EE7D4B47866A48D","Richard","Molina","Roland","1996-03-07",2,"richardmolina@poochies.com","+39 (903) 493-2065","none"); 
INSERT INTO User_Credentials VALUES ("1EE7D4B47866A48D", "96ec13d5ec40f735763e59fc46eb0a786681284d7adbdc0f2d8e0bd5abdc448"); 
INSERT INTO Vaccination VALUES ("1EE7D4B47866A48D_1", "1EE7D4B47866A48D", "VCRBNC99D27G273N", "astrazeneca", "2021-03-15", 1); 
INSERT INTO Vaccination VALUES ("1EE7D4B47866A48D_2", "1EE7D4B47866A48D", null, null, "2022-03-16 11:00:00", 2); 

INSERT INTO Vac_User VALUES ("62BDC674A9EAE21A","Branch","Larson","Torboy","1949-08-05",2,"branchlarson@poochies.com","+39 (865) 561-2061","over65"); 
INSERT INTO User_Credentials VALUES ("62BDC674A9EAE21A", "96ec13d5ec40f735763e59fc46eb0a786681284d7adbdc0f2d8e0bd5abdc448"); 
INSERT INTO Vaccination VALUES ("62BDC674A9EAE21A_1", "62BDC674A9EAE21A", "DCRRGG98C27G273N", "moderna", "2021-10-18", 1); 
INSERT INTO Vaccination VALUES ("62BDC674A9EAE21A_2", "62BDC674A9EAE21A", null, null, "2022-02-22 18:00:00", 2); 

INSERT INTO Vac_User VALUES ("4D059EB1636F8D7E","Griffith","Beard","Brazos","2003-01-09",3,"griffithbeard@poochies.com","+39 (829) 584-3012","fragile"); 
INSERT INTO User_Credentials VALUES ("4D059EB1636F8D7E", "96ec13d5ec40f735763e59fc46eb0a786681284d7adbdc0f2d8e0bd5abdc448"); 
INSERT INTO Vaccination VALUES ("4D059EB1636F8D7E_1", "4D059EB1636F8D7E", "LPPMRL98C27G273N", "janssen", "2021-06-20", 1); 
INSERT INTO Vaccination VALUES ("4D059EB1636F8D7E_2", "4D059EB1636F8D7E", null, null, "2022-03-28 14:00:00", 2); 

INSERT INTO Vac_User VALUES ("BA46287B959EAD4F","Latisha","Haney","Helen","1965-12-06",1,"latishahaney@poochies.com","+39 (955) 546-2624","none"); 
INSERT INTO User_Credentials VALUES ("BA46287B959EAD4F", "96ec13d5ec40f735763e59fc46eb0a786681284d7adbdc0f2d8e0bd5abdc448"); 
INSERT INTO Vaccination VALUES ("BA46287B959EAD4F_1", "BA46287B959EAD4F", "LPPMRL98C27G273N", "pfizer", "2021-11-06", 1); 
INSERT INTO Vaccination VALUES ("BA46287B959EAD4F_2", "BA46287B959EAD4F", null, null, "2022-03-12 15:00:00", 2); 

INSERT INTO Vac_User VALUES ("D2C858753AD80FD0","Key","Donaldson","Rockbridge","1963-01-22",1,"keydonaldson@poochies.com","+39 (933) 517-3025","none"); 
INSERT INTO User_Credentials VALUES ("D2C858753AD80FD0", "96ec13d5ec40f735763e59fc46eb0a786681284d7adbdc0f2d8e0bd5abdc448"); 
INSERT INTO Vaccination VALUES ("D2C858753AD80FD0_1", "D2C858753AD80FD0", "NRIGSP98C27G273N", "astrazeneca", "2021-05-26", 1); 
INSERT INTO Vaccination VALUES ("D2C858753AD80FD0_2", "D2C858753AD80FD0", null, null, "2022-02-22 14:00:00", 2); 

INSERT INTO Vac_User VALUES ("80DBD194894BBCDD","Lucille","Medina","Manila","1941-12-04",1,"lucillemedina@poochies.com","+39 (959) 546-2133","over65"); 
INSERT INTO User_Credentials VALUES ("80DBD194894BBCDD", "96ec13d5ec40f735763e59fc46eb0a786681284d7adbdc0f2d8e0bd5abdc448"); 
INSERT INTO Vaccination VALUES ("80DBD194894BBCDD_1", "80DBD194894BBCDD", "DCRRGG98C27G273N", "pfizer", "2021-04-27", 1); 
INSERT INTO Vaccination VALUES ("80DBD194894BBCDD_2", "80DBD194894BBCDD", null, null, "2022-02-23 18:00:00", 2); 

INSERT INTO Vac_User VALUES ("7B13D1B21AEE2C6E","Pena","Madden","Ada","1992-09-11",1,"penamadden@poochies.com","+39 (826) 559-2084","none"); 
INSERT INTO User_Credentials VALUES ("7B13D1B21AEE2C6E", "96ec13d5ec40f735763e59fc46eb0a786681284d7adbdc0f2d8e0bd5abdc448"); 
INSERT INTO Vaccination VALUES ("7B13D1B21AEE2C6E_1", "7B13D1B21AEE2C6E", "PVGCGR99C27G273N", "moderna", "2021-08-01", 1); 
INSERT INTO Vaccination VALUES ("7B13D1B21AEE2C6E_2", "7B13D1B21AEE2C6E", null, null, "2022-03-16 12:00:00", 2); 

INSERT INTO Vac_User VALUES ("531FAF11DC28D8C8","Walter","Haynes","Cartwright","1960-09-25",2,"walterhaynes@poochies.com","+39 (971) 554-3847","over65"); 
INSERT INTO User_Credentials VALUES ("531FAF11DC28D8C8", "96ec13d5ec40f735763e59fc46eb0a786681284d7adbdc0f2d8e0bd5abdc448"); 
INSERT INTO Vaccination VALUES ("531FAF11DC28D8C8_1", "531FAF11DC28D8C8", "DCRRGG98C27G273N", "pfizer", "2021-09-27", 1); 
INSERT INTO Vaccination VALUES ("531FAF11DC28D8C8_2", "531FAF11DC28D8C8", null, null, "2022-02-24 13:00:00", 2); 

INSERT INTO Vac_User VALUES ("543BD6F5E625AD81","Katharine","Reilly","Riviera","1998-03-16",1,"katharinereilly@poochies.com","+39 (960) 409-2318","over65"); 
INSERT INTO User_Credentials VALUES ("543BD6F5E625AD81", "96ec13d5ec40f735763e59fc46eb0a786681284d7adbdc0f2d8e0bd5abdc448"); 
INSERT INTO Vaccination VALUES ("543BD6F5E625AD81_1", "543BD6F5E625AD81", "LPPMRL98C27G273N", "janssen", "2021-01-08", 1); 
INSERT INTO Vaccination VALUES ("543BD6F5E625AD81_2", "543BD6F5E625AD81", null, null, "2022-03-19 10:00:00", 2); 

INSERT INTO Vac_User VALUES ("07951614612E396F","Berry","Espinoza","Oretta","1988-07-13",1,"berryespinoza@poochies.com","+39 (942) 498-2340","none"); 
INSERT INTO User_Credentials VALUES ("07951614612E396F", "96ec13d5ec40f735763e59fc46eb0a786681284d7adbdc0f2d8e0bd5abdc448"); 
INSERT INTO Vaccination VALUES ("07951614612E396F_1", "07951614612E396F", "NRIGSP98C27G273N", "astrazeneca", "2021-10-03", 1); 
INSERT INTO Vaccination VALUES ("07951614612E396F_2", "07951614612E396F", null, null, "2022-03-07 11:00:00", 2); 

INSERT INTO Vac_User VALUES ("7986B0338AA0E7D6","Mendez","Wilson","Stockwell","1956-01-01",2,"mendezwilson@poochies.com","+39 (949) 406-2412","fragile"); 
INSERT INTO User_Credentials VALUES ("7986B0338AA0E7D6", "96ec13d5ec40f735763e59fc46eb0a786681284d7adbdc0f2d8e0bd5abdc448"); 
INSERT INTO Vaccination VALUES ("7986B0338AA0E7D6_1", "7986B0338AA0E7D6", "NRIGSP98C27G273N", "janssen", "2021-09-01", 1); 
INSERT INTO Vaccination VALUES ("7986B0338AA0E7D6_2", "7986B0338AA0E7D6", null, null, "2022-02-27 16:00:00", 2); 

INSERT INTO Vac_User VALUES ("F238CC9632BA8FCD","Perez","Pope","Gilmore","1991-04-08",3,"perezpope@poochies.com","+39 (978) 458-3371","fragile"); 
INSERT INTO User_Credentials VALUES ("F238CC9632BA8FCD", "96ec13d5ec40f735763e59fc46eb0a786681284d7adbdc0f2d8e0bd5abdc448"); 
INSERT INTO Vaccination VALUES ("F238CC9632BA8FCD_1", "F238CC9632BA8FCD", "VCRBNC99D27G273N", "astrazeneca", "2021-08-02", 1); 
INSERT INTO Vaccination VALUES ("F238CC9632BA8FCD_2", "F238CC9632BA8FCD", null, null, "2022-03-20 18:00:00", 2); 

INSERT INTO Vac_User VALUES ("18DBFB49AACC9086","Amanda","Robbins","Nipinnawasee","2004-07-07",2,"amandarobbins@poochies.com","+39 (908) 446-3179","none"); 
INSERT INTO User_Credentials VALUES ("18DBFB49AACC9086", "96ec13d5ec40f735763e59fc46eb0a786681284d7adbdc0f2d8e0bd5abdc448"); 
INSERT INTO Vaccination VALUES ("18DBFB49AACC9086_1", "18DBFB49AACC9086", "LPPMRL98C27G273N", "moderna", "2021-07-24", 1); 
INSERT INTO Vaccination VALUES ("18DBFB49AACC9086_2", "18DBFB49AACC9086", null, null, "2022-03-18 10:00:00", 2); 

INSERT INTO Vac_User VALUES ("CAC0E0EE26342B43","Estela","Durham","Bourg","1961-09-24",1,"esteladurham@poochies.com","+39 (995) 511-3988","fragile"); 
INSERT INTO User_Credentials VALUES ("CAC0E0EE26342B43", "96ec13d5ec40f735763e59fc46eb0a786681284d7adbdc0f2d8e0bd5abdc448"); 
INSERT INTO Vaccination VALUES ("CAC0E0EE26342B43_1", "CAC0E0EE26342B43", "DCRRGG98C27G273N", "astrazeneca", "2021-08-05", 1); 
INSERT INTO Vaccination VALUES ("CAC0E0EE26342B43_2", "CAC0E0EE26342B43", null, null, "2022-03-12 13:00:00", 2); 

INSERT INTO Vac_User VALUES ("5E5AAC2B519753F2","Dena","Munoz","Celeryville","1983-06-16",3,"denamunoz@poochies.com","+39 (811) 542-2770","fragile"); 
INSERT INTO User_Credentials VALUES ("5E5AAC2B519753F2", "96ec13d5ec40f735763e59fc46eb0a786681284d7adbdc0f2d8e0bd5abdc448"); 
INSERT INTO Vaccination VALUES ("5E5AAC2B519753F2_1", "5E5AAC2B519753F2", "NRIGSP98C27G273N", "janssen", "2021-06-28", 1); 
INSERT INTO Vaccination VALUES ("5E5AAC2B519753F2_2", "5E5AAC2B519753F2", null, null, "2022-03-09 09:00:00", 2); 

INSERT INTO Vac_User VALUES ("E0BF9D86717740F1","Rosa","Boyer","Harrodsburg","1972-10-09",1,"rosaboyer@poochies.com","+39 (941) 485-2466","none"); 
INSERT INTO User_Credentials VALUES ("E0BF9D86717740F1", "96ec13d5ec40f735763e59fc46eb0a786681284d7adbdc0f2d8e0bd5abdc448"); 
INSERT INTO Vaccination VALUES ("E0BF9D86717740F1_1", "E0BF9D86717740F1", "VCRBNC99D27G273N", "pfizer", "2021-02-10", 1); 
INSERT INTO Vaccination VALUES ("E0BF9D86717740F1_2", "E0BF9D86717740F1", null, null, "2022-03-14 10:00:00", 2); 

INSERT INTO Vac_User VALUES ("B6E57B8D5448DB46","Lori","Carpenter","Ellerslie","2000-08-26",2,"loricarpenter@poochies.com","+39 (959) 562-2972","none"); 
INSERT INTO User_Credentials VALUES ("B6E57B8D5448DB46", "96ec13d5ec40f735763e59fc46eb0a786681284d7adbdc0f2d8e0bd5abdc448"); 
INSERT INTO Vaccination VALUES ("B6E57B8D5448DB46_1", "B6E57B8D5448DB46", "DCRRGG98C27G273N", "pfizer", "2021-05-25", 1); 
INSERT INTO Vaccination VALUES ("B6E57B8D5448DB46_2", "B6E57B8D5448DB46", null, null, "2022-03-05 10:00:00", 2); 

INSERT INTO Vac_User VALUES ("7B9B4EDA4F518A5A","Christine","Hardy","Chautauqua","2006-08-20",1,"christinehardy@poochies.com","+39 (899) 529-3763","fragile"); 
INSERT INTO User_Credentials VALUES ("7B9B4EDA4F518A5A", "96ec13d5ec40f735763e59fc46eb0a786681284d7adbdc0f2d8e0bd5abdc448"); 
INSERT INTO Vaccination VALUES ("7B9B4EDA4F518A5A_1", "7B9B4EDA4F518A5A", "DCRRGG98C27G273N", "janssen", "2021-08-17", 1); 
INSERT INTO Vaccination VALUES ("7B9B4EDA4F518A5A_2", "7B9B4EDA4F518A5A", null, null, "2022-03-01 13:00:00", 2); 

INSERT INTO Vac_User VALUES ("75A6D7BEC0D48762","Johanna","Mcdaniel","Lemoyne","1979-05-28",1,"johannamcdaniel@poochies.com","+39 (848) 405-2721","fragile"); 
INSERT INTO User_Credentials VALUES ("75A6D7BEC0D48762", "96ec13d5ec40f735763e59fc46eb0a786681284d7adbdc0f2d8e0bd5abdc448"); 
INSERT INTO Vaccination VALUES ("75A6D7BEC0D48762_1", "75A6D7BEC0D48762", "PVGCGR99C27G273N", "moderna", "2021-05-14", 1); 
INSERT INTO Vaccination VALUES ("75A6D7BEC0D48762_2", "75A6D7BEC0D48762", null, null, "2022-03-08 11:00:00", 2); 

INSERT INTO Vac_User VALUES ("F8371CDDBFB88131","Carla","Ross","Robbins","1970-01-11",3,"carlaross@poochies.com","+39 (966) 577-2762","fragile"); 
INSERT INTO User_Credentials VALUES ("F8371CDDBFB88131", "96ec13d5ec40f735763e59fc46eb0a786681284d7adbdc0f2d8e0bd5abdc448"); 
INSERT INTO Vaccination VALUES ("F8371CDDBFB88131_1", "F8371CDDBFB88131", "VCRBNC99D27G273N", "astrazeneca", "2021-11-30", 1); 
INSERT INTO Vaccination VALUES ("F8371CDDBFB88131_2", "F8371CDDBFB88131", null, null, "2022-03-02 18:00:00", 2); 

INSERT INTO Vac_User VALUES ("121A78B6CE41D4AC","Carrillo","Wheeler","Cataract","1965-02-13",2,"carrillowheeler@poochies.com","+39 (865) 579-3441","over65"); 
INSERT INTO User_Credentials VALUES ("121A78B6CE41D4AC", "96ec13d5ec40f735763e59fc46eb0a786681284d7adbdc0f2d8e0bd5abdc448"); 
INSERT INTO Vaccination VALUES ("121A78B6CE41D4AC_1", "121A78B6CE41D4AC", "DCRRGG98C27G273N", "pfizer", "2021-07-09", 1); 
INSERT INTO Vaccination VALUES ("121A78B6CE41D4AC_2", "121A78B6CE41D4AC", null, null, "2022-03-29 14:00:00", 2); 

INSERT INTO Vac_User VALUES ("07F627903AA616AC","Smith","Padilla","Caln","1995-10-21",1,"smithpadilla@poochies.com","+39 (996) 578-3604","none"); 
INSERT INTO User_Credentials VALUES ("07F627903AA616AC", "96ec13d5ec40f735763e59fc46eb0a786681284d7adbdc0f2d8e0bd5abdc448"); 
INSERT INTO Vaccination VALUES ("07F627903AA616AC_1", "07F627903AA616AC", "NRIGSP98C27G273N", "janssen", "2021-06-30", 1); 
INSERT INTO Vaccination VALUES ("07F627903AA616AC_2", "07F627903AA616AC", null, null, "2022-03-08 12:00:00", 2); 

INSERT INTO Vac_User VALUES ("B90C6D0F7AB4C5D9","Roberts","Hensley","Lund","1989-03-04",3,"robertshensley@poochies.com","+39 (974) 404-3137","none"); 
INSERT INTO User_Credentials VALUES ("B90C6D0F7AB4C5D9", "96ec13d5ec40f735763e59fc46eb0a786681284d7adbdc0f2d8e0bd5abdc448"); 
INSERT INTO Vaccination VALUES ("B90C6D0F7AB4C5D9_1", "B90C6D0F7AB4C5D9", "DCRRGG98C27G273N", "astrazeneca", "2021-11-07", 1); 
INSERT INTO Vaccination VALUES ("B90C6D0F7AB4C5D9_2", "B90C6D0F7AB4C5D9", null, null, "2022-03-06 11:00:00", 2); 

INSERT INTO Vac_User VALUES ("BD3756361067388E","Gwen","Workman","Snyderville","1985-02-26",2,"gwenworkman@poochies.com","+39 (960) 505-2853","fragile"); 
INSERT INTO User_Credentials VALUES ("BD3756361067388E", "96ec13d5ec40f735763e59fc46eb0a786681284d7adbdc0f2d8e0bd5abdc448"); 
INSERT INTO Vaccination VALUES ("BD3756361067388E_1", "BD3756361067388E", "VCRBNC99D27G273N", "astrazeneca", "2021-04-23", 1); 
INSERT INTO Vaccination VALUES ("BD3756361067388E_2", "BD3756361067388E", null, null, "2022-02-25 15:00:00", 2); 

INSERT INTO Vac_User VALUES ("6653A3AA3214061C","Florence","Sharp","Holcombe","1957-03-03",1,"florencesharp@poochies.com","+39 (854) 525-2284","none"); 
INSERT INTO User_Credentials VALUES ("6653A3AA3214061C", "96ec13d5ec40f735763e59fc46eb0a786681284d7adbdc0f2d8e0bd5abdc448"); 
INSERT INTO Vaccination VALUES ("6653A3AA3214061C_1", "6653A3AA3214061C", "PVGCGR99C27G273N", "janssen", "2021-09-01", 1); 
INSERT INTO Vaccination VALUES ("6653A3AA3214061C_2", "6653A3AA3214061C", null, null, "2022-03-15 11:00:00", 2); 

INSERT INTO Vac_User VALUES ("667F03403D2BF921","Earlene","Wyatt","Saticoy","1994-10-18",1,"earlenewyatt@poochies.com","+39 (827) 487-3169","over65"); 
INSERT INTO User_Credentials VALUES ("667F03403D2BF921", "96ec13d5ec40f735763e59fc46eb0a786681284d7adbdc0f2d8e0bd5abdc448"); 
INSERT INTO Vaccination VALUES ("667F03403D2BF921_1", "667F03403D2BF921", "DCRRGG98C27G273N", "astrazeneca", "2021-11-17", 1); 
INSERT INTO Vaccination VALUES ("667F03403D2BF921_2", "667F03403D2BF921", null, null, "2022-03-20 18:00:00", 2); 

INSERT INTO Vac_User VALUES ("756B62AE8A1A1145","Hayes","Pruitt","Thornport","1986-09-28",2,"hayespruitt@poochies.com","+39 (824) 594-2099","none"); 
INSERT INTO User_Credentials VALUES ("756B62AE8A1A1145", "96ec13d5ec40f735763e59fc46eb0a786681284d7adbdc0f2d8e0bd5abdc448"); 
INSERT INTO Vaccination VALUES ("756B62AE8A1A1145_1", "756B62AE8A1A1145", "LPPMRL98C27G273N", "moderna", "2021-06-13", 1); 
INSERT INTO Vaccination VALUES ("756B62AE8A1A1145_2", "756B62AE8A1A1145", null, null, "2022-03-26 09:00:00", 2); 

INSERT INTO Vac_User VALUES ("89C14D81FBBFE4EC","Flowers","Booker","Faywood","1962-05-27",2,"flowersbooker@poochies.com","+39 (858) 445-3692","over65"); 
INSERT INTO User_Credentials VALUES ("89C14D81FBBFE4EC", "96ec13d5ec40f735763e59fc46eb0a786681284d7adbdc0f2d8e0bd5abdc448"); 
INSERT INTO Vaccination VALUES ("89C14D81FBBFE4EC_1", "89C14D81FBBFE4EC", "VCRBNC99D27G273N", "moderna", "2021-10-07", 1); 
INSERT INTO Vaccination VALUES ("89C14D81FBBFE4EC_2", "89C14D81FBBFE4EC", null, null, "2022-03-01 18:00:00", 2); 

INSERT INTO Vac_User VALUES ("433F875192E51D86","John","Parsons","Wolcott","1951-06-21",1,"johnparsons@poochies.com","+39 (966) 581-3766","over65"); 
INSERT INTO User_Credentials VALUES ("433F875192E51D86", "96ec13d5ec40f735763e59fc46eb0a786681284d7adbdc0f2d8e0bd5abdc448"); 
INSERT INTO Vaccination VALUES ("433F875192E51D86_1", "433F875192E51D86", "VCRBNC99D27G273N", "moderna", "2021-10-05", 1); 
INSERT INTO Vaccination VALUES ("433F875192E51D86_2", "433F875192E51D86", null, null, "2022-03-09 09:00:00", 2); 

INSERT INTO Vac_User VALUES ("833FABC843B29686","Cotton","Stone","Fairfield","1949-06-20",1,"cottonstone@poochies.com","+39 (916) 596-2275","fragile"); 
INSERT INTO User_Credentials VALUES ("833FABC843B29686", "96ec13d5ec40f735763e59fc46eb0a786681284d7adbdc0f2d8e0bd5abdc448"); 
INSERT INTO Vaccination VALUES ("833FABC843B29686_1", "833FABC843B29686", "VCRBNC99D27G273N", "astrazeneca", "2021-03-29", 1); 
INSERT INTO Vaccination VALUES ("833FABC843B29686_2", "833FABC843B29686", null, null, "2022-03-13 18:00:00", 2); 

INSERT INTO Vac_User VALUES ("02049B3D8248F7DC","Terry","Frederick","Wakulla","1946-03-17",1,"terryfrederick@poochies.com","+39 (837) 436-3236","fragile"); 
INSERT INTO User_Credentials VALUES ("02049B3D8248F7DC", "96ec13d5ec40f735763e59fc46eb0a786681284d7adbdc0f2d8e0bd5abdc448"); 
INSERT INTO Vaccination VALUES ("02049B3D8248F7DC_1", "02049B3D8248F7DC", "PVGCGR99C27G273N", "moderna", "2021-01-25", 1); 
INSERT INTO Vaccination VALUES ("02049B3D8248F7DC_2", "02049B3D8248F7DC", null, null, "2022-02-22 17:00:00", 2); 

INSERT INTO Vac_User VALUES ("ADD0BE050A66C202","Case","Bates","Laurelton","1947-03-03",2,"casebates@poochies.com","+39 (982) 543-2750","none"); 
INSERT INTO User_Credentials VALUES ("ADD0BE050A66C202", "96ec13d5ec40f735763e59fc46eb0a786681284d7adbdc0f2d8e0bd5abdc448"); 
INSERT INTO Vaccination VALUES ("ADD0BE050A66C202_1", "ADD0BE050A66C202", "NRIGSP98C27G273N", "astrazeneca", "2021-04-27", 1); 
INSERT INTO Vaccination VALUES ("ADD0BE050A66C202_2", "ADD0BE050A66C202", null, null, "2022-02-26 14:00:00", 2); 

INSERT INTO Vac_User VALUES ("BEBA301E313520F6","Bradford","Vasquez","Ruffin","1963-01-21",1,"bradfordvasquez@poochies.com","+39 (983) 567-3869","over65"); 
INSERT INTO User_Credentials VALUES ("BEBA301E313520F6", "96ec13d5ec40f735763e59fc46eb0a786681284d7adbdc0f2d8e0bd5abdc448"); 
INSERT INTO Vaccination VALUES ("BEBA301E313520F6_1", "BEBA301E313520F6", "NRIGSP98C27G273N", "janssen", "2021-12-20", 1); 
INSERT INTO Vaccination VALUES ("BEBA301E313520F6_2", "BEBA301E313520F6", null, null, "2022-02-28 13:00:00", 2); 

INSERT INTO Vac_User VALUES ("5E6049F6E9A01EE8","Marsha","Huber","Kimmell","1967-05-06",3,"marshahuber@poochies.com","+39 (801) 451-2439","none"); 
INSERT INTO User_Credentials VALUES ("5E6049F6E9A01EE8", "96ec13d5ec40f735763e59fc46eb0a786681284d7adbdc0f2d8e0bd5abdc448"); 
INSERT INTO Vaccination VALUES ("5E6049F6E9A01EE8_1", "5E6049F6E9A01EE8", "DCRRGG98C27G273N", "pfizer", "2021-03-03", 1); 
INSERT INTO Vaccination VALUES ("5E6049F6E9A01EE8_2", "5E6049F6E9A01EE8", null, null, "2022-02-24 16:00:00", 2); 

INSERT INTO Vac_User VALUES ("323093200FE6C49A","Webster","Dawson","Goldfield","1945-05-03",3,"websterdawson@poochies.com","+39 (996) 466-3447","over65"); 
INSERT INTO User_Credentials VALUES ("323093200FE6C49A", "96ec13d5ec40f735763e59fc46eb0a786681284d7adbdc0f2d8e0bd5abdc448"); 
INSERT INTO Vaccination VALUES ("323093200FE6C49A_1", "323093200FE6C49A", "DCRRGG98C27G273N", "pfizer", "2021-09-26", 1); 
INSERT INTO Vaccination VALUES ("323093200FE6C49A_2", "323093200FE6C49A", null, null, "2022-03-03 17:00:00", 2); 

INSERT INTO Vac_User VALUES ("BBE1ED09E4153005","Ross","Harding","Churchill","1955-09-04",2,"rossharding@poochies.com","+39 (928) 455-2343","none"); 
INSERT INTO User_Credentials VALUES ("BBE1ED09E4153005", "96ec13d5ec40f735763e59fc46eb0a786681284d7adbdc0f2d8e0bd5abdc448"); 
INSERT INTO Vaccination VALUES ("BBE1ED09E4153005_1", "BBE1ED09E4153005", "VCRBNC99D27G273N", "moderna", "2021-12-04", 1); 
INSERT INTO Vaccination VALUES ("BBE1ED09E4153005_2", "BBE1ED09E4153005", null, null, "2022-03-17 12:00:00", 2); 

INSERT INTO Vac_User VALUES ("9F1F492394E43257","Keisha","Finch","Brogan","1959-02-28",1,"keishafinch@poochies.com","+39 (870) 535-3380","over65"); 
INSERT INTO User_Credentials VALUES ("9F1F492394E43257", "96ec13d5ec40f735763e59fc46eb0a786681284d7adbdc0f2d8e0bd5abdc448"); 
INSERT INTO Vaccination VALUES ("9F1F492394E43257_1", "9F1F492394E43257", "VCRBNC99D27G273N", "astrazeneca", "2021-12-21", 1); 
INSERT INTO Vaccination VALUES ("9F1F492394E43257_2", "9F1F492394E43257", null, null, "2022-03-14 10:00:00", 2); 

INSERT INTO Vac_User VALUES ("EC76B3C9B169F12E","Blanca","Mclean","Watchtower","2006-03-03",1,"blancamclean@poochies.com","+39 (919) 460-2707","over65"); 
INSERT INTO User_Credentials VALUES ("EC76B3C9B169F12E", "96ec13d5ec40f735763e59fc46eb0a786681284d7adbdc0f2d8e0bd5abdc448"); 
INSERT INTO Vaccination VALUES ("EC76B3C9B169F12E_1", "EC76B3C9B169F12E", "VCRBNC99D27G273N", "moderna", "2021-01-18", 1); 
INSERT INTO Vaccination VALUES ("EC76B3C9B169F12E_2", "EC76B3C9B169F12E", null, null, "2022-03-14 16:00:00", 2); 

INSERT INTO Vac_User VALUES ("86781733EFE9DDCE","Helena","Owen","Richford","1979-03-15",3,"helenaowen@poochies.com","+39 (918) 513-2243","none"); 
INSERT INTO User_Credentials VALUES ("86781733EFE9DDCE", "96ec13d5ec40f735763e59fc46eb0a786681284d7adbdc0f2d8e0bd5abdc448"); 
INSERT INTO Vaccination VALUES ("86781733EFE9DDCE_1", "86781733EFE9DDCE", "LPPMRL98C27G273N", "pfizer", "2021-10-30", 1); 
INSERT INTO Vaccination VALUES ("86781733EFE9DDCE_2", "86781733EFE9DDCE", null, null, "2022-03-17 17:00:00", 2); 

INSERT INTO Vac_User VALUES ("50A4D01489047771","Courtney","Dickerson","Kraemer","1979-09-19",1,"courtneydickerson@poochies.com","+39 (976) 406-2451","over65"); 
INSERT INTO User_Credentials VALUES ("50A4D01489047771", "96ec13d5ec40f735763e59fc46eb0a786681284d7adbdc0f2d8e0bd5abdc448"); 
INSERT INTO Vaccination VALUES ("50A4D01489047771_1", "50A4D01489047771", "NRIGSP98C27G273N", "astrazeneca", "2021-03-01", 1); 
INSERT INTO Vaccination VALUES ("50A4D01489047771_2", "50A4D01489047771", null, null, "2022-02-23 13:00:00", 2); 

INSERT INTO Vac_User VALUES ("8437FA92D501372C","Dale","Dunlap","Savannah","2005-01-07",1,"daledunlap@poochies.com","+39 (961) 430-2853","none"); 
INSERT INTO User_Credentials VALUES ("8437FA92D501372C", "96ec13d5ec40f735763e59fc46eb0a786681284d7adbdc0f2d8e0bd5abdc448"); 
INSERT INTO Vaccination VALUES ("8437FA92D501372C_1", "8437FA92D501372C", "VCRBNC99D27G273N", "moderna", "2021-11-23", 1); 
INSERT INTO Vaccination VALUES ("8437FA92D501372C_2", "8437FA92D501372C", null, null, "2022-02-28 10:00:00", 2); 

INSERT INTO Vac_User VALUES ("6F2BAD0579D15542","Lenore","Bryant","Gilgo","1958-11-10",3,"lenorebryant@poochies.com","+39 (826) 530-2805","over65"); 
INSERT INTO User_Credentials VALUES ("6F2BAD0579D15542", "96ec13d5ec40f735763e59fc46eb0a786681284d7adbdc0f2d8e0bd5abdc448"); 
INSERT INTO Vaccination VALUES ("6F2BAD0579D15542_1", "6F2BAD0579D15542", "DCRRGG98C27G273N", "astrazeneca", "2021-06-12", 1); 
INSERT INTO Vaccination VALUES ("6F2BAD0579D15542_2", "6F2BAD0579D15542", null, null, "2022-03-01 15:00:00", 2); 

INSERT INTO Vac_User VALUES ("6A92934387FDC1DC","Duncan","Mendoza","Craig","1996-08-06",3,"duncanmendoza@poochies.com","+39 (906) 458-3678","over65"); 
INSERT INTO User_Credentials VALUES ("6A92934387FDC1DC", "96ec13d5ec40f735763e59fc46eb0a786681284d7adbdc0f2d8e0bd5abdc448"); 
INSERT INTO Vaccination VALUES ("6A92934387FDC1DC_1", "6A92934387FDC1DC", "VCRBNC99D27G273N", "moderna", "2021-11-24", 1); 
INSERT INTO Vaccination VALUES ("6A92934387FDC1DC_2", "6A92934387FDC1DC", null, null, "2022-03-16 12:00:00", 2); 

INSERT INTO Vac_User VALUES ("3FCBD8BC0BC16D4D","Kirby","Kemp","Bluetown","1952-08-28",3,"kirbykemp@poochies.com","+39 (848) 478-3924","none"); 
INSERT INTO User_Credentials VALUES ("3FCBD8BC0BC16D4D", "96ec13d5ec40f735763e59fc46eb0a786681284d7adbdc0f2d8e0bd5abdc448"); 
INSERT INTO Vaccination VALUES ("3FCBD8BC0BC16D4D_1", "3FCBD8BC0BC16D4D", "PVGCGR99C27G273N", "astrazeneca", "2021-06-12", 1); 
INSERT INTO Vaccination VALUES ("3FCBD8BC0BC16D4D_2", "3FCBD8BC0BC16D4D", null, null, "2022-03-27 09:00:00", 2); 

INSERT INTO Vac_User VALUES ("3E72EA455A9AEC43","Campos","Howard","Wadsworth","1989-10-29",3,"camposhoward@poochies.com","+39 (933) 467-3796","fragile"); 
INSERT INTO User_Credentials VALUES ("3E72EA455A9AEC43", "96ec13d5ec40f735763e59fc46eb0a786681284d7adbdc0f2d8e0bd5abdc448"); 
INSERT INTO Vaccination VALUES ("3E72EA455A9AEC43_1", "3E72EA455A9AEC43", "VCRBNC99D27G273N", "janssen", "2021-01-05", 1); 
INSERT INTO Vaccination VALUES ("3E72EA455A9AEC43_2", "3E72EA455A9AEC43", null, null, "2022-03-19 12:00:00", 2); 

INSERT INTO Vac_User VALUES ("98488C94AF047BB6","Juanita","Galloway","Collins","1975-07-20",2,"juanitagalloway@poochies.com","+39 (889) 496-2340","fragile"); 
INSERT INTO User_Credentials VALUES ("98488C94AF047BB6", "96ec13d5ec40f735763e59fc46eb0a786681284d7adbdc0f2d8e0bd5abdc448"); 
INSERT INTO Vaccination VALUES ("98488C94AF047BB6_1", "98488C94AF047BB6", "PVGCGR99C27G273N", "janssen", "2021-02-15", 1); 
INSERT INTO Vaccination VALUES ("98488C94AF047BB6_2", "98488C94AF047BB6", null, null, "2022-03-25 11:00:00", 2); 

INSERT INTO Vac_User VALUES ("8268B5B893D15720","Sonja","Wilkerson","Englevale","1987-04-09",1,"sonjawilkerson@poochies.com","+39 (906) 485-2491","over65"); 
INSERT INTO User_Credentials VALUES ("8268B5B893D15720", "96ec13d5ec40f735763e59fc46eb0a786681284d7adbdc0f2d8e0bd5abdc448"); 
INSERT INTO Vaccination VALUES ("8268B5B893D15720_1", "8268B5B893D15720", "LPPMRL98C27G273N", "pfizer", "2021-09-24", 1); 
INSERT INTO Vaccination VALUES ("8268B5B893D15720_2", "8268B5B893D15720", null, null, "2022-03-27 16:00:00", 2); 

INSERT INTO Vac_User VALUES ("A00405E5C82FEBA4","Orr","Daniel","Worton","1969-04-18",2,"orrdaniel@poochies.com","+39 (903) 525-3358","fragile"); 
INSERT INTO User_Credentials VALUES ("A00405E5C82FEBA4", "96ec13d5ec40f735763e59fc46eb0a786681284d7adbdc0f2d8e0bd5abdc448"); 
INSERT INTO Vaccination VALUES ("A00405E5C82FEBA4_1", "A00405E5C82FEBA4", "NRIGSP98C27G273N", "pfizer", "2021-01-14", 1); 
INSERT INTO Vaccination VALUES ("A00405E5C82FEBA4_2", "A00405E5C82FEBA4", null, null, "2022-03-24 11:00:00", 2); 

INSERT INTO Vac_User VALUES ("C7872BF272EFEC0D","Sears","Petersen","Starks","1992-06-02",2,"searspetersen@poochies.com","+39 (960) 499-2133","none"); 
INSERT INTO User_Credentials VALUES ("C7872BF272EFEC0D", "96ec13d5ec40f735763e59fc46eb0a786681284d7adbdc0f2d8e0bd5abdc448"); 
INSERT INTO Vaccination VALUES ("C7872BF272EFEC0D_1", "C7872BF272EFEC0D", "VCRBNC99D27G273N", "astrazeneca", "2021-03-05", 1); 
INSERT INTO Vaccination VALUES ("C7872BF272EFEC0D_2", "C7872BF272EFEC0D", null, null, "2022-03-23 09:00:00", 2); 

INSERT INTO Vac_User VALUES ("A1D7EA2703DAB35E","Stanton","Wallace","Westmoreland","1977-12-30",2,"stantonwallace@poochies.com","+39 (975) 526-2623","none"); 
INSERT INTO User_Credentials VALUES ("A1D7EA2703DAB35E", "96ec13d5ec40f735763e59fc46eb0a786681284d7adbdc0f2d8e0bd5abdc448"); 
INSERT INTO Vaccination VALUES ("A1D7EA2703DAB35E_1", "A1D7EA2703DAB35E", "VCRBNC99D27G273N", "janssen", "2021-12-22", 1); 
INSERT INTO Vaccination VALUES ("A1D7EA2703DAB35E_2", "A1D7EA2703DAB35E", null, null, "2022-03-07 11:00:00", 2); 

INSERT INTO Vac_User VALUES ("594783349E937522","Hansen","Ewing","Adamstown","1985-04-25",2,"hansenewing@poochies.com","+39 (962) 512-2685","none"); 
INSERT INTO User_Credentials VALUES ("594783349E937522", "96ec13d5ec40f735763e59fc46eb0a786681284d7adbdc0f2d8e0bd5abdc448"); 
INSERT INTO Vaccination VALUES ("594783349E937522_1", "594783349E937522", "DCRRGG98C27G273N", "pfizer", "2021-01-27", 1); 
INSERT INTO Vaccination VALUES ("594783349E937522_2", "594783349E937522", null, null, "2022-03-11 17:00:00", 2); 

INSERT INTO Vac_User VALUES ("523402DDA1BB4E1E","Alyssa","Good","Rosedale","1979-02-12",2,"alyssagood@poochies.com","+39 (916) 532-2073","fragile"); 
INSERT INTO User_Credentials VALUES ("523402DDA1BB4E1E", "96ec13d5ec40f735763e59fc46eb0a786681284d7adbdc0f2d8e0bd5abdc448"); 
INSERT INTO Vaccination VALUES ("523402DDA1BB4E1E_1", "523402DDA1BB4E1E", "VCRBNC99D27G273N", "astrazeneca", "2021-09-01", 1); 
INSERT INTO Vaccination VALUES ("523402DDA1BB4E1E_2", "523402DDA1BB4E1E", null, null, "2022-02-26 09:00:00", 2); 

INSERT INTO Vac_User VALUES ("078414B11E5AF2DA","Delaney","Frank","Tetherow","2000-10-08",1,"delaneyfrank@poochies.com","+39 (838) 427-2482","fragile"); 
INSERT INTO User_Credentials VALUES ("078414B11E5AF2DA", "96ec13d5ec40f735763e59fc46eb0a786681284d7adbdc0f2d8e0bd5abdc448"); 
INSERT INTO Vaccination VALUES ("078414B11E5AF2DA_1", "078414B11E5AF2DA", "PVGCGR99C27G273N", "pfizer", "2021-06-16", 1); 
INSERT INTO Vaccination VALUES ("078414B11E5AF2DA_2", "078414B11E5AF2DA", null, null, "2022-03-09 14:00:00", 2); 

INSERT INTO Vac_User VALUES ("EDF195FBE5F2C63F","Kidd","Barton","Columbus","1991-05-17",3,"kiddbarton@poochies.com","+39 (823) 595-2846","none"); 
INSERT INTO User_Credentials VALUES ("EDF195FBE5F2C63F", "96ec13d5ec40f735763e59fc46eb0a786681284d7adbdc0f2d8e0bd5abdc448"); 
INSERT INTO Vaccination VALUES ("EDF195FBE5F2C63F_1", "EDF195FBE5F2C63F", "PVGCGR99C27G273N", "astrazeneca", "2021-01-22", 1); 
INSERT INTO Vaccination VALUES ("EDF195FBE5F2C63F_2", "EDF195FBE5F2C63F", null, null, "2022-03-19 09:00:00", 2); 

INSERT INTO Vac_User VALUES ("C3658733B41C2455","Hancock","Woods","Gerton","1950-04-09",1,"hancockwoods@poochies.com","+39 (874) 566-3488","over65"); 
INSERT INTO User_Credentials VALUES ("C3658733B41C2455", "96ec13d5ec40f735763e59fc46eb0a786681284d7adbdc0f2d8e0bd5abdc448"); 
INSERT INTO Vaccination VALUES ("C3658733B41C2455_1", "C3658733B41C2455", "NRIGSP98C27G273N", "pfizer", "2021-07-19", 1); 
INSERT INTO Vaccination VALUES ("C3658733B41C2455_2", "C3658733B41C2455", null, null, "2022-03-19 13:00:00", 2); 

INSERT INTO Vac_User VALUES ("3E5C680B2FDF6E97","Earnestine","Rhodes","Glenshaw","1999-05-11",1,"earnestinerhodes@poochies.com","+39 (997) 414-3034","over65"); 
INSERT INTO User_Credentials VALUES ("3E5C680B2FDF6E97", "96ec13d5ec40f735763e59fc46eb0a786681284d7adbdc0f2d8e0bd5abdc448"); 
INSERT INTO Vaccination VALUES ("3E5C680B2FDF6E97_1", "3E5C680B2FDF6E97", "LPPMRL98C27G273N", "astrazeneca", "2021-10-20", 1); 
INSERT INTO Vaccination VALUES ("3E5C680B2FDF6E97_2", "3E5C680B2FDF6E97", null, null, "2022-03-07 12:00:00", 2); 

INSERT INTO Vac_User VALUES ("E0C2D76352074F2B","Violet","Cook","Yettem","1971-12-22",1,"violetcook@poochies.com","+39 (920) 531-3475","fragile"); 
INSERT INTO User_Credentials VALUES ("E0C2D76352074F2B", "96ec13d5ec40f735763e59fc46eb0a786681284d7adbdc0f2d8e0bd5abdc448"); 
INSERT INTO Vaccination VALUES ("E0C2D76352074F2B_1", "E0C2D76352074F2B", "PVGCGR99C27G273N", "moderna", "2021-07-26", 1); 
INSERT INTO Vaccination VALUES ("E0C2D76352074F2B_2", "E0C2D76352074F2B", null, null, "2022-03-16 10:00:00", 2); 

INSERT INTO Vac_User VALUES ("F0A16315B01FEB06","Velez","Moody","Kenwood","2003-12-16",2,"velezmoody@poochies.com","+39 (865) 409-3429","over65"); 
INSERT INTO User_Credentials VALUES ("F0A16315B01FEB06", "96ec13d5ec40f735763e59fc46eb0a786681284d7adbdc0f2d8e0bd5abdc448"); 
INSERT INTO Vaccination VALUES ("F0A16315B01FEB06_1", "F0A16315B01FEB06", "DCRRGG98C27G273N", "astrazeneca", "2021-10-16", 1); 
INSERT INTO Vaccination VALUES ("F0A16315B01FEB06_2", "F0A16315B01FEB06", null, null, "2022-03-27 09:00:00", 2); 

INSERT INTO Vac_User VALUES ("08D7FD1F236FE2F5","Pacheco","Potter","Unionville","1979-11-15",1,"pachecopotter@poochies.com","+39 (876) 487-3406","none"); 
INSERT INTO User_Credentials VALUES ("08D7FD1F236FE2F5", "96ec13d5ec40f735763e59fc46eb0a786681284d7adbdc0f2d8e0bd5abdc448"); 
INSERT INTO Vaccination VALUES ("08D7FD1F236FE2F5_1", "08D7FD1F236FE2F5", "PVGCGR99C27G273N", "janssen", "2021-05-10", 1); 
INSERT INTO Vaccination VALUES ("08D7FD1F236FE2F5_2", "08D7FD1F236FE2F5", null, null, "2022-03-25 12:00:00", 2); 

INSERT INTO Vac_User VALUES ("30E2FEA2CA69D787","Booker","Herman","Rose","1970-04-10",1,"bookerherman@poochies.com","+39 (903) 592-3785","fragile"); 
INSERT INTO User_Credentials VALUES ("30E2FEA2CA69D787", "96ec13d5ec40f735763e59fc46eb0a786681284d7adbdc0f2d8e0bd5abdc448"); 
INSERT INTO Vaccination VALUES ("30E2FEA2CA69D787_1", "30E2FEA2CA69D787", "LPPMRL98C27G273N", "janssen", "2021-04-13", 1); 
INSERT INTO Vaccination VALUES ("30E2FEA2CA69D787_2", "30E2FEA2CA69D787", null, null, "2022-02-23 17:00:00", 2); 

INSERT INTO Vac_User VALUES ("D58D903A34DD2E75","Angelica","Mullins","Whitestone","1940-01-27",2,"angelicamullins@poochies.com","+39 (909) 533-3455","fragile"); 
INSERT INTO User_Credentials VALUES ("D58D903A34DD2E75", "96ec13d5ec40f735763e59fc46eb0a786681284d7adbdc0f2d8e0bd5abdc448"); 
INSERT INTO Vaccination VALUES ("D58D903A34DD2E75_1", "D58D903A34DD2E75", "VCRBNC99D27G273N", "moderna", "2021-04-28", 1); 
INSERT INTO Vaccination VALUES ("D58D903A34DD2E75_2", "D58D903A34DD2E75", null, null, "2022-03-09 13:00:00", 2); 

INSERT INTO Vac_User VALUES ("F7324EFFE66F2001","Lana","Donovan","Turah","1957-09-07",1,"lanadonovan@poochies.com","+39 (951) 572-2769","fragile"); 
INSERT INTO User_Credentials VALUES ("F7324EFFE66F2001", "96ec13d5ec40f735763e59fc46eb0a786681284d7adbdc0f2d8e0bd5abdc448"); 
INSERT INTO Vaccination VALUES ("F7324EFFE66F2001_1", "F7324EFFE66F2001", "DCRRGG98C27G273N", "janssen", "2021-07-11", 1); 
INSERT INTO Vaccination VALUES ("F7324EFFE66F2001_2", "F7324EFFE66F2001", null, null, "2022-02-27 14:00:00", 2); 

INSERT INTO Vac_User VALUES ("3432D525897F5494","Luisa","Koch","Welch","1946-10-29",1,"luisakoch@poochies.com","+39 (976) 418-2844","fragile"); 
INSERT INTO User_Credentials VALUES ("3432D525897F5494", "96ec13d5ec40f735763e59fc46eb0a786681284d7adbdc0f2d8e0bd5abdc448"); 
INSERT INTO Vaccination VALUES ("3432D525897F5494_1", "3432D525897F5494", "VCRBNC99D27G273N", "pfizer", "2021-03-11", 1); 
INSERT INTO Vaccination VALUES ("3432D525897F5494_2", "3432D525897F5494", null, null, "2022-03-07 18:00:00", 2); 

INSERT INTO Vac_User VALUES ("7F7D7A31450941F3","Luann","Buchanan","Chase","1943-03-27",1,"luannbuchanan@poochies.com","+39 (840) 442-3915","fragile"); 
INSERT INTO User_Credentials VALUES ("7F7D7A31450941F3", "96ec13d5ec40f735763e59fc46eb0a786681284d7adbdc0f2d8e0bd5abdc448"); 
INSERT INTO Vaccination VALUES ("7F7D7A31450941F3_1", "7F7D7A31450941F3", "PVGCGR99C27G273N", "astrazeneca", "2021-07-29", 1); 
INSERT INTO Vaccination VALUES ("7F7D7A31450941F3_2", "7F7D7A31450941F3", null, null, "2022-02-28 18:00:00", 2); 

INSERT INTO Vac_User VALUES ("88F898470450F81D","Thomas","Lowery","Eggertsville","1952-11-02",1,"thomaslowery@poochies.com","+39 (933) 480-3326","none"); 
INSERT INTO User_Credentials VALUES ("88F898470450F81D", "96ec13d5ec40f735763e59fc46eb0a786681284d7adbdc0f2d8e0bd5abdc448"); 
INSERT INTO Vaccination VALUES ("88F898470450F81D_1", "88F898470450F81D", "PVGCGR99C27G273N", "astrazeneca", "2021-11-29", 1); 
INSERT INTO Vaccination VALUES ("88F898470450F81D_2", "88F898470450F81D", null, null, "2022-03-03 16:00:00", 2); 

INSERT INTO Vac_User VALUES ("9EB5EB88C0A1CEA9","Elvia","Potts","Calpine","1952-03-03",3,"elviapotts@poochies.com","+39 (908) 600-2794","none"); 
INSERT INTO User_Credentials VALUES ("9EB5EB88C0A1CEA9", "96ec13d5ec40f735763e59fc46eb0a786681284d7adbdc0f2d8e0bd5abdc448"); 
INSERT INTO Vaccination VALUES ("9EB5EB88C0A1CEA9_1", "9EB5EB88C0A1CEA9", "DCRRGG98C27G273N", "astrazeneca", "2021-06-15", 1); 
INSERT INTO Vaccination VALUES ("9EB5EB88C0A1CEA9_2", "9EB5EB88C0A1CEA9", null, null, "2022-03-04 16:00:00", 2); 

INSERT INTO Vac_User VALUES ("ECA63E43F39216E7","Chasity","Carson","Kilbourne","1968-08-15",3,"chasitycarson@poochies.com","+39 (835) 479-2959","none"); 
INSERT INTO User_Credentials VALUES ("ECA63E43F39216E7", "96ec13d5ec40f735763e59fc46eb0a786681284d7adbdc0f2d8e0bd5abdc448"); 
INSERT INTO Vaccination VALUES ("ECA63E43F39216E7_1", "ECA63E43F39216E7", "NRIGSP98C27G273N", "pfizer", "2021-10-04", 1); 
INSERT INTO Vaccination VALUES ("ECA63E43F39216E7_2", "ECA63E43F39216E7", null, null, "2022-03-09 14:00:00", 2); 

INSERT INTO Vac_User VALUES ("55332EC3DA32128E","Vega","House","Lloyd","1952-09-16",3,"vegahouse@poochies.com","+39 (990) 598-2110","fragile"); 
INSERT INTO User_Credentials VALUES ("55332EC3DA32128E", "96ec13d5ec40f735763e59fc46eb0a786681284d7adbdc0f2d8e0bd5abdc448"); 
INSERT INTO Vaccination VALUES ("55332EC3DA32128E_1", "55332EC3DA32128E", "LPPMRL98C27G273N", "janssen", "2021-01-29", 1); 
INSERT INTO Vaccination VALUES ("55332EC3DA32128E_2", "55332EC3DA32128E", null, null, "2022-03-07 09:00:00", 2); 

INSERT INTO Vac_User VALUES ("F7BAD93F499BB662","Juarez","Slater","Gratton","1987-07-24",1,"juarezslater@poochies.com","+39 (847) 527-3677","none"); 
INSERT INTO User_Credentials VALUES ("F7BAD93F499BB662", "96ec13d5ec40f735763e59fc46eb0a786681284d7adbdc0f2d8e0bd5abdc448"); 
INSERT INTO Vaccination VALUES ("F7BAD93F499BB662_1", "F7BAD93F499BB662", "NRIGSP98C27G273N", "astrazeneca", "2021-07-16", 1); 
INSERT INTO Vaccination VALUES ("F7BAD93F499BB662_2", "F7BAD93F499BB662", null, null, "2022-03-26 17:00:00", 2); 

INSERT INTO Vac_User VALUES ("B25E965FD4562C41","Wheeler","Everett","Mahtowa","2006-05-26",1,"wheelereverett@poochies.com","+39 (842) 569-2157","fragile"); 
INSERT INTO User_Credentials VALUES ("B25E965FD4562C41", "96ec13d5ec40f735763e59fc46eb0a786681284d7adbdc0f2d8e0bd5abdc448"); 
INSERT INTO Vaccination VALUES ("B25E965FD4562C41_1", "B25E965FD4562C41", "DCRRGG98C27G273N", "pfizer", "2021-04-09", 1); 
INSERT INTO Vaccination VALUES ("B25E965FD4562C41_2", "B25E965FD4562C41", null, null, "2022-03-18 09:00:00", 2); 

INSERT INTO Vac_User VALUES ("ADD2BD373BD8D011","Hunt","Weaver","Lorraine","1955-08-09",3,"huntweaver@poochies.com","+39 (888) 526-3412","none"); 
INSERT INTO User_Credentials VALUES ("ADD2BD373BD8D011", "96ec13d5ec40f735763e59fc46eb0a786681284d7adbdc0f2d8e0bd5abdc448"); 
INSERT INTO Vaccination VALUES ("ADD2BD373BD8D011_1", "ADD2BD373BD8D011", "NRIGSP98C27G273N", "pfizer", "2021-12-18", 1); 
INSERT INTO Vaccination VALUES ("ADD2BD373BD8D011_2", "ADD2BD373BD8D011", null, null, "2022-03-27 11:00:00", 2); 

INSERT INTO Vac_User VALUES ("1C64C7D942E43590","Alba","Morrison","Outlook","2008-07-19",3,"albamorrison@poochies.com","+39 (876) 491-2140","fragile"); 
INSERT INTO User_Credentials VALUES ("1C64C7D942E43590", "96ec13d5ec40f735763e59fc46eb0a786681284d7adbdc0f2d8e0bd5abdc448"); 
INSERT INTO Vaccination VALUES ("1C64C7D942E43590_1", "1C64C7D942E43590", "DCRRGG98C27G273N", "pfizer", "2021-02-23", 1); 
INSERT INTO Vaccination VALUES ("1C64C7D942E43590_2", "1C64C7D942E43590", null, null, "2022-02-24 14:00:00", 2); 

INSERT INTO Vac_User VALUES ("CB063910E18EE523","Judith","Hudson","Floris","1967-10-12",3,"judithhudson@poochies.com","+39 (974) 561-2602","none"); 
INSERT INTO User_Credentials VALUES ("CB063910E18EE523", "96ec13d5ec40f735763e59fc46eb0a786681284d7adbdc0f2d8e0bd5abdc448"); 
INSERT INTO Vaccination VALUES ("CB063910E18EE523_1", "CB063910E18EE523", "PVGCGR99C27G273N", "astrazeneca", "2021-03-16", 1); 
INSERT INTO Vaccination VALUES ("CB063910E18EE523_2", "CB063910E18EE523", null, null, "2022-02-28 18:00:00", 2); 

INSERT INTO Vac_User VALUES ("54D08C4BA0B731DF","Rochelle","Austin","Muse","1983-09-30",1,"rochelleaustin@poochies.com","+39 (891) 415-2223","fragile"); 
INSERT INTO User_Credentials VALUES ("54D08C4BA0B731DF", "96ec13d5ec40f735763e59fc46eb0a786681284d7adbdc0f2d8e0bd5abdc448"); 
INSERT INTO Vaccination VALUES ("54D08C4BA0B731DF_1", "54D08C4BA0B731DF", "PVGCGR99C27G273N", "astrazeneca", "2021-01-03", 1); 
INSERT INTO Vaccination VALUES ("54D08C4BA0B731DF_2", "54D08C4BA0B731DF", null, null, "2022-03-24 12:00:00", 2); 

INSERT INTO Vac_User VALUES ("4B8587591F578336","Jodie","Abbott","Crisman","1963-07-02",3,"jodieabbott@poochies.com","+39 (933) 415-2343","fragile"); 
INSERT INTO User_Credentials VALUES ("4B8587591F578336", "96ec13d5ec40f735763e59fc46eb0a786681284d7adbdc0f2d8e0bd5abdc448"); 
INSERT INTO Vaccination VALUES ("4B8587591F578336_1", "4B8587591F578336", "LPPMRL98C27G273N", "astrazeneca", "2021-09-21", 1); 
INSERT INTO Vaccination VALUES ("4B8587591F578336_2", "4B8587591F578336", null, null, "2022-03-10 15:00:00", 2); 

INSERT INTO Vac_User VALUES ("227D64E6C4E7B3FD","Larson","Carroll","Northchase","1948-08-13",1,"larsoncarroll@poochies.com","+39 (807) 550-3353","fragile"); 
INSERT INTO User_Credentials VALUES ("227D64E6C4E7B3FD", "96ec13d5ec40f735763e59fc46eb0a786681284d7adbdc0f2d8e0bd5abdc448"); 
INSERT INTO Vaccination VALUES ("227D64E6C4E7B3FD_1", "227D64E6C4E7B3FD", "LPPMRL98C27G273N", "pfizer", "2021-05-28", 1); 
INSERT INTO Vaccination VALUES ("227D64E6C4E7B3FD_2", "227D64E6C4E7B3FD", null, null, "2022-03-22 17:00:00", 2); 

INSERT INTO Vac_User VALUES ("97E7EA1F4BA70BD8","Rachael","Gill","Leroy","1997-01-03",2,"rachaelgill@poochies.com","+39 (913) 579-2386","over65"); 
INSERT INTO User_Credentials VALUES ("97E7EA1F4BA70BD8", "96ec13d5ec40f735763e59fc46eb0a786681284d7adbdc0f2d8e0bd5abdc448"); 
INSERT INTO Vaccination VALUES ("97E7EA1F4BA70BD8_1", "97E7EA1F4BA70BD8", "LPPMRL98C27G273N", "pfizer", "2021-04-01", 1); 
INSERT INTO Vaccination VALUES ("97E7EA1F4BA70BD8_2", "97E7EA1F4BA70BD8", null, null, "2022-03-14 14:00:00", 2); 

INSERT INTO Vac_User VALUES ("2720AB106A18ACC3","Terri","Rice","Barrelville","1962-12-01",2,"terririce@poochies.com","+39 (902) 494-3152","over65"); 
INSERT INTO User_Credentials VALUES ("2720AB106A18ACC3", "96ec13d5ec40f735763e59fc46eb0a786681284d7adbdc0f2d8e0bd5abdc448"); 
INSERT INTO Vaccination VALUES ("2720AB106A18ACC3_1", "2720AB106A18ACC3", "DCRRGG98C27G273N", "moderna", "2021-03-09", 1); 
INSERT INTO Vaccination VALUES ("2720AB106A18ACC3_2", "2720AB106A18ACC3", null, null, "2022-03-28 12:00:00", 2); 

INSERT INTO Vac_User VALUES ("0E57A2D5D836B36D","Boyle","Schultz","Naomi","1969-12-15",3,"boyleschultz@poochies.com","+39 (840) 584-2865","fragile"); 
INSERT INTO User_Credentials VALUES ("0E57A2D5D836B36D", "96ec13d5ec40f735763e59fc46eb0a786681284d7adbdc0f2d8e0bd5abdc448"); 
INSERT INTO Vaccination VALUES ("0E57A2D5D836B36D_1", "0E57A2D5D836B36D", "NRIGSP98C27G273N", "moderna", "2021-11-29", 1); 
INSERT INTO Vaccination VALUES ("0E57A2D5D836B36D_2", "0E57A2D5D836B36D", null, null, "2022-03-14 14:00:00", 2); 

INSERT INTO Vac_User VALUES ("0BD447F069FE3F3B","Gamble","Emerson","Carrizo","1997-03-29",1,"gambleemerson@poochies.com","+39 (852) 435-2408","none"); 
INSERT INTO User_Credentials VALUES ("0BD447F069FE3F3B", "96ec13d5ec40f735763e59fc46eb0a786681284d7adbdc0f2d8e0bd5abdc448"); 
INSERT INTO Vaccination VALUES ("0BD447F069FE3F3B_1", "0BD447F069FE3F3B", "DCRRGG98C27G273N", "astrazeneca", "2021-11-04", 1); 
INSERT INTO Vaccination VALUES ("0BD447F069FE3F3B_2", "0BD447F069FE3F3B", null, null, "2022-02-27 12:00:00", 2); 

INSERT INTO Vac_User VALUES ("F9832C5CA12DA9F6","Barnes","Riddle","Grazierville","1982-08-18",2,"barnesriddle@poochies.com","+39 (887) 570-3746","over65"); 
INSERT INTO User_Credentials VALUES ("F9832C5CA12DA9F6", "96ec13d5ec40f735763e59fc46eb0a786681284d7adbdc0f2d8e0bd5abdc448"); 
INSERT INTO Vaccination VALUES ("F9832C5CA12DA9F6_1", "F9832C5CA12DA9F6", "PVGCGR99C27G273N", "astrazeneca", "2021-06-16", 1); 
INSERT INTO Vaccination VALUES ("F9832C5CA12DA9F6_2", "F9832C5CA12DA9F6", null, null, "2022-02-23 14:00:00", 2); 

INSERT INTO Vac_User VALUES ("5D12D201D9816599","Lucinda","Vance","Darrtown","1945-04-04",3,"lucindavance@poochies.com","+39 (922) 517-2855","none"); 
INSERT INTO User_Credentials VALUES ("5D12D201D9816599", "96ec13d5ec40f735763e59fc46eb0a786681284d7adbdc0f2d8e0bd5abdc448"); 
INSERT INTO Vaccination VALUES ("5D12D201D9816599_1", "5D12D201D9816599", "PVGCGR99C27G273N", "moderna", "2021-10-01", 1); 
INSERT INTO Vaccination VALUES ("5D12D201D9816599_2", "5D12D201D9816599", null, null, "2022-03-14 15:00:00", 2); 

INSERT INTO Vac_User VALUES ("CCC3AC8DF4B432F7","Brock","Mcguire","Winesburg","1982-12-23",3,"brockmcguire@poochies.com","+39 (865) 561-3071","over65"); 
INSERT INTO User_Credentials VALUES ("CCC3AC8DF4B432F7", "96ec13d5ec40f735763e59fc46eb0a786681284d7adbdc0f2d8e0bd5abdc448"); 
INSERT INTO Vaccination VALUES ("CCC3AC8DF4B432F7_1", "CCC3AC8DF4B432F7", "VCRBNC99D27G273N", "moderna", "2021-09-13", 1); 
INSERT INTO Vaccination VALUES ("CCC3AC8DF4B432F7_2", "CCC3AC8DF4B432F7", null, null, "2022-02-24 18:00:00", 2); 

INSERT INTO Vac_User VALUES ("EC2E7BA411D584BA","Marie","Davenport","Kempton","2002-02-28",1,"mariedavenport@poochies.com","+39 (947) 433-2929","none"); 
INSERT INTO User_Credentials VALUES ("EC2E7BA411D584BA", "96ec13d5ec40f735763e59fc46eb0a786681284d7adbdc0f2d8e0bd5abdc448"); 
INSERT INTO Vaccination VALUES ("EC2E7BA411D584BA_1", "EC2E7BA411D584BA", "PVGCGR99C27G273N", "pfizer", "2021-10-10", 1); 
INSERT INTO Vaccination VALUES ("EC2E7BA411D584BA_2", "EC2E7BA411D584BA", null, null, "2022-02-23 09:00:00", 2); 

INSERT INTO Vac_User VALUES ("6727044A1D34EE6B","Webb","Sandoval","Nash","1992-01-10",1,"webbsandoval@poochies.com","+39 (828) 505-3272","fragile"); 
INSERT INTO User_Credentials VALUES ("6727044A1D34EE6B", "96ec13d5ec40f735763e59fc46eb0a786681284d7adbdc0f2d8e0bd5abdc448"); 
INSERT INTO Vaccination VALUES ("6727044A1D34EE6B_1", "6727044A1D34EE6B", "NRIGSP98C27G273N", "moderna", "2021-06-22", 1); 
INSERT INTO Vaccination VALUES ("6727044A1D34EE6B_2", "6727044A1D34EE6B", null, null, "2022-03-29 14:00:00", 2); 

INSERT INTO Vac_User VALUES ("2D8DA0DE0D355004","Weaver","Simpson","Davenport","2001-09-12",1,"weaversimpson@poochies.com","+39 (827) 599-3783","none"); 
INSERT INTO User_Credentials VALUES ("2D8DA0DE0D355004", "96ec13d5ec40f735763e59fc46eb0a786681284d7adbdc0f2d8e0bd5abdc448"); 
INSERT INTO Vaccination VALUES ("2D8DA0DE0D355004_1", "2D8DA0DE0D355004", "LPPMRL98C27G273N", "janssen", "2021-11-01", 1); 
INSERT INTO Vaccination VALUES ("2D8DA0DE0D355004_2", "2D8DA0DE0D355004", null, null, "2022-03-05 17:00:00", 2); 

INSERT INTO Vac_User VALUES ("397CC104B0BB33BF","Santiago","Bush","Kaka","1946-10-11",1,"santiagobush@poochies.com","+39 (804) 553-3960","over65"); 
INSERT INTO User_Credentials VALUES ("397CC104B0BB33BF", "96ec13d5ec40f735763e59fc46eb0a786681284d7adbdc0f2d8e0bd5abdc448"); 
INSERT INTO Vaccination VALUES ("397CC104B0BB33BF_1", "397CC104B0BB33BF", "PVGCGR99C27G273N", "pfizer", "2021-10-08", 1); 
INSERT INTO Vaccination VALUES ("397CC104B0BB33BF_2", "397CC104B0BB33BF", null, null, "2022-03-08 10:00:00", 2); 

INSERT INTO Vac_User VALUES ("B365DE565DD5A904","Dudley","Shields","Rodman","1984-11-11",2,"dudleyshields@poochies.com","+39 (829) 588-3363","over65"); 
INSERT INTO User_Credentials VALUES ("B365DE565DD5A904", "96ec13d5ec40f735763e59fc46eb0a786681284d7adbdc0f2d8e0bd5abdc448"); 
INSERT INTO Vaccination VALUES ("B365DE565DD5A904_1", "B365DE565DD5A904", "LPPMRL98C27G273N", "janssen", "2021-04-04", 1); 
INSERT INTO Vaccination VALUES ("B365DE565DD5A904_2", "B365DE565DD5A904", null, null, "2022-03-16 09:00:00", 2); 

INSERT INTO Vac_User VALUES ("06D9CB0B733DFD28","Janine","Mcdonald","Wheatfields","1971-04-15",1,"janinemcdonald@poochies.com","+39 (925) 427-3340","fragile"); 
INSERT INTO User_Credentials VALUES ("06D9CB0B733DFD28", "96ec13d5ec40f735763e59fc46eb0a786681284d7adbdc0f2d8e0bd5abdc448"); 
INSERT INTO Vaccination VALUES ("06D9CB0B733DFD28_1", "06D9CB0B733DFD28", "NRIGSP98C27G273N", "astrazeneca", "2021-06-02", 1); 
INSERT INTO Vaccination VALUES ("06D9CB0B733DFD28_2", "06D9CB0B733DFD28", null, null, "2022-03-12 14:00:00", 2); 

INSERT INTO Vac_User VALUES ("3508E119228D3E43","Keith","Greene","Gulf","1995-09-15",2,"keithgreene@poochies.com","+39 (849) 544-2281","none"); 
INSERT INTO User_Credentials VALUES ("3508E119228D3E43", "96ec13d5ec40f735763e59fc46eb0a786681284d7adbdc0f2d8e0bd5abdc448"); 
INSERT INTO Vaccination VALUES ("3508E119228D3E43_1", "3508E119228D3E43", "PVGCGR99C27G273N", "pfizer", "2021-09-18", 1); 
INSERT INTO Vaccination VALUES ("3508E119228D3E43_2", "3508E119228D3E43", null, null, "2022-03-23 12:00:00", 2); 

INSERT INTO Vac_User VALUES ("AECCB1BE20C5113F","Gordon","Solomon","Yonah","1997-01-18",2,"gordonsolomon@poochies.com","+39 (940) 479-2467","none"); 
INSERT INTO User_Credentials VALUES ("AECCB1BE20C5113F", "96ec13d5ec40f735763e59fc46eb0a786681284d7adbdc0f2d8e0bd5abdc448"); 
INSERT INTO Vaccination VALUES ("AECCB1BE20C5113F_1", "AECCB1BE20C5113F", "DCRRGG98C27G273N", "moderna", "2021-08-06", 1); 
INSERT INTO Vaccination VALUES ("AECCB1BE20C5113F_2", "AECCB1BE20C5113F", null, null, "2022-02-23 16:00:00", 2); 

INSERT INTO Vac_User VALUES ("EDEF14451D140A68","Britney","Decker","Edenburg","1953-04-26",1,"britneydecker@poochies.com","+39 (935) 491-3047","over65"); 
INSERT INTO User_Credentials VALUES ("EDEF14451D140A68", "96ec13d5ec40f735763e59fc46eb0a786681284d7adbdc0f2d8e0bd5abdc448"); 
INSERT INTO Vaccination VALUES ("EDEF14451D140A68_1", "EDEF14451D140A68", "VCRBNC99D27G273N", "astrazeneca", "2021-06-08", 1); 
INSERT INTO Vaccination VALUES ("EDEF14451D140A68_2", "EDEF14451D140A68", null, null, "2022-03-15 09:00:00", 2); 

INSERT INTO Vac_User VALUES ("E31DA36528616231","Laurel","Cherry","Gila","1980-08-14",3,"laurelcherry@poochies.com","+39 (960) 518-3278","fragile"); 
INSERT INTO User_Credentials VALUES ("E31DA36528616231", "96ec13d5ec40f735763e59fc46eb0a786681284d7adbdc0f2d8e0bd5abdc448"); 
INSERT INTO Vaccination VALUES ("E31DA36528616231_1", "E31DA36528616231", "NRIGSP98C27G273N", "moderna", "2021-01-09", 1); 
INSERT INTO Vaccination VALUES ("E31DA36528616231_2", "E31DA36528616231", null, null, "2022-03-10 18:00:00", 2); 

INSERT INTO Vac_User VALUES ("87D6DAF6F6C6B9C9","Francis","Palmer","Fontanelle","1996-05-25",2,"francispalmer@poochies.com","+39 (943) 453-2933","over65"); 
INSERT INTO User_Credentials VALUES ("87D6DAF6F6C6B9C9", "96ec13d5ec40f735763e59fc46eb0a786681284d7adbdc0f2d8e0bd5abdc448"); 
INSERT INTO Vaccination VALUES ("87D6DAF6F6C6B9C9_1", "87D6DAF6F6C6B9C9", "LPPMRL98C27G273N", "moderna", "2021-12-05", 1); 
INSERT INTO Vaccination VALUES ("87D6DAF6F6C6B9C9_2", "87D6DAF6F6C6B9C9", null, null, "2022-03-18 18:00:00", 2); 

INSERT INTO Vac_User VALUES ("4D970BF8E1521A95","Rodriquez","Mccall","Hebron","2008-12-08",1,"rodriquezmccall@poochies.com","+39 (992) 546-2374","fragile"); 
INSERT INTO User_Credentials VALUES ("4D970BF8E1521A95", "96ec13d5ec40f735763e59fc46eb0a786681284d7adbdc0f2d8e0bd5abdc448"); 
INSERT INTO Vaccination VALUES ("4D970BF8E1521A95_1", "4D970BF8E1521A95", "LPPMRL98C27G273N", "moderna", "2021-03-11", 1); 
INSERT INTO Vaccination VALUES ("4D970BF8E1521A95_2", "4D970BF8E1521A95", null, null, "2022-03-22 17:00:00", 2); 

INSERT INTO Vac_User VALUES ("AFAD3F6771749CAC","Wanda","Perez","Cazadero","2008-12-14",2,"wandaperez@poochies.com","+39 (892) 410-2156","fragile"); 
INSERT INTO User_Credentials VALUES ("AFAD3F6771749CAC", "96ec13d5ec40f735763e59fc46eb0a786681284d7adbdc0f2d8e0bd5abdc448"); 
INSERT INTO Vaccination VALUES ("AFAD3F6771749CAC_1", "AFAD3F6771749CAC", "PVGCGR99C27G273N", "pfizer", "2021-01-22", 1); 
INSERT INTO Vaccination VALUES ("AFAD3F6771749CAC_2", "AFAD3F6771749CAC", null, null, "2022-03-02 14:00:00", 2); 

INSERT INTO Vac_User VALUES ("DE5BC142BBF18079","Gonzalez","Velasquez","Glasgow","1949-03-31",3,"gonzalezvelasquez@poochies.com","+39 (894) 480-2960","none"); 
INSERT INTO User_Credentials VALUES ("DE5BC142BBF18079", "96ec13d5ec40f735763e59fc46eb0a786681284d7adbdc0f2d8e0bd5abdc448"); 
INSERT INTO Vaccination VALUES ("DE5BC142BBF18079_1", "DE5BC142BBF18079", "NRIGSP98C27G273N", "pfizer", "2021-08-13", 1); 
INSERT INTO Vaccination VALUES ("DE5BC142BBF18079_2", "DE5BC142BBF18079", null, null, "2022-02-23 18:00:00", 2); 

INSERT INTO Vac_User VALUES ("41FF1A6DC641109C","Ethel","Nixon","Breinigsville","2009-09-27",2,"ethelnixon@poochies.com","+39 (959) 440-3121","over65"); 
INSERT INTO User_Credentials VALUES ("41FF1A6DC641109C", "96ec13d5ec40f735763e59fc46eb0a786681284d7adbdc0f2d8e0bd5abdc448"); 
INSERT INTO Vaccination VALUES ("41FF1A6DC641109C_1", "41FF1A6DC641109C", "PVGCGR99C27G273N", "astrazeneca", "2021-04-01", 1); 
INSERT INTO Vaccination VALUES ("41FF1A6DC641109C_2", "41FF1A6DC641109C", null, null, "2022-02-28 13:00:00", 2); 

INSERT INTO Vac_User VALUES ("52D59065FD02D3AF","Mcpherson","Hines","Reinerton","1953-03-23",1,"mcphersonhines@poochies.com","+39 (879) 535-2265","fragile"); 
INSERT INTO User_Credentials VALUES ("52D59065FD02D3AF", "96ec13d5ec40f735763e59fc46eb0a786681284d7adbdc0f2d8e0bd5abdc448"); 
INSERT INTO Vaccination VALUES ("52D59065FD02D3AF_1", "52D59065FD02D3AF", "LPPMRL98C27G273N", "janssen", "2021-10-21", 1); 
INSERT INTO Vaccination VALUES ("52D59065FD02D3AF_2", "52D59065FD02D3AF", null, null, "2022-02-22 09:00:00", 2); 

INSERT INTO Vac_User VALUES ("BC7753E6672C3E91","Ortega","Schneider","Keller","2002-01-12",1,"ortegaschneider@poochies.com","+39 (808) 453-3424","none"); 
INSERT INTO User_Credentials VALUES ("BC7753E6672C3E91", "96ec13d5ec40f735763e59fc46eb0a786681284d7adbdc0f2d8e0bd5abdc448"); 
INSERT INTO Vaccination VALUES ("BC7753E6672C3E91_1", "BC7753E6672C3E91", "VCRBNC99D27G273N", "astrazeneca", "2021-05-05", 1); 
INSERT INTO Vaccination VALUES ("BC7753E6672C3E91_2", "BC7753E6672C3E91", null, null, "2022-03-23 13:00:00", 2); 

INSERT INTO Vac_User VALUES ("34084A7E435FC413","Greene","Blackburn","Loretto","1964-10-31",3,"greeneblackburn@poochies.com","+39 (963) 420-2021","none"); 
INSERT INTO User_Credentials VALUES ("34084A7E435FC413", "96ec13d5ec40f735763e59fc46eb0a786681284d7adbdc0f2d8e0bd5abdc448"); 
INSERT INTO Vaccination VALUES ("34084A7E435FC413_1", "34084A7E435FC413", "PVGCGR99C27G273N", "astrazeneca", "2021-07-21", 1); 
INSERT INTO Vaccination VALUES ("34084A7E435FC413_2", "34084A7E435FC413", null, null, "2022-03-26 12:00:00", 2); 

INSERT INTO Vac_User VALUES ("5598ABFEDE63F4B2","Leann","Ferrell","Hiko","1977-12-31",2,"leannferrell@poochies.com","+39 (892) 479-3241","over65"); 
INSERT INTO User_Credentials VALUES ("5598ABFEDE63F4B2", "96ec13d5ec40f735763e59fc46eb0a786681284d7adbdc0f2d8e0bd5abdc448"); 
INSERT INTO Vaccination VALUES ("5598ABFEDE63F4B2_1", "5598ABFEDE63F4B2", "PVGCGR99C27G273N", "astrazeneca", "2021-12-08", 1); 
INSERT INTO Vaccination VALUES ("5598ABFEDE63F4B2_2", "5598ABFEDE63F4B2", null, null, "2022-03-13 14:00:00", 2); 

INSERT INTO Vac_User VALUES ("63350A66C15110A0","Evelyn","Page","Trucksville","1954-04-11",3,"evelynpage@poochies.com","+39 (864) 431-3687","over65"); 
INSERT INTO User_Credentials VALUES ("63350A66C15110A0", "96ec13d5ec40f735763e59fc46eb0a786681284d7adbdc0f2d8e0bd5abdc448"); 
INSERT INTO Vaccination VALUES ("63350A66C15110A0_1", "63350A66C15110A0", "NRIGSP98C27G273N", "janssen", "2021-11-20", 1); 
INSERT INTO Vaccination VALUES ("63350A66C15110A0_2", "63350A66C15110A0", null, null, "2022-02-24 13:00:00", 2); 

INSERT INTO Vac_User VALUES ("2CE530D672FAD032","Roberta","Dyer","Soham","1968-01-06",1,"robertadyer@poochies.com","+39 (959) 485-2934","fragile"); 
INSERT INTO User_Credentials VALUES ("2CE530D672FAD032", "96ec13d5ec40f735763e59fc46eb0a786681284d7adbdc0f2d8e0bd5abdc448"); 
INSERT INTO Vaccination VALUES ("2CE530D672FAD032_1", "2CE530D672FAD032", "NRIGSP98C27G273N", "astrazeneca", "2021-07-05", 1); 
INSERT INTO Vaccination VALUES ("2CE530D672FAD032_2", "2CE530D672FAD032", null, null, "2022-03-18 17:00:00", 2); 

INSERT INTO Vac_User VALUES ("78C5D18D5DE31738","Maude","Becker","Buxton","1970-09-15",1,"maudebecker@poochies.com","+39 (972) 449-3598","fragile"); 
INSERT INTO User_Credentials VALUES ("78C5D18D5DE31738", "96ec13d5ec40f735763e59fc46eb0a786681284d7adbdc0f2d8e0bd5abdc448"); 
INSERT INTO Vaccination VALUES ("78C5D18D5DE31738_1", "78C5D18D5DE31738", "LPPMRL98C27G273N", "astrazeneca", "2021-09-29", 1); 
INSERT INTO Vaccination VALUES ("78C5D18D5DE31738_2", "78C5D18D5DE31738", null, null, "2022-02-25 15:00:00", 2); 

INSERT INTO Vac_User VALUES ("D63DC6A1433B4895","Buckner","Hawkins","Biehle","1956-07-29",3,"bucknerhawkins@poochies.com","+39 (954) 409-2041","none"); 
INSERT INTO User_Credentials VALUES ("D63DC6A1433B4895", "96ec13d5ec40f735763e59fc46eb0a786681284d7adbdc0f2d8e0bd5abdc448"); 
INSERT INTO Vaccination VALUES ("D63DC6A1433B4895_1", "D63DC6A1433B4895", "LPPMRL98C27G273N", "astrazeneca", "2021-12-28", 1); 
INSERT INTO Vaccination VALUES ("D63DC6A1433B4895_2", "D63DC6A1433B4895", null, null, "2022-03-23 15:00:00", 2); 

INSERT INTO Vac_User VALUES ("0846BCC9BCDFF8D3","Parker","Franco","Succasunna","2003-07-20",1,"parkerfranco@poochies.com","+39 (892) 535-3736","over65"); 
INSERT INTO User_Credentials VALUES ("0846BCC9BCDFF8D3", "96ec13d5ec40f735763e59fc46eb0a786681284d7adbdc0f2d8e0bd5abdc448"); 
INSERT INTO Vaccination VALUES ("0846BCC9BCDFF8D3_1", "0846BCC9BCDFF8D3", "NRIGSP98C27G273N", "moderna", "2021-05-14", 1); 
INSERT INTO Vaccination VALUES ("0846BCC9BCDFF8D3_2", "0846BCC9BCDFF8D3", null, null, "2022-03-20 10:00:00", 2); 

INSERT INTO Vac_User VALUES ("61BC3D0EF2DEA5D6","Spears","Macias","Remington","2000-08-15",1,"spearsmacias@poochies.com","+39 (917) 537-2178","fragile"); 
INSERT INTO User_Credentials VALUES ("61BC3D0EF2DEA5D6", "96ec13d5ec40f735763e59fc46eb0a786681284d7adbdc0f2d8e0bd5abdc448"); 
INSERT INTO Vaccination VALUES ("61BC3D0EF2DEA5D6_1", "61BC3D0EF2DEA5D6", "VCRBNC99D27G273N", "astrazeneca", "2021-12-10", 1); 
INSERT INTO Vaccination VALUES ("61BC3D0EF2DEA5D6_2", "61BC3D0EF2DEA5D6", null, null, "2022-02-27 13:00:00", 2); 

INSERT INTO Vac_User VALUES ("CB55170DEE1A9485","Patrice","Castillo","Sultana","2009-02-15",2,"patricecastillo@poochies.com","+39 (971) 506-3804","fragile"); 
INSERT INTO User_Credentials VALUES ("CB55170DEE1A9485", "96ec13d5ec40f735763e59fc46eb0a786681284d7adbdc0f2d8e0bd5abdc448"); 
INSERT INTO Vaccination VALUES ("CB55170DEE1A9485_1", "CB55170DEE1A9485", "PVGCGR99C27G273N", "moderna", "2021-11-07", 1); 
INSERT INTO Vaccination VALUES ("CB55170DEE1A9485_2", "CB55170DEE1A9485", null, null, "2022-03-28 09:00:00", 2); 

INSERT INTO Vac_User VALUES ("A9192491659B1DA5","Rowland","Drake","Rosewood","1998-01-17",2,"rowlanddrake@poochies.com","+39 (962) 592-3578","none"); 
INSERT INTO User_Credentials VALUES ("A9192491659B1DA5", "96ec13d5ec40f735763e59fc46eb0a786681284d7adbdc0f2d8e0bd5abdc448"); 
INSERT INTO Vaccination VALUES ("A9192491659B1DA5_1", "A9192491659B1DA5", "PVGCGR99C27G273N", "astrazeneca", "2021-11-30", 1); 
INSERT INTO Vaccination VALUES ("A9192491659B1DA5_2", "A9192491659B1DA5", null, null, "2022-03-12 15:00:00", 2); 

INSERT INTO Vac_User VALUES ("6275E02620F8B6E1","Latasha","Walker","Kerby","1994-03-10",1,"latashawalker@poochies.com","+39 (899) 539-3183","none"); 
INSERT INTO User_Credentials VALUES ("6275E02620F8B6E1", "96ec13d5ec40f735763e59fc46eb0a786681284d7adbdc0f2d8e0bd5abdc448"); 
INSERT INTO Vaccination VALUES ("6275E02620F8B6E1_1", "6275E02620F8B6E1", "PVGCGR99C27G273N", "astrazeneca", "2021-01-10", 1); 
INSERT INTO Vaccination VALUES ("6275E02620F8B6E1_2", "6275E02620F8B6E1", null, null, "2022-03-20 13:00:00", 2); 

INSERT INTO Vac_User VALUES ("972154A4353FFC03","Kerri","Hayden","Dennard","1961-11-18",2,"kerrihayden@poochies.com","+39 (897) 574-2990","fragile"); 
INSERT INTO User_Credentials VALUES ("972154A4353FFC03", "96ec13d5ec40f735763e59fc46eb0a786681284d7adbdc0f2d8e0bd5abdc448"); 
INSERT INTO Vaccination VALUES ("972154A4353FFC03_1", "972154A4353FFC03", "VCRBNC99D27G273N", "pfizer", "2021-04-17", 1); 
INSERT INTO Vaccination VALUES ("972154A4353FFC03_2", "972154A4353FFC03", null, null, "2022-03-12 14:00:00", 2); 

INSERT INTO Vac_User VALUES ("27D2B9BD9827507F","Josie","Kaufman","Boomer","1969-02-17",3,"josiekaufman@poochies.com","+39 (822) 419-3947","over65"); 
INSERT INTO User_Credentials VALUES ("27D2B9BD9827507F", "96ec13d5ec40f735763e59fc46eb0a786681284d7adbdc0f2d8e0bd5abdc448"); 
INSERT INTO Vaccination VALUES ("27D2B9BD9827507F_1", "27D2B9BD9827507F", "PVGCGR99C27G273N", "moderna", "2021-10-24", 1); 
INSERT INTO Vaccination VALUES ("27D2B9BD9827507F_2", "27D2B9BD9827507F", null, null, "2022-03-12 17:00:00", 2); 

INSERT INTO Vac_User VALUES ("9DFFE872F06A179B","Grace","Owens","Condon","1940-02-26",1,"graceowens@poochies.com","+39 (887) 529-3212","fragile"); 
INSERT INTO User_Credentials VALUES ("9DFFE872F06A179B", "96ec13d5ec40f735763e59fc46eb0a786681284d7adbdc0f2d8e0bd5abdc448"); 
INSERT INTO Vaccination VALUES ("9DFFE872F06A179B_1", "9DFFE872F06A179B", "VCRBNC99D27G273N", "pfizer", "2021-07-28", 1); 
INSERT INTO Vaccination VALUES ("9DFFE872F06A179B_2", "9DFFE872F06A179B", null, null, "2022-03-14 13:00:00", 2); 

INSERT INTO Vac_User VALUES ("4D048C8F1AC1E761","Henrietta","Rodriguez","Edgar","1993-07-16",3,"henriettarodriguez@poochies.com","+39 (978) 538-2979","over65"); 
INSERT INTO User_Credentials VALUES ("4D048C8F1AC1E761", "96ec13d5ec40f735763e59fc46eb0a786681284d7adbdc0f2d8e0bd5abdc448"); 
INSERT INTO Vaccination VALUES ("4D048C8F1AC1E761_1", "4D048C8F1AC1E761", "PVGCGR99C27G273N", "moderna", "2021-06-10", 1); 
INSERT INTO Vaccination VALUES ("4D048C8F1AC1E761_2", "4D048C8F1AC1E761", null, null, "2022-03-25 15:00:00", 2); 

INSERT INTO Vac_User VALUES ("A3B0A9FC17802680","Santana","Mckenzie","Fowlerville","1982-02-20",1,"santanamckenzie@poochies.com","+39 (839) 525-2899","over65"); 
INSERT INTO User_Credentials VALUES ("A3B0A9FC17802680", "96ec13d5ec40f735763e59fc46eb0a786681284d7adbdc0f2d8e0bd5abdc448"); 
INSERT INTO Vaccination VALUES ("A3B0A9FC17802680_1", "A3B0A9FC17802680", "DCRRGG98C27G273N", "janssen", "2021-05-25", 1); 
INSERT INTO Vaccination VALUES ("A3B0A9FC17802680_2", "A3B0A9FC17802680", null, null, "2022-03-14 13:00:00", 2); 

INSERT INTO Vac_User VALUES ("B689D37E0828DB29","Alexandria","Reeves","Wawona","1995-10-18",1,"alexandriareeves@poochies.com","+39 (924) 514-2422","fragile"); 
INSERT INTO User_Credentials VALUES ("B689D37E0828DB29", "96ec13d5ec40f735763e59fc46eb0a786681284d7adbdc0f2d8e0bd5abdc448"); 
INSERT INTO Vaccination VALUES ("B689D37E0828DB29_1", "B689D37E0828DB29", "LPPMRL98C27G273N", "pfizer", "2021-06-30", 1); 
INSERT INTO Vaccination VALUES ("B689D37E0828DB29_2", "B689D37E0828DB29", null, null, "2022-02-28 12:00:00", 2); 

INSERT INTO Vac_User VALUES ("2A10E0D5DD36F67D","Mcclure","Christensen","Chalfant","1989-12-24",3,"mcclurechristensen@poochies.com","+39 (860) 531-2882","none"); 
INSERT INTO User_Credentials VALUES ("2A10E0D5DD36F67D", "96ec13d5ec40f735763e59fc46eb0a786681284d7adbdc0f2d8e0bd5abdc448"); 
INSERT INTO Vaccination VALUES ("2A10E0D5DD36F67D_1", "2A10E0D5DD36F67D", "DCRRGG98C27G273N", "moderna", "2021-04-01", 1); 
INSERT INTO Vaccination VALUES ("2A10E0D5DD36F67D_2", "2A10E0D5DD36F67D", null, null, "2022-03-29 11:00:00", 2); 

INSERT INTO Vac_User VALUES ("5C054D60A7F84E3E","Gladys","Acevedo","Vicksburg","1960-05-05",1,"gladysacevedo@poochies.com","+39 (829) 472-2032","fragile"); 
INSERT INTO User_Credentials VALUES ("5C054D60A7F84E3E", "96ec13d5ec40f735763e59fc46eb0a786681284d7adbdc0f2d8e0bd5abdc448"); 
INSERT INTO Vaccination VALUES ("5C054D60A7F84E3E_1", "5C054D60A7F84E3E", "DCRRGG98C27G273N", "astrazeneca", "2021-06-09", 1); 
INSERT INTO Vaccination VALUES ("5C054D60A7F84E3E_2", "5C054D60A7F84E3E", null, null, "2022-03-29 10:00:00", 2); 

INSERT INTO Vac_User VALUES ("BB40CCDC4D739DBB","Nieves","Bruce","Mulino","1955-11-09",1,"nievesbruce@poochies.com","+39 (887) 401-2082","over65"); 
INSERT INTO User_Credentials VALUES ("BB40CCDC4D739DBB", "96ec13d5ec40f735763e59fc46eb0a786681284d7adbdc0f2d8e0bd5abdc448"); 
INSERT INTO Vaccination VALUES ("BB40CCDC4D739DBB_1", "BB40CCDC4D739DBB", "PVGCGR99C27G273N", "janssen", "2021-08-13", 1); 
INSERT INTO Vaccination VALUES ("BB40CCDC4D739DBB_2", "BB40CCDC4D739DBB", null, null, "2022-03-11 09:00:00", 2); 

INSERT INTO Vac_User VALUES ("5367EFAE9A54B752","Sheryl","Bradshaw","Brooktrails","1962-02-15",2,"sherylbradshaw@poochies.com","+39 (947) 551-2809","none"); 
INSERT INTO User_Credentials VALUES ("5367EFAE9A54B752", "96ec13d5ec40f735763e59fc46eb0a786681284d7adbdc0f2d8e0bd5abdc448"); 
INSERT INTO Vaccination VALUES ("5367EFAE9A54B752_1", "5367EFAE9A54B752", "PVGCGR99C27G273N", "pfizer", "2021-07-13", 1); 
INSERT INTO Vaccination VALUES ("5367EFAE9A54B752_2", "5367EFAE9A54B752", null, null, "2022-03-27 15:00:00", 2); 

INSERT INTO Vac_User VALUES ("CCD1A3B213F13D8C","Jenkins","Pena","Dunnavant","1951-07-31",2,"jenkinspena@poochies.com","+39 (944) 562-3360","none"); 
INSERT INTO User_Credentials VALUES ("CCD1A3B213F13D8C", "96ec13d5ec40f735763e59fc46eb0a786681284d7adbdc0f2d8e0bd5abdc448"); 
INSERT INTO Vaccination VALUES ("CCD1A3B213F13D8C_1", "CCD1A3B213F13D8C", "DCRRGG98C27G273N", "moderna", "2021-02-13", 1); 
INSERT INTO Vaccination VALUES ("CCD1A3B213F13D8C_2", "CCD1A3B213F13D8C", null, null, "2022-03-23 09:00:00", 2); 

INSERT INTO Vac_User VALUES ("0B0E07D9FF5AC51A","Ray","Ryan","Eagletown","1963-05-04",1,"rayryan@poochies.com","+39 (905) 411-3487","none"); 
INSERT INTO User_Credentials VALUES ("0B0E07D9FF5AC51A", "96ec13d5ec40f735763e59fc46eb0a786681284d7adbdc0f2d8e0bd5abdc448"); 
INSERT INTO Vaccination VALUES ("0B0E07D9FF5AC51A_1", "0B0E07D9FF5AC51A", "PVGCGR99C27G273N", "moderna", "2021-03-25", 1); 
INSERT INTO Vaccination VALUES ("0B0E07D9FF5AC51A_2", "0B0E07D9FF5AC51A", null, null, "2022-03-19 16:00:00", 2); 

INSERT INTO Vac_User VALUES ("6FC2D74F438D80B7","Lynn","Buckley","Clarksburg","2001-01-19",1,"lynnbuckley@poochies.com","+39 (843) 534-2157","fragile"); 
INSERT INTO User_Credentials VALUES ("6FC2D74F438D80B7", "96ec13d5ec40f735763e59fc46eb0a786681284d7adbdc0f2d8e0bd5abdc448"); 
INSERT INTO Vaccination VALUES ("6FC2D74F438D80B7_1", "6FC2D74F438D80B7", "NRIGSP98C27G273N", "pfizer", "2021-06-01", 1); 
INSERT INTO Vaccination VALUES ("6FC2D74F438D80B7_2", "6FC2D74F438D80B7", null, null, "2022-03-15 16:00:00", 2); 

INSERT INTO Vac_User VALUES ("C45724C68CAB888F","Ollie","Huff","Oceola","1956-09-21",1,"olliehuff@poochies.com","+39 (890) 556-3650","fragile"); 
INSERT INTO User_Credentials VALUES ("C45724C68CAB888F", "96ec13d5ec40f735763e59fc46eb0a786681284d7adbdc0f2d8e0bd5abdc448"); 
INSERT INTO Vaccination VALUES ("C45724C68CAB888F_1", "C45724C68CAB888F", "NRIGSP98C27G273N", "pfizer", "2021-11-14", 1); 
INSERT INTO Vaccination VALUES ("C45724C68CAB888F_2", "C45724C68CAB888F", null, null, "2022-03-20 13:00:00", 2); 

INSERT INTO Vac_User VALUES ("93D15BC2F5B19788","Annabelle","Ellis","Temperanceville","1951-04-14",1,"annabelleellis@poochies.com","+39 (939) 446-3787","over65"); 
INSERT INTO User_Credentials VALUES ("93D15BC2F5B19788", "96ec13d5ec40f735763e59fc46eb0a786681284d7adbdc0f2d8e0bd5abdc448"); 
INSERT INTO Vaccination VALUES ("93D15BC2F5B19788_1", "93D15BC2F5B19788", "LPPMRL98C27G273N", "moderna", "2021-06-02", 1); 
INSERT INTO Vaccination VALUES ("93D15BC2F5B19788_2", "93D15BC2F5B19788", null, null, "2022-03-23 12:00:00", 2); 

INSERT INTO Vac_User VALUES ("B7D610B5F881D6EE","Woodard","Wells","Dola","2008-10-14",2,"woodardwells@poochies.com","+39 (815) 482-3698","none"); 
INSERT INTO User_Credentials VALUES ("B7D610B5F881D6EE", "96ec13d5ec40f735763e59fc46eb0a786681284d7adbdc0f2d8e0bd5abdc448"); 
INSERT INTO Vaccination VALUES ("B7D610B5F881D6EE_1", "B7D610B5F881D6EE", "PVGCGR99C27G273N", "moderna", "2021-10-09", 1); 
INSERT INTO Vaccination VALUES ("B7D610B5F881D6EE_2", "B7D610B5F881D6EE", null, null, "2022-02-25 18:00:00", 2); 

INSERT INTO Vac_User VALUES ("FF4484D114C94F13","Stone","Gilliam","Herald","1964-04-26",1,"stonegilliam@poochies.com","+39 (907) 420-3405","over65"); 
INSERT INTO User_Credentials VALUES ("FF4484D114C94F13", "96ec13d5ec40f735763e59fc46eb0a786681284d7adbdc0f2d8e0bd5abdc448"); 
INSERT INTO Vaccination VALUES ("FF4484D114C94F13_1", "FF4484D114C94F13", "VCRBNC99D27G273N", "pfizer", "2021-02-09", 1); 
INSERT INTO Vaccination VALUES ("FF4484D114C94F13_2", "FF4484D114C94F13", null, null, "2022-03-03 09:00:00", 2); 

INSERT INTO Vac_User VALUES ("F58E4BABF15BC57B","Becker","Richard","Veguita","1973-06-14",3,"beckerrichard@poochies.com","+39 (955) 444-3658","none"); 
INSERT INTO User_Credentials VALUES ("F58E4BABF15BC57B", "96ec13d5ec40f735763e59fc46eb0a786681284d7adbdc0f2d8e0bd5abdc448"); 
INSERT INTO Vaccination VALUES ("F58E4BABF15BC57B_1", "F58E4BABF15BC57B", "PVGCGR99C27G273N", "janssen", "2021-06-12", 1); 
INSERT INTO Vaccination VALUES ("F58E4BABF15BC57B_2", "F58E4BABF15BC57B", null, null, "2022-03-26 18:00:00", 2); 

INSERT INTO Vac_User VALUES ("2218C259D95E8427","Fran","Sosa","Konterra","1948-10-21",1,"fransosa@poochies.com","+39 (809) 573-3913","none"); 
INSERT INTO User_Credentials VALUES ("2218C259D95E8427", "96ec13d5ec40f735763e59fc46eb0a786681284d7adbdc0f2d8e0bd5abdc448"); 
INSERT INTO Vaccination VALUES ("2218C259D95E8427_1", "2218C259D95E8427", "VCRBNC99D27G273N", "pfizer", "2021-05-28", 1); 
INSERT INTO Vaccination VALUES ("2218C259D95E8427_2", "2218C259D95E8427", null, null, "2022-02-27 13:00:00", 2); 

INSERT INTO Vac_User VALUES ("04D4B7C41F26134C","Alexis","Whitaker","Bainbridge","1965-06-12",3,"alexiswhitaker@poochies.com","+39 (992) 550-2491","none"); 
INSERT INTO User_Credentials VALUES ("04D4B7C41F26134C", "96ec13d5ec40f735763e59fc46eb0a786681284d7adbdc0f2d8e0bd5abdc448"); 
INSERT INTO Vaccination VALUES ("04D4B7C41F26134C_1", "04D4B7C41F26134C", "VCRBNC99D27G273N", "astrazeneca", "2021-12-04", 1); 
INSERT INTO Vaccination VALUES ("04D4B7C41F26134C_2", "04D4B7C41F26134C", null, null, "2022-03-25 16:00:00", 2); 

INSERT INTO Vac_User VALUES ("3F8C23C72601ADE0","Valarie","Wiggins","Sardis","1985-04-25",1,"valariewiggins@poochies.com","+39 (980) 437-2261","fragile"); 
INSERT INTO User_Credentials VALUES ("3F8C23C72601ADE0", "96ec13d5ec40f735763e59fc46eb0a786681284d7adbdc0f2d8e0bd5abdc448"); 
INSERT INTO Vaccination VALUES ("3F8C23C72601ADE0_1", "3F8C23C72601ADE0", "VCRBNC99D27G273N", "astrazeneca", "2021-09-24", 1); 
INSERT INTO Vaccination VALUES ("3F8C23C72601ADE0_2", "3F8C23C72601ADE0", null, null, "2022-03-20 12:00:00", 2); 

INSERT INTO Vac_User VALUES ("0AEB784EBE58729D","Moss","Velazquez","Waverly","1999-10-07",2,"mossvelazquez@poochies.com","+39 (981) 492-3980","fragile"); 
INSERT INTO User_Credentials VALUES ("0AEB784EBE58729D", "96ec13d5ec40f735763e59fc46eb0a786681284d7adbdc0f2d8e0bd5abdc448"); 
INSERT INTO Vaccination VALUES ("0AEB784EBE58729D_1", "0AEB784EBE58729D", "DCRRGG98C27G273N", "pfizer", "2021-07-03", 1); 
INSERT INTO Vaccination VALUES ("0AEB784EBE58729D_2", "0AEB784EBE58729D", null, null, "2022-03-21 16:00:00", 2); 

INSERT INTO Vac_User VALUES ("58945302A1F157CE","Benton","Tillman","Ebro","1940-03-10",1,"bentontillman@poochies.com","+39 (895) 575-3640","none"); 
INSERT INTO User_Credentials VALUES ("58945302A1F157CE", "96ec13d5ec40f735763e59fc46eb0a786681284d7adbdc0f2d8e0bd5abdc448"); 
INSERT INTO Vaccination VALUES ("58945302A1F157CE_1", "58945302A1F157CE", "NRIGSP98C27G273N", "astrazeneca", "2021-03-01", 1); 
INSERT INTO Vaccination VALUES ("58945302A1F157CE_2", "58945302A1F157CE", null, null, "2022-02-23 14:00:00", 2); 

INSERT INTO Vac_User VALUES ("E38245177B587BA9","Tanisha","Cleveland","Ryderwood","1974-12-21",1,"tanishacleveland@poochies.com","+39 (887) 574-3222","over65"); 
INSERT INTO User_Credentials VALUES ("E38245177B587BA9", "96ec13d5ec40f735763e59fc46eb0a786681284d7adbdc0f2d8e0bd5abdc448"); 
INSERT INTO Vaccination VALUES ("E38245177B587BA9_1", "E38245177B587BA9", "PVGCGR99C27G273N", "pfizer", "2021-02-02", 1); 
INSERT INTO Vaccination VALUES ("E38245177B587BA9_2", "E38245177B587BA9", null, null, "2022-03-22 16:00:00", 2); 

INSERT INTO Vac_User VALUES ("643DBB62EC9F5A31","Erna","Lawson","Convent","1972-12-27",2,"ernalawson@poochies.com","+39 (892) 496-2884","over65"); 
INSERT INTO User_Credentials VALUES ("643DBB62EC9F5A31", "96ec13d5ec40f735763e59fc46eb0a786681284d7adbdc0f2d8e0bd5abdc448"); 
INSERT INTO Vaccination VALUES ("643DBB62EC9F5A31_1", "643DBB62EC9F5A31", "DCRRGG98C27G273N", "pfizer", "2021-11-01", 1); 
INSERT INTO Vaccination VALUES ("643DBB62EC9F5A31_2", "643DBB62EC9F5A31", null, null, "2022-02-24 12:00:00", 2); 

INSERT INTO Vac_User VALUES ("CC36C45F789C14EC","Garza","Gross","Cetronia","2007-07-08",2,"garzagross@poochies.com","+39 (906) 588-3126","over65"); 
INSERT INTO User_Credentials VALUES ("CC36C45F789C14EC", "96ec13d5ec40f735763e59fc46eb0a786681284d7adbdc0f2d8e0bd5abdc448"); 
INSERT INTO Vaccination VALUES ("CC36C45F789C14EC_1", "CC36C45F789C14EC", "NRIGSP98C27G273N", "moderna", "2021-03-26", 1); 
INSERT INTO Vaccination VALUES ("CC36C45F789C14EC_2", "CC36C45F789C14EC", null, null, "2022-03-14 10:00:00", 2); 

INSERT INTO Vac_User VALUES ("392BE277508D7EF9","Gretchen","Kinney","Eden","1990-03-07",2,"gretchenkinney@poochies.com","+39 (948) 403-3398","fragile"); 
INSERT INTO User_Credentials VALUES ("392BE277508D7EF9", "96ec13d5ec40f735763e59fc46eb0a786681284d7adbdc0f2d8e0bd5abdc448"); 
INSERT INTO Vaccination VALUES ("392BE277508D7EF9_1", "392BE277508D7EF9", "NRIGSP98C27G273N", "pfizer", "2021-09-14", 1); 
INSERT INTO Vaccination VALUES ("392BE277508D7EF9_2", "392BE277508D7EF9", null, null, "2022-03-05 16:00:00", 2); 

INSERT INTO Vac_User VALUES ("C1517636C88FDC24","Charmaine","Morris","Bonanza","1945-10-22",3,"charmainemorris@poochies.com","+39 (826) 405-2970","none"); 
INSERT INTO User_Credentials VALUES ("C1517636C88FDC24", "96ec13d5ec40f735763e59fc46eb0a786681284d7adbdc0f2d8e0bd5abdc448"); 
INSERT INTO Vaccination VALUES ("C1517636C88FDC24_1", "C1517636C88FDC24", "DCRRGG98C27G273N", "astrazeneca", "2021-07-29", 1); 
INSERT INTO Vaccination VALUES ("C1517636C88FDC24_2", "C1517636C88FDC24", null, null, "2022-02-27 10:00:00", 2); 

INSERT INTO Vac_User VALUES ("23CF86E0CD5D6571","Hill","Morin","Tilleda","1980-04-24",1,"hillmorin@poochies.com","+39 (950) 599-3621","over65"); 
INSERT INTO User_Credentials VALUES ("23CF86E0CD5D6571", "96ec13d5ec40f735763e59fc46eb0a786681284d7adbdc0f2d8e0bd5abdc448"); 
INSERT INTO Vaccination VALUES ("23CF86E0CD5D6571_1", "23CF86E0CD5D6571", "LPPMRL98C27G273N", "moderna", "2021-09-28", 1); 
INSERT INTO Vaccination VALUES ("23CF86E0CD5D6571_2", "23CF86E0CD5D6571", null, null, "2022-03-05 13:00:00", 2); 

INSERT INTO Vac_User VALUES ("D0604045C591A7E5","Moore","Noble","Belvoir","1959-08-15",1,"moorenoble@poochies.com","+39 (852) 499-2950","fragile"); 
INSERT INTO User_Credentials VALUES ("D0604045C591A7E5", "96ec13d5ec40f735763e59fc46eb0a786681284d7adbdc0f2d8e0bd5abdc448"); 
INSERT INTO Vaccination VALUES ("D0604045C591A7E5_1", "D0604045C591A7E5", "VCRBNC99D27G273N", "pfizer", "2021-09-24", 1); 
INSERT INTO Vaccination VALUES ("D0604045C591A7E5_2", "D0604045C591A7E5", null, null, "2022-02-23 13:00:00", 2); 

INSERT INTO Vac_User VALUES ("531776E765F044DC","Benita","Cain","Zortman","1968-03-02",2,"benitacain@poochies.com","+39 (970) 594-2708","over65"); 
INSERT INTO User_Credentials VALUES ("531776E765F044DC", "96ec13d5ec40f735763e59fc46eb0a786681284d7adbdc0f2d8e0bd5abdc448"); 
INSERT INTO Vaccination VALUES ("531776E765F044DC_1", "531776E765F044DC", "DCRRGG98C27G273N", "janssen", "2021-02-19", 1); 
INSERT INTO Vaccination VALUES ("531776E765F044DC_2", "531776E765F044DC", null, null, "2022-03-09 17:00:00", 2); 

INSERT INTO Vac_User VALUES ("3A066026C8D5A598","Deanne","Johnson","Wilsonia","1948-03-25",1,"deannejohnson@poochies.com","+39 (914) 502-2793","over65"); 
INSERT INTO User_Credentials VALUES ("3A066026C8D5A598", "96ec13d5ec40f735763e59fc46eb0a786681284d7adbdc0f2d8e0bd5abdc448"); 
INSERT INTO Vaccination VALUES ("3A066026C8D5A598_1", "3A066026C8D5A598", "DCRRGG98C27G273N", "janssen", "2021-08-25", 1); 
INSERT INTO Vaccination VALUES ("3A066026C8D5A598_2", "3A066026C8D5A598", null, null, "2022-03-09 09:00:00", 2); 

INSERT INTO Vac_User VALUES ("53CB989E414300D0","Trudy","Bonner","Gracey","1975-06-08",3,"trudybonner@poochies.com","+39 (875) 448-2544","none"); 
INSERT INTO User_Credentials VALUES ("53CB989E414300D0", "96ec13d5ec40f735763e59fc46eb0a786681284d7adbdc0f2d8e0bd5abdc448"); 
INSERT INTO Vaccination VALUES ("53CB989E414300D0_1", "53CB989E414300D0", "PVGCGR99C27G273N", "janssen", "2021-09-02", 1); 
INSERT INTO Vaccination VALUES ("53CB989E414300D0_2", "53CB989E414300D0", null, null, "2022-03-27 15:00:00", 2); 

INSERT INTO Vac_User VALUES ("B2E49DF34BFDE631","Miranda","Alford","Barclay","1947-05-18",3,"mirandaalford@poochies.com","+39 (921) 470-2914","none"); 
INSERT INTO User_Credentials VALUES ("B2E49DF34BFDE631", "96ec13d5ec40f735763e59fc46eb0a786681284d7adbdc0f2d8e0bd5abdc448"); 
INSERT INTO Vaccination VALUES ("B2E49DF34BFDE631_1", "B2E49DF34BFDE631", "DCRRGG98C27G273N", "astrazeneca", "2021-03-03", 1); 
INSERT INTO Vaccination VALUES ("B2E49DF34BFDE631_2", "B2E49DF34BFDE631", null, null, "2022-03-02 12:00:00", 2); 

INSERT INTO Vac_User VALUES ("CB0A0BCD4D1A7248","Kelley","Gallegos","Curtice","2000-11-04",1,"kelleygallegos@poochies.com","+39 (923) 430-2311","fragile"); 
INSERT INTO User_Credentials VALUES ("CB0A0BCD4D1A7248", "96ec13d5ec40f735763e59fc46eb0a786681284d7adbdc0f2d8e0bd5abdc448"); 
INSERT INTO Vaccination VALUES ("CB0A0BCD4D1A7248_1", "CB0A0BCD4D1A7248", "NRIGSP98C27G273N", "janssen", "2021-10-16", 1); 
INSERT INTO Vaccination VALUES ("CB0A0BCD4D1A7248_2", "CB0A0BCD4D1A7248", null, null, "2022-03-06 14:00:00", 2); 

INSERT INTO Vac_User VALUES ("C35C8ADCBD101AC2","Tonya","Joyner","Grimsley","1940-12-13",1,"tonyajoyner@poochies.com","+39 (960) 440-2225","fragile"); 
INSERT INTO User_Credentials VALUES ("C35C8ADCBD101AC2", "96ec13d5ec40f735763e59fc46eb0a786681284d7adbdc0f2d8e0bd5abdc448"); 
INSERT INTO Vaccination VALUES ("C35C8ADCBD101AC2_1", "C35C8ADCBD101AC2", "LPPMRL98C27G273N", "pfizer", "2021-08-24", 1); 
INSERT INTO Vaccination VALUES ("C35C8ADCBD101AC2_2", "C35C8ADCBD101AC2", null, null, "2022-02-28 11:00:00", 2); 

INSERT INTO Vac_User VALUES ("2188986DA239BA02","Austin","Hood","Brownlee","1946-08-29",3,"austinhood@poochies.com","+39 (855) 436-3189","fragile"); 
INSERT INTO User_Credentials VALUES ("2188986DA239BA02", "96ec13d5ec40f735763e59fc46eb0a786681284d7adbdc0f2d8e0bd5abdc448"); 
INSERT INTO Vaccination VALUES ("2188986DA239BA02_1", "2188986DA239BA02", "LPPMRL98C27G273N", "pfizer", "2021-06-24", 1); 
INSERT INTO Vaccination VALUES ("2188986DA239BA02_2", "2188986DA239BA02", null, null, "2022-03-24 12:00:00", 2); 

INSERT INTO Vac_User VALUES ("2E63802CDDB930B6","Walton","Bernard","Grapeview","2002-03-15",2,"waltonbernard@poochies.com","+39 (872) 433-3530","over65"); 
INSERT INTO User_Credentials VALUES ("2E63802CDDB930B6", "96ec13d5ec40f735763e59fc46eb0a786681284d7adbdc0f2d8e0bd5abdc448"); 
INSERT INTO Vaccination VALUES ("2E63802CDDB930B6_1", "2E63802CDDB930B6", "NRIGSP98C27G273N", "astrazeneca", "2021-06-24", 1); 
INSERT INTO Vaccination VALUES ("2E63802CDDB930B6_2", "2E63802CDDB930B6", null, null, "2022-03-09 12:00:00", 2); 

INSERT INTO Vac_User VALUES ("C0965C345B464849","Mable","Phillips","Homestead","1988-03-18",2,"mablephillips@poochies.com","+39 (932) 560-2004","over65"); 
INSERT INTO User_Credentials VALUES ("C0965C345B464849", "96ec13d5ec40f735763e59fc46eb0a786681284d7adbdc0f2d8e0bd5abdc448"); 
INSERT INTO Vaccination VALUES ("C0965C345B464849_1", "C0965C345B464849", "LPPMRL98C27G273N", "pfizer", "2021-08-18", 1); 
INSERT INTO Vaccination VALUES ("C0965C345B464849_2", "C0965C345B464849", null, null, "2022-03-11 16:00:00", 2); 

INSERT INTO Vac_User VALUES ("86AE5AA1F249BAFD","Shawn","Macdonald","Osage","1943-12-08",3,"shawnmacdonald@poochies.com","+39 (852) 517-2395","fragile"); 
INSERT INTO User_Credentials VALUES ("86AE5AA1F249BAFD", "96ec13d5ec40f735763e59fc46eb0a786681284d7adbdc0f2d8e0bd5abdc448"); 
INSERT INTO Vaccination VALUES ("86AE5AA1F249BAFD_1", "86AE5AA1F249BAFD", "PVGCGR99C27G273N", "janssen", "2021-02-01", 1); 
INSERT INTO Vaccination VALUES ("86AE5AA1F249BAFD_2", "86AE5AA1F249BAFD", null, null, "2022-03-09 17:00:00", 2); 

INSERT INTO Vac_User VALUES ("A1E43D1D1709044F","Christie","Sanchez","Hatteras","1950-11-11",1,"christiesanchez@poochies.com","+39 (878) 588-2801","fragile"); 
INSERT INTO User_Credentials VALUES ("A1E43D1D1709044F", "96ec13d5ec40f735763e59fc46eb0a786681284d7adbdc0f2d8e0bd5abdc448"); 
INSERT INTO Vaccination VALUES ("A1E43D1D1709044F_1", "A1E43D1D1709044F", "PVGCGR99C27G273N", "moderna", "2021-02-01", 1); 
INSERT INTO Vaccination VALUES ("A1E43D1D1709044F_2", "A1E43D1D1709044F", null, null, "2022-03-01 10:00:00", 2); 

INSERT INTO Vac_User VALUES ("ADC160223CB70E89","Andrea","Joyce","Fedora","1995-10-27",3,"andreajoyce@poochies.com","+39 (853) 484-2091","over65"); 
INSERT INTO User_Credentials VALUES ("ADC160223CB70E89", "96ec13d5ec40f735763e59fc46eb0a786681284d7adbdc0f2d8e0bd5abdc448"); 
INSERT INTO Vaccination VALUES ("ADC160223CB70E89_1", "ADC160223CB70E89", "NRIGSP98C27G273N", "astrazeneca", "2021-05-21", 1); 
INSERT INTO Vaccination VALUES ("ADC160223CB70E89_2", "ADC160223CB70E89", null, null, "2022-03-24 15:00:00", 2); 

INSERT INTO Vac_User VALUES ("CAD73A6762058CC0","Alford","Stephens","Healy","1975-03-16",1,"alfordstephens@poochies.com","+39 (839) 432-2564","fragile"); 
INSERT INTO User_Credentials VALUES ("CAD73A6762058CC0", "96ec13d5ec40f735763e59fc46eb0a786681284d7adbdc0f2d8e0bd5abdc448"); 
INSERT INTO Vaccination VALUES ("CAD73A6762058CC0_1", "CAD73A6762058CC0", "NRIGSP98C27G273N", "astrazeneca", "2021-08-01", 1); 
INSERT INTO Vaccination VALUES ("CAD73A6762058CC0_2", "CAD73A6762058CC0", null, null, "2022-03-26 18:00:00", 2); 

INSERT INTO Vac_User VALUES ("80F08BF9DD47B774","Juliana","Juarez","Westphalia","2002-08-27",2,"julianajuarez@poochies.com","+39 (940) 446-3090","over65"); 
INSERT INTO User_Credentials VALUES ("80F08BF9DD47B774", "96ec13d5ec40f735763e59fc46eb0a786681284d7adbdc0f2d8e0bd5abdc448"); 
INSERT INTO Vaccination VALUES ("80F08BF9DD47B774_1", "80F08BF9DD47B774", "VCRBNC99D27G273N", "moderna", "2021-01-06", 1); 
INSERT INTO Vaccination VALUES ("80F08BF9DD47B774_2", "80F08BF9DD47B774", null, null, "2022-03-07 16:00:00", 2); 

INSERT INTO Vac_User VALUES ("1E35FD5B2B63317F","Jones","Stout","Conestoga","2002-02-01",3,"jonesstout@poochies.com","+39 (824) 461-2240","none"); 
INSERT INTO User_Credentials VALUES ("1E35FD5B2B63317F", "96ec13d5ec40f735763e59fc46eb0a786681284d7adbdc0f2d8e0bd5abdc448"); 
INSERT INTO Vaccination VALUES ("1E35FD5B2B63317F_1", "1E35FD5B2B63317F", "NRIGSP98C27G273N", "janssen", "2021-06-16", 1); 
INSERT INTO Vaccination VALUES ("1E35FD5B2B63317F_2", "1E35FD5B2B63317F", null, null, "2022-03-24 14:00:00", 2); 

INSERT INTO Vac_User VALUES ("08291484C9D1F6FE","Chrystal","Hebert","Oneida","2008-08-23",2,"chrystalhebert@poochies.com","+39 (848) 512-2899","over65"); 
INSERT INTO User_Credentials VALUES ("08291484C9D1F6FE", "96ec13d5ec40f735763e59fc46eb0a786681284d7adbdc0f2d8e0bd5abdc448"); 
INSERT INTO Vaccination VALUES ("08291484C9D1F6FE_1", "08291484C9D1F6FE", "VCRBNC99D27G273N", "janssen", "2021-12-11", 1); 
INSERT INTO Vaccination VALUES ("08291484C9D1F6FE_2", "08291484C9D1F6FE", null, null, "2022-02-28 14:00:00", 2); 

INSERT INTO Vac_User VALUES ("125D913219E65A34","Kelley","Crawford","Guilford","1942-05-12",1,"kelleycrawford@poochies.com","+39 (940) 402-3544","none"); 
INSERT INTO User_Credentials VALUES ("125D913219E65A34", "96ec13d5ec40f735763e59fc46eb0a786681284d7adbdc0f2d8e0bd5abdc448"); 
INSERT INTO Vaccination VALUES ("125D913219E65A34_1", "125D913219E65A34", "NRIGSP98C27G273N", "astrazeneca", "2021-01-08", 1); 
INSERT INTO Vaccination VALUES ("125D913219E65A34_2", "125D913219E65A34", null, null, "2022-03-05 14:00:00", 2); 

INSERT INTO Vac_User VALUES ("612A2DE7ED27BAEE","Kelly","Gibbs","Rutherford","1950-12-16",2,"kellygibbs@poochies.com","+39 (918) 536-2260","none"); 
INSERT INTO User_Credentials VALUES ("612A2DE7ED27BAEE", "96ec13d5ec40f735763e59fc46eb0a786681284d7adbdc0f2d8e0bd5abdc448"); 
INSERT INTO Vaccination VALUES ("612A2DE7ED27BAEE_1", "612A2DE7ED27BAEE", "VCRBNC99D27G273N", "astrazeneca", "2021-07-04", 1); 
INSERT INTO Vaccination VALUES ("612A2DE7ED27BAEE_2", "612A2DE7ED27BAEE", null, null, "2022-03-17 09:00:00", 2); 

INSERT INTO Vac_User VALUES ("19220318317C9B86","Chambers","Lloyd","Hondah","1996-07-13",2,"chamberslloyd@poochies.com","+39 (841) 581-3192","fragile"); 
INSERT INTO User_Credentials VALUES ("19220318317C9B86", "96ec13d5ec40f735763e59fc46eb0a786681284d7adbdc0f2d8e0bd5abdc448"); 
INSERT INTO Vaccination VALUES ("19220318317C9B86_1", "19220318317C9B86", "LPPMRL98C27G273N", "moderna", "2021-12-09", 1); 
INSERT INTO Vaccination VALUES ("19220318317C9B86_2", "19220318317C9B86", null, null, "2022-03-29 14:00:00", 2); 

INSERT INTO Vac_User VALUES ("25177A3302461C5D","Kirsten","Conley","Hoagland","1982-09-16",3,"kirstenconley@poochies.com","+39 (891) 588-2345","none"); 
INSERT INTO User_Credentials VALUES ("25177A3302461C5D", "96ec13d5ec40f735763e59fc46eb0a786681284d7adbdc0f2d8e0bd5abdc448"); 
INSERT INTO Vaccination VALUES ("25177A3302461C5D_1", "25177A3302461C5D", "DCRRGG98C27G273N", "pfizer", "2021-03-24", 1); 
INSERT INTO Vaccination VALUES ("25177A3302461C5D_2", "25177A3302461C5D", null, null, "2022-03-06 15:00:00", 2); 

INSERT INTO Vac_User VALUES ("23D2BC8976414978","Katie","Tyson","Springdale","1983-10-24",1,"katietyson@poochies.com","+39 (983) 517-2635","none"); 
INSERT INTO User_Credentials VALUES ("23D2BC8976414978", "96ec13d5ec40f735763e59fc46eb0a786681284d7adbdc0f2d8e0bd5abdc448"); 
INSERT INTO Vaccination VALUES ("23D2BC8976414978_1", "23D2BC8976414978", "LPPMRL98C27G273N", "astrazeneca", "2021-11-27", 1); 
INSERT INTO Vaccination VALUES ("23D2BC8976414978_2", "23D2BC8976414978", null, null, "2022-03-18 13:00:00", 2); 

INSERT INTO Vac_User VALUES ("F7E99B78D4EF9116","Cochran","Clay","Clay","1995-11-07",3,"cochranclay@poochies.com","+39 (987) 597-2431","fragile"); 
INSERT INTO User_Credentials VALUES ("F7E99B78D4EF9116", "96ec13d5ec40f735763e59fc46eb0a786681284d7adbdc0f2d8e0bd5abdc448"); 
INSERT INTO Vaccination VALUES ("F7E99B78D4EF9116_1", "F7E99B78D4EF9116", "LPPMRL98C27G273N", "astrazeneca", "2021-12-26", 1); 
INSERT INTO Vaccination VALUES ("F7E99B78D4EF9116_2", "F7E99B78D4EF9116", null, null, "2022-03-24 12:00:00", 2); 

INSERT INTO Vac_User VALUES ("DD6780A060F394EF","Jennifer","English","Epworth","1975-04-12",1,"jenniferenglish@poochies.com","+39 (874) 459-3703","over65"); 
INSERT INTO User_Credentials VALUES ("DD6780A060F394EF", "96ec13d5ec40f735763e59fc46eb0a786681284d7adbdc0f2d8e0bd5abdc448"); 
INSERT INTO Vaccination VALUES ("DD6780A060F394EF_1", "DD6780A060F394EF", "NRIGSP98C27G273N", "moderna", "2021-05-21", 1); 
INSERT INTO Vaccination VALUES ("DD6780A060F394EF_2", "DD6780A060F394EF", null, null, "2022-03-11 17:00:00", 2); 

INSERT INTO Vac_User VALUES ("BCB7ED3D9B89EDFE","Joanna","Britt","Harborton","1976-06-15",1,"joannabritt@poochies.com","+39 (971) 502-2788","fragile"); 
INSERT INTO User_Credentials VALUES ("BCB7ED3D9B89EDFE", "96ec13d5ec40f735763e59fc46eb0a786681284d7adbdc0f2d8e0bd5abdc448"); 
INSERT INTO Vaccination VALUES ("BCB7ED3D9B89EDFE_1", "BCB7ED3D9B89EDFE", "PVGCGR99C27G273N", "moderna", "2021-02-03", 1); 
INSERT INTO Vaccination VALUES ("BCB7ED3D9B89EDFE_2", "BCB7ED3D9B89EDFE", null, null, "2022-03-12 13:00:00", 2); 

INSERT INTO Vac_User VALUES ("3764DB6B34F0BDB5","Freida","Hale","Ronco","1994-11-29",3,"freidahale@poochies.com","+39 (902) 585-3840","none"); 
INSERT INTO User_Credentials VALUES ("3764DB6B34F0BDB5", "96ec13d5ec40f735763e59fc46eb0a786681284d7adbdc0f2d8e0bd5abdc448"); 
INSERT INTO Vaccination VALUES ("3764DB6B34F0BDB5_1", "3764DB6B34F0BDB5", "PVGCGR99C27G273N", "pfizer", "2021-09-15", 1); 
INSERT INTO Vaccination VALUES ("3764DB6B34F0BDB5_2", "3764DB6B34F0BDB5", null, null, "2022-03-05 09:00:00", 2); 

INSERT INTO Vac_User VALUES ("BED91F05B3799A89","Blackburn","Casey","Cobbtown","1989-06-18",1,"blackburncasey@poochies.com","+39 (850) 415-3850","none"); 
INSERT INTO User_Credentials VALUES ("BED91F05B3799A89", "96ec13d5ec40f735763e59fc46eb0a786681284d7adbdc0f2d8e0bd5abdc448"); 
INSERT INTO Vaccination VALUES ("BED91F05B3799A89_1", "BED91F05B3799A89", "NRIGSP98C27G273N", "astrazeneca", "2021-10-25", 1); 
INSERT INTO Vaccination VALUES ("BED91F05B3799A89_2", "BED91F05B3799A89", null, null, "2022-02-23 18:00:00", 2); 

INSERT INTO Vac_User VALUES ("DE4DEFDC7B100789","Lorrie","Pollard","Falconaire","1968-10-30",3,"lorriepollard@poochies.com","+39 (946) 574-2934","fragile"); 
INSERT INTO User_Credentials VALUES ("DE4DEFDC7B100789", "96ec13d5ec40f735763e59fc46eb0a786681284d7adbdc0f2d8e0bd5abdc448"); 
INSERT INTO Vaccination VALUES ("DE4DEFDC7B100789_1", "DE4DEFDC7B100789", "DCRRGG98C27G273N", "pfizer", "2021-03-26", 1); 
INSERT INTO Vaccination VALUES ("DE4DEFDC7B100789_2", "DE4DEFDC7B100789", null, null, "2022-03-14 15:00:00", 2); 

INSERT INTO Vac_User VALUES ("4231512DBA0C602E","Vanessa","Strong","Eagleville","1984-11-04",3,"vanessastrong@poochies.com","+39 (812) 506-2839","fragile"); 
INSERT INTO User_Credentials VALUES ("4231512DBA0C602E", "96ec13d5ec40f735763e59fc46eb0a786681284d7adbdc0f2d8e0bd5abdc448"); 
INSERT INTO Vaccination VALUES ("4231512DBA0C602E_1", "4231512DBA0C602E", "PVGCGR99C27G273N", "moderna", "2021-03-30", 1); 
INSERT INTO Vaccination VALUES ("4231512DBA0C602E_2", "4231512DBA0C602E", null, null, "2022-02-26 11:00:00", 2); 

INSERT INTO Vac_User VALUES ("95F47EA5004D60D9","Marva","Mack","Lindisfarne","1977-10-20",1,"marvamack@poochies.com","+39 (804) 586-3855","none"); 
INSERT INTO User_Credentials VALUES ("95F47EA5004D60D9", "96ec13d5ec40f735763e59fc46eb0a786681284d7adbdc0f2d8e0bd5abdc448"); 
INSERT INTO Vaccination VALUES ("95F47EA5004D60D9_1", "95F47EA5004D60D9", "NRIGSP98C27G273N", "moderna", "2021-10-10", 1); 
INSERT INTO Vaccination VALUES ("95F47EA5004D60D9_2", "95F47EA5004D60D9", null, null, "2022-03-26 17:00:00", 2); 

INSERT INTO Vac_User VALUES ("910DE27B71A502A6","Louisa","Terrell","Martell","2007-01-02",1,"louisaterrell@poochies.com","+39 (811) 507-2987","none"); 
INSERT INTO User_Credentials VALUES ("910DE27B71A502A6", "96ec13d5ec40f735763e59fc46eb0a786681284d7adbdc0f2d8e0bd5abdc448"); 
INSERT INTO Vaccination VALUES ("910DE27B71A502A6_1", "910DE27B71A502A6", "LPPMRL98C27G273N", "astrazeneca", "2021-11-26", 1); 
INSERT INTO Vaccination VALUES ("910DE27B71A502A6_2", "910DE27B71A502A6", null, null, "2022-03-05 09:00:00", 2); 

INSERT INTO Vac_User VALUES ("554BD95A95C1F5E5","Allison","Callahan","Stouchsburg","1983-12-11",1,"allisoncallahan@poochies.com","+39 (926) 442-3539","fragile"); 
INSERT INTO User_Credentials VALUES ("554BD95A95C1F5E5", "96ec13d5ec40f735763e59fc46eb0a786681284d7adbdc0f2d8e0bd5abdc448"); 
INSERT INTO Vaccination VALUES ("554BD95A95C1F5E5_1", "554BD95A95C1F5E5", "LPPMRL98C27G273N", "pfizer", "2021-09-16", 1); 
INSERT INTO Vaccination VALUES ("554BD95A95C1F5E5_2", "554BD95A95C1F5E5", null, null, "2022-03-11 17:00:00", 2); 

INSERT INTO Vac_User VALUES ("C45D0B72B8FCFFEB","Elliott","Hendrix","Tooleville","2002-06-13",3,"elliotthendrix@poochies.com","+39 (973) 477-2642","none"); 
INSERT INTO User_Credentials VALUES ("C45D0B72B8FCFFEB", "96ec13d5ec40f735763e59fc46eb0a786681284d7adbdc0f2d8e0bd5abdc448"); 
INSERT INTO Vaccination VALUES ("C45D0B72B8FCFFEB_1", "C45D0B72B8FCFFEB", "LPPMRL98C27G273N", "pfizer", "2021-11-03", 1); 
INSERT INTO Vaccination VALUES ("C45D0B72B8FCFFEB_2", "C45D0B72B8FCFFEB", null, null, "2022-03-21 14:00:00", 2); 

INSERT INTO Vac_User VALUES ("3819E8C23D83BA72","Sosa","Mason","Neahkahnie","1943-01-07",1,"sosamason@poochies.com","+39 (837) 447-3530","fragile"); 
INSERT INTO User_Credentials VALUES ("3819E8C23D83BA72", "96ec13d5ec40f735763e59fc46eb0a786681284d7adbdc0f2d8e0bd5abdc448"); 
INSERT INTO Vaccination VALUES ("3819E8C23D83BA72_1", "3819E8C23D83BA72", "DCRRGG98C27G273N", "moderna", "2021-02-17", 1); 
INSERT INTO Vaccination VALUES ("3819E8C23D83BA72_2", "3819E8C23D83BA72", null, null, "2022-02-23 11:00:00", 2); 

INSERT INTO Vac_User VALUES ("4BA2B241B15E73D3","Krystal","Lang","Machias","1968-02-24",1,"krystallang@poochies.com","+39 (880) 522-3016","none"); 
INSERT INTO User_Credentials VALUES ("4BA2B241B15E73D3", "96ec13d5ec40f735763e59fc46eb0a786681284d7adbdc0f2d8e0bd5abdc448"); 
INSERT INTO Vaccination VALUES ("4BA2B241B15E73D3_1", "4BA2B241B15E73D3", "PVGCGR99C27G273N", "moderna", "2021-11-05", 1); 
INSERT INTO Vaccination VALUES ("4BA2B241B15E73D3_2", "4BA2B241B15E73D3", null, null, "2022-03-20 14:00:00", 2); 

INSERT INTO Vac_User VALUES ("44924B89975054B4","Rios","Garner","Idledale","1994-05-18",2,"riosgarner@poochies.com","+39 (992) 529-3849","over65"); 
INSERT INTO User_Credentials VALUES ("44924B89975054B4", "96ec13d5ec40f735763e59fc46eb0a786681284d7adbdc0f2d8e0bd5abdc448"); 
INSERT INTO Vaccination VALUES ("44924B89975054B4_1", "44924B89975054B4", "VCRBNC99D27G273N", "janssen", "2021-08-12", 1); 
INSERT INTO Vaccination VALUES ("44924B89975054B4_2", "44924B89975054B4", null, null, "2022-03-05 15:00:00", 2); 

INSERT INTO Vac_User VALUES ("75D167D243B25649","Buchanan","Preston","Farmington","1981-05-14",2,"buchananpreston@poochies.com","+39 (946) 516-2457","over65"); 
INSERT INTO User_Credentials VALUES ("75D167D243B25649", "96ec13d5ec40f735763e59fc46eb0a786681284d7adbdc0f2d8e0bd5abdc448"); 
INSERT INTO Vaccination VALUES ("75D167D243B25649_1", "75D167D243B25649", "PVGCGR99C27G273N", "astrazeneca", "2021-06-15", 1); 
INSERT INTO Vaccination VALUES ("75D167D243B25649_2", "75D167D243B25649", null, null, "2022-03-16 15:00:00", 2); 

INSERT INTO Vac_User VALUES ("F23758C454DED13B","Mann","Malone","Cherokee","1946-11-14",3,"mannmalone@poochies.com","+39 (876) 554-2284","fragile"); 
INSERT INTO User_Credentials VALUES ("F23758C454DED13B", "96ec13d5ec40f735763e59fc46eb0a786681284d7adbdc0f2d8e0bd5abdc448"); 
INSERT INTO Vaccination VALUES ("F23758C454DED13B_1", "F23758C454DED13B", "VCRBNC99D27G273N", "janssen", "2021-04-12", 1); 
INSERT INTO Vaccination VALUES ("F23758C454DED13B_2", "F23758C454DED13B", null, null, "2022-02-22 15:00:00", 2); 

INSERT INTO Vac_User VALUES ("732FE17A66220AF8","Alana","Campbell","Witmer","1964-09-02",1,"alanacampbell@poochies.com","+39 (934) 463-3026","over65"); 
INSERT INTO User_Credentials VALUES ("732FE17A66220AF8", "96ec13d5ec40f735763e59fc46eb0a786681284d7adbdc0f2d8e0bd5abdc448"); 
INSERT INTO Vaccination VALUES ("732FE17A66220AF8_1", "732FE17A66220AF8", "PVGCGR99C27G273N", "astrazeneca", "2021-04-02", 1); 
INSERT INTO Vaccination VALUES ("732FE17A66220AF8_2", "732FE17A66220AF8", null, null, "2022-02-28 09:00:00", 2); 

INSERT INTO Vac_User VALUES ("967CC0CCD0F2CE1A","Long","Scott","Aberdeen","1972-12-14",2,"longscott@poochies.com","+39 (986) 586-3599","over65"); 
INSERT INTO User_Credentials VALUES ("967CC0CCD0F2CE1A", "96ec13d5ec40f735763e59fc46eb0a786681284d7adbdc0f2d8e0bd5abdc448"); 
INSERT INTO Vaccination VALUES ("967CC0CCD0F2CE1A_1", "967CC0CCD0F2CE1A", "NRIGSP98C27G273N", "moderna", "2021-12-03", 1); 
INSERT INTO Vaccination VALUES ("967CC0CCD0F2CE1A_2", "967CC0CCD0F2CE1A", null, null, "2022-03-03 09:00:00", 2); 

INSERT INTO Vac_User VALUES ("67EAD80F53F3D8EE","Maryanne","Lynn","Crenshaw","1981-07-14",3,"maryannelynn@poochies.com","+39 (841) 457-2682","over65"); 
INSERT INTO User_Credentials VALUES ("67EAD80F53F3D8EE", "96ec13d5ec40f735763e59fc46eb0a786681284d7adbdc0f2d8e0bd5abdc448"); 
INSERT INTO Vaccination VALUES ("67EAD80F53F3D8EE_1", "67EAD80F53F3D8EE", "LPPMRL98C27G273N", "pfizer", "2021-01-18", 1); 
INSERT INTO Vaccination VALUES ("67EAD80F53F3D8EE_2", "67EAD80F53F3D8EE", null, null, "2022-03-13 17:00:00", 2); 

INSERT INTO Vac_User VALUES ("F19A4A2EE82C0C3B","Dejesus","Yates","Shelby","1946-11-08",2,"dejesusyates@poochies.com","+39 (931) 549-2657","fragile"); 
INSERT INTO User_Credentials VALUES ("F19A4A2EE82C0C3B", "96ec13d5ec40f735763e59fc46eb0a786681284d7adbdc0f2d8e0bd5abdc448"); 
INSERT INTO Vaccination VALUES ("F19A4A2EE82C0C3B_1", "F19A4A2EE82C0C3B", "DCRRGG98C27G273N", "astrazeneca", "2021-06-16", 1); 
INSERT INTO Vaccination VALUES ("F19A4A2EE82C0C3B_2", "F19A4A2EE82C0C3B", null, null, "2022-03-11 10:00:00", 2); 

INSERT INTO Vac_User VALUES ("D061E76286E5C01F","Lillian","Mayo","Allamuchy","1982-06-23",3,"lillianmayo@poochies.com","+39 (990) 597-3058","none"); 
INSERT INTO User_Credentials VALUES ("D061E76286E5C01F", "96ec13d5ec40f735763e59fc46eb0a786681284d7adbdc0f2d8e0bd5abdc448"); 
INSERT INTO Vaccination VALUES ("D061E76286E5C01F_1", "D061E76286E5C01F", "LPPMRL98C27G273N", "moderna", "2021-10-30", 1); 
INSERT INTO Vaccination VALUES ("D061E76286E5C01F_2", "D061E76286E5C01F", null, null, "2022-03-10 09:00:00", 2); 

INSERT INTO Vac_User VALUES ("15ED1088464E5B5B","Kathrine","Bender","Deercroft","1946-12-17",3,"kathrinebender@poochies.com","+39 (804) 526-2887","over65"); 
INSERT INTO User_Credentials VALUES ("15ED1088464E5B5B", "96ec13d5ec40f735763e59fc46eb0a786681284d7adbdc0f2d8e0bd5abdc448"); 
INSERT INTO Vaccination VALUES ("15ED1088464E5B5B_1", "15ED1088464E5B5B", "VCRBNC99D27G273N", "astrazeneca", "2021-12-18", 1); 
INSERT INTO Vaccination VALUES ("15ED1088464E5B5B_2", "15ED1088464E5B5B", null, null, "2022-03-08 18:00:00", 2); 

INSERT INTO Vac_User VALUES ("E2F4FDC276458F5C","Madeline","Craft","Layhill","2003-01-23",3,"madelinecraft@poochies.com","+39 (841) 504-2161","fragile"); 
INSERT INTO User_Credentials VALUES ("E2F4FDC276458F5C", "96ec13d5ec40f735763e59fc46eb0a786681284d7adbdc0f2d8e0bd5abdc448"); 
INSERT INTO Vaccination VALUES ("E2F4FDC276458F5C_1", "E2F4FDC276458F5C", "NRIGSP98C27G273N", "moderna", "2021-02-15", 1); 
INSERT INTO Vaccination VALUES ("E2F4FDC276458F5C_2", "E2F4FDC276458F5C", null, null, "2022-03-02 09:00:00", 2); 

INSERT INTO Vac_User VALUES ("593EC57DE3C3647F","Rowe","Holmes","Golconda","1987-10-05",1,"roweholmes@poochies.com","+39 (992) 422-3154","none"); 
INSERT INTO User_Credentials VALUES ("593EC57DE3C3647F", "96ec13d5ec40f735763e59fc46eb0a786681284d7adbdc0f2d8e0bd5abdc448"); 
INSERT INTO Vaccination VALUES ("593EC57DE3C3647F_1", "593EC57DE3C3647F", "DCRRGG98C27G273N", "pfizer", "2021-10-07", 1); 
INSERT INTO Vaccination VALUES ("593EC57DE3C3647F_2", "593EC57DE3C3647F", null, null, "2022-03-29 15:00:00", 2); 

INSERT INTO Vac_User VALUES ("279A243AC345E099","Effie","Sykes","Bladensburg","1951-08-17",2,"effiesykes@poochies.com","+39 (967) 411-3880","over65"); 
INSERT INTO User_Credentials VALUES ("279A243AC345E099", "96ec13d5ec40f735763e59fc46eb0a786681284d7adbdc0f2d8e0bd5abdc448"); 
INSERT INTO Vaccination VALUES ("279A243AC345E099_1", "279A243AC345E099", "LPPMRL98C27G273N", "pfizer", "2021-05-02", 1); 
INSERT INTO Vaccination VALUES ("279A243AC345E099_2", "279A243AC345E099", null, null, "2022-03-14 13:00:00", 2); 

INSERT INTO Vac_User VALUES ("2A3418ED3B472DD0","Marcie","Riley","Utting","1941-10-14",2,"marcieriley@poochies.com","+39 (922) 551-3448","none"); 
INSERT INTO User_Credentials VALUES ("2A3418ED3B472DD0", "96ec13d5ec40f735763e59fc46eb0a786681284d7adbdc0f2d8e0bd5abdc448"); 
INSERT INTO Vaccination VALUES ("2A3418ED3B472DD0_1", "2A3418ED3B472DD0", "VCRBNC99D27G273N", "moderna", "2021-08-26", 1); 
INSERT INTO Vaccination VALUES ("2A3418ED3B472DD0_2", "2A3418ED3B472DD0", null, null, "2022-03-25 14:00:00", 2); 

INSERT INTO Vac_User VALUES ("3745197E2C9EB8CA","Katrina","Moran","Cucumber","1992-08-15",3,"katrinamoran@poochies.com","+39 (914) 519-3830","over65"); 
INSERT INTO User_Credentials VALUES ("3745197E2C9EB8CA", "96ec13d5ec40f735763e59fc46eb0a786681284d7adbdc0f2d8e0bd5abdc448"); 
INSERT INTO Vaccination VALUES ("3745197E2C9EB8CA_1", "3745197E2C9EB8CA", "DCRRGG98C27G273N", "moderna", "2021-10-10", 1); 
INSERT INTO Vaccination VALUES ("3745197E2C9EB8CA_2", "3745197E2C9EB8CA", null, null, "2022-02-28 15:00:00", 2); 

INSERT INTO Vac_User VALUES ("F4715A4B1CEA77F2","Lorena","Kerr","Bloomington","1995-11-21",2,"lorenakerr@poochies.com","+39 (887) 413-3708","fragile"); 
INSERT INTO User_Credentials VALUES ("F4715A4B1CEA77F2", "96ec13d5ec40f735763e59fc46eb0a786681284d7adbdc0f2d8e0bd5abdc448"); 
INSERT INTO Vaccination VALUES ("F4715A4B1CEA77F2_1", "F4715A4B1CEA77F2", "DCRRGG98C27G273N", "pfizer", "2021-12-03", 1); 
INSERT INTO Vaccination VALUES ("F4715A4B1CEA77F2_2", "F4715A4B1CEA77F2", null, null, "2022-02-24 16:00:00", 2); 

INSERT INTO Vac_User VALUES ("537519036FCD9563","Alvarado","Duncan","Shindler","1941-08-06",1,"alvaradoduncan@poochies.com","+39 (946) 538-3871","fragile"); 
INSERT INTO User_Credentials VALUES ("537519036FCD9563", "96ec13d5ec40f735763e59fc46eb0a786681284d7adbdc0f2d8e0bd5abdc448"); 
INSERT INTO Vaccination VALUES ("537519036FCD9563_1", "537519036FCD9563", "DCRRGG98C27G273N", "janssen", "2021-07-15", 1); 
INSERT INTO Vaccination VALUES ("537519036FCD9563_2", "537519036FCD9563", null, null, "2022-03-11 13:00:00", 2); 

INSERT INTO Vac_User VALUES ("DB71F3BDA5CC8BA9","Mccarty","Delaney","Zarephath","2005-09-19",1,"mccartydelaney@poochies.com","+39 (998) 400-2739","none"); 
INSERT INTO User_Credentials VALUES ("DB71F3BDA5CC8BA9", "96ec13d5ec40f735763e59fc46eb0a786681284d7adbdc0f2d8e0bd5abdc448"); 
INSERT INTO Vaccination VALUES ("DB71F3BDA5CC8BA9_1", "DB71F3BDA5CC8BA9", "PVGCGR99C27G273N", "pfizer", "2021-10-29", 1); 
INSERT INTO Vaccination VALUES ("DB71F3BDA5CC8BA9_2", "DB71F3BDA5CC8BA9", null, null, "2022-03-26 10:00:00", 2); 

INSERT INTO Vac_User VALUES ("85F0646480C6AC06","Buck","Rodgers","Urie","2000-07-23",2,"buckrodgers@poochies.com","+39 (995) 522-3581","over65"); 
INSERT INTO User_Credentials VALUES ("85F0646480C6AC06", "96ec13d5ec40f735763e59fc46eb0a786681284d7adbdc0f2d8e0bd5abdc448"); 
INSERT INTO Vaccination VALUES ("85F0646480C6AC06_1", "85F0646480C6AC06", "VCRBNC99D27G273N", "janssen", "2021-05-17", 1); 
INSERT INTO Vaccination VALUES ("85F0646480C6AC06_2", "85F0646480C6AC06", null, null, "2022-02-26 14:00:00", 2); 

INSERT INTO Vac_User VALUES ("329E7B687B1AD48F","Bennett","William","Ticonderoga","1940-03-24",1,"bennettwilliam@poochies.com","+39 (870) 420-2695","fragile"); 
INSERT INTO User_Credentials VALUES ("329E7B687B1AD48F", "96ec13d5ec40f735763e59fc46eb0a786681284d7adbdc0f2d8e0bd5abdc448"); 
INSERT INTO Vaccination VALUES ("329E7B687B1AD48F_1", "329E7B687B1AD48F", "VCRBNC99D27G273N", "astrazeneca", "2021-02-27", 1); 
INSERT INTO Vaccination VALUES ("329E7B687B1AD48F_2", "329E7B687B1AD48F", null, null, "2022-03-28 15:00:00", 2); 

INSERT INTO Vac_User VALUES ("AC1A5BC5423A88C3","Jeannette","Blackwell","Noblestown","1984-05-22",3,"jeannetteblackwell@poochies.com","+39 (901) 452-3790","fragile"); 
INSERT INTO User_Credentials VALUES ("AC1A5BC5423A88C3", "96ec13d5ec40f735763e59fc46eb0a786681284d7adbdc0f2d8e0bd5abdc448"); 
INSERT INTO Vaccination VALUES ("AC1A5BC5423A88C3_1", "AC1A5BC5423A88C3", "PVGCGR99C27G273N", "moderna", "2021-04-09", 1); 
INSERT INTO Vaccination VALUES ("AC1A5BC5423A88C3_2", "AC1A5BC5423A88C3", null, null, "2022-02-28 18:00:00", 2); 

INSERT INTO Vac_User VALUES ("9796979032428C06","Barron","Horne","Bynum","1950-08-19",2,"barronhorne@poochies.com","+39 (819) 485-3313","over65"); 
INSERT INTO User_Credentials VALUES ("9796979032428C06", "96ec13d5ec40f735763e59fc46eb0a786681284d7adbdc0f2d8e0bd5abdc448"); 
INSERT INTO Vaccination VALUES ("9796979032428C06_1", "9796979032428C06", "PVGCGR99C27G273N", "astrazeneca", "2021-08-16", 1); 
INSERT INTO Vaccination VALUES ("9796979032428C06_2", "9796979032428C06", null, null, "2022-02-28 12:00:00", 2); 

INSERT INTO Vac_User VALUES ("EC624C3A9B5E8A6C","Christensen","Romero","Rodanthe","1991-06-07",3,"christensenromero@poochies.com","+39 (946) 459-3276","none"); 
INSERT INTO User_Credentials VALUES ("EC624C3A9B5E8A6C", "96ec13d5ec40f735763e59fc46eb0a786681284d7adbdc0f2d8e0bd5abdc448"); 
INSERT INTO Vaccination VALUES ("EC624C3A9B5E8A6C_1", "EC624C3A9B5E8A6C", "NRIGSP98C27G273N", "astrazeneca", "2021-03-01", 1); 
INSERT INTO Vaccination VALUES ("EC624C3A9B5E8A6C_2", "EC624C3A9B5E8A6C", null, null, "2022-03-24 18:00:00", 2); 

INSERT INTO Vac_User VALUES ("B5C0A16ACA3561BA","Chaney","King","Finzel","1964-04-12",3,"chaneyking@poochies.com","+39 (878) 566-2304","none"); 
INSERT INTO User_Credentials VALUES ("B5C0A16ACA3561BA", "96ec13d5ec40f735763e59fc46eb0a786681284d7adbdc0f2d8e0bd5abdc448"); 
INSERT INTO Vaccination VALUES ("B5C0A16ACA3561BA_1", "B5C0A16ACA3561BA", "PVGCGR99C27G273N", "moderna", "2021-02-26", 1); 
INSERT INTO Vaccination VALUES ("B5C0A16ACA3561BA_2", "B5C0A16ACA3561BA", null, null, "2022-02-28 13:00:00", 2); 

INSERT INTO Vac_User VALUES ("C76696F3EF2A6CAB","Kate","Cote","Vaughn","1995-02-27",1,"katecote@poochies.com","+39 (984) 549-2648","none"); 
INSERT INTO User_Credentials VALUES ("C76696F3EF2A6CAB", "96ec13d5ec40f735763e59fc46eb0a786681284d7adbdc0f2d8e0bd5abdc448"); 
INSERT INTO Vaccination VALUES ("C76696F3EF2A6CAB_1", "C76696F3EF2A6CAB", "NRIGSP98C27G273N", "janssen", "2021-01-20", 1); 
INSERT INTO Vaccination VALUES ("C76696F3EF2A6CAB_2", "C76696F3EF2A6CAB", null, null, "2022-03-21 11:00:00", 2); 

INSERT INTO Vac_User VALUES ("869C64443FE084D8","Lydia","Holman","Frystown","1966-10-02",3,"lydiaholman@poochies.com","+39 (914) 561-2059","over65"); 
INSERT INTO User_Credentials VALUES ("869C64443FE084D8", "96ec13d5ec40f735763e59fc46eb0a786681284d7adbdc0f2d8e0bd5abdc448"); 
INSERT INTO Vaccination VALUES ("869C64443FE084D8_1", "869C64443FE084D8", "LPPMRL98C27G273N", "pfizer", "2021-11-09", 1); 
INSERT INTO Vaccination VALUES ("869C64443FE084D8_2", "869C64443FE084D8", null, null, "2022-03-17 10:00:00", 2); 

INSERT INTO Vac_User VALUES ("64A2DD78ACEC8268","Cardenas","Cervantes","Harviell","1941-03-16",2,"cardenascervantes@poochies.com","+39 (834) 467-3063","over65"); 
INSERT INTO User_Credentials VALUES ("64A2DD78ACEC8268", "96ec13d5ec40f735763e59fc46eb0a786681284d7adbdc0f2d8e0bd5abdc448"); 
INSERT INTO Vaccination VALUES ("64A2DD78ACEC8268_1", "64A2DD78ACEC8268", "VCRBNC99D27G273N", "moderna", "2021-11-07", 1); 
INSERT INTO Vaccination VALUES ("64A2DD78ACEC8268_2", "64A2DD78ACEC8268", null, null, "2022-03-03 12:00:00", 2); 

INSERT INTO Vac_User VALUES ("D28B55BD4A26768B","Marshall","Young","Richmond","1962-07-27",2,"marshallyoung@poochies.com","+39 (968) 431-3302","none"); 
INSERT INTO User_Credentials VALUES ("D28B55BD4A26768B", "96ec13d5ec40f735763e59fc46eb0a786681284d7adbdc0f2d8e0bd5abdc448"); 
INSERT INTO Vaccination VALUES ("D28B55BD4A26768B_1", "D28B55BD4A26768B", "LPPMRL98C27G273N", "moderna", "2021-06-20", 1); 
INSERT INTO Vaccination VALUES ("D28B55BD4A26768B_2", "D28B55BD4A26768B", null, null, "2022-03-25 10:00:00", 2); 

INSERT INTO Vac_User VALUES ("92F5661AFB401C49","Melva","Hill","Linwood","2002-10-06",3,"melvahill@poochies.com","+39 (905) 421-2633","over65"); 
INSERT INTO User_Credentials VALUES ("92F5661AFB401C49", "96ec13d5ec40f735763e59fc46eb0a786681284d7adbdc0f2d8e0bd5abdc448"); 
INSERT INTO Vaccination VALUES ("92F5661AFB401C49_1", "92F5661AFB401C49", "NRIGSP98C27G273N", "moderna", "2021-07-22", 1); 
INSERT INTO Vaccination VALUES ("92F5661AFB401C49_2", "92F5661AFB401C49", null, null, "2022-02-25 17:00:00", 2); 

INSERT INTO Vac_User VALUES ("3CBCAD0FCF32C42C","Vicky","Hopper","Chemung","2004-05-18",3,"vickyhopper@poochies.com","+39 (876) 540-3261","fragile"); 
INSERT INTO User_Credentials VALUES ("3CBCAD0FCF32C42C", "96ec13d5ec40f735763e59fc46eb0a786681284d7adbdc0f2d8e0bd5abdc448"); 
INSERT INTO Vaccination VALUES ("3CBCAD0FCF32C42C_1", "3CBCAD0FCF32C42C", "VCRBNC99D27G273N", "moderna", "2021-07-31", 1); 
INSERT INTO Vaccination VALUES ("3CBCAD0FCF32C42C_2", "3CBCAD0FCF32C42C", null, null, "2022-03-22 17:00:00", 2); 

INSERT INTO Vac_User VALUES ("C4BE1038685A7A77","Tyler","Randall","Navarre","2000-04-08",1,"tylerrandall@poochies.com","+39 (806) 486-2929","over65"); 
INSERT INTO User_Credentials VALUES ("C4BE1038685A7A77", "96ec13d5ec40f735763e59fc46eb0a786681284d7adbdc0f2d8e0bd5abdc448"); 
INSERT INTO Vaccination VALUES ("C4BE1038685A7A77_1", "C4BE1038685A7A77", "NRIGSP98C27G273N", "janssen", "2021-01-23", 1); 
INSERT INTO Vaccination VALUES ("C4BE1038685A7A77_2", "C4BE1038685A7A77", null, null, "2022-03-04 15:00:00", 2); 

INSERT INTO Vac_User VALUES ("E0F770765A9585E9","Hendricks","Flores","Vale","1948-01-21",1,"hendricksflores@poochies.com","+39 (827) 488-2456","none"); 
INSERT INTO User_Credentials VALUES ("E0F770765A9585E9", "96ec13d5ec40f735763e59fc46eb0a786681284d7adbdc0f2d8e0bd5abdc448"); 
INSERT INTO Vaccination VALUES ("E0F770765A9585E9_1", "E0F770765A9585E9", "VCRBNC99D27G273N", "moderna", "2021-10-07", 1); 
INSERT INTO Vaccination VALUES ("E0F770765A9585E9_2", "E0F770765A9585E9", null, null, "2022-02-27 09:00:00", 2); 

INSERT INTO Vac_User VALUES ("F5B420405EE2A1A1","Jannie","Vang","Alderpoint","1940-12-11",1,"jannievang@poochies.com","+39 (894) 559-3989","fragile"); 
INSERT INTO User_Credentials VALUES ("F5B420405EE2A1A1", "96ec13d5ec40f735763e59fc46eb0a786681284d7adbdc0f2d8e0bd5abdc448"); 
INSERT INTO Vaccination VALUES ("F5B420405EE2A1A1_1", "F5B420405EE2A1A1", "LPPMRL98C27G273N", "pfizer", "2021-04-26", 1); 
INSERT INTO Vaccination VALUES ("F5B420405EE2A1A1_2", "F5B420405EE2A1A1", null, null, "2022-03-18 16:00:00", 2); 

INSERT INTO Vac_User VALUES ("849C17B09D36F1D5","Castaneda","Hammond","Ilchester","1989-09-12",2,"castanedahammond@poochies.com","+39 (890) 508-2305","none"); 
INSERT INTO User_Credentials VALUES ("849C17B09D36F1D5", "96ec13d5ec40f735763e59fc46eb0a786681284d7adbdc0f2d8e0bd5abdc448"); 
INSERT INTO Vaccination VALUES ("849C17B09D36F1D5_1", "849C17B09D36F1D5", "NRIGSP98C27G273N", "janssen", "2021-09-06", 1); 
INSERT INTO Vaccination VALUES ("849C17B09D36F1D5_2", "849C17B09D36F1D5", null, null, "2022-03-08 09:00:00", 2); 

INSERT INTO Vac_User VALUES ("182A1D63913D3705","Eleanor","Solis","Limestone","1961-04-03",3,"eleanorsolis@poochies.com","+39 (932) 446-2144","none"); 
INSERT INTO User_Credentials VALUES ("182A1D63913D3705", "96ec13d5ec40f735763e59fc46eb0a786681284d7adbdc0f2d8e0bd5abdc448"); 
INSERT INTO Vaccination VALUES ("182A1D63913D3705_1", "182A1D63913D3705", "LPPMRL98C27G273N", "janssen", "2021-09-24", 1); 
INSERT INTO Vaccination VALUES ("182A1D63913D3705_2", "182A1D63913D3705", null, null, "2022-03-06 15:00:00", 2); 

INSERT INTO Vac_User VALUES ("3330BB2EB5BA4F30","Potts","Camacho","Geyserville","2009-04-02",3,"pottscamacho@poochies.com","+39 (843) 400-3682","fragile"); 
INSERT INTO User_Credentials VALUES ("3330BB2EB5BA4F30", "96ec13d5ec40f735763e59fc46eb0a786681284d7adbdc0f2d8e0bd5abdc448"); 
INSERT INTO Vaccination VALUES ("3330BB2EB5BA4F30_1", "3330BB2EB5BA4F30", "LPPMRL98C27G273N", "moderna", "2021-03-06", 1); 
INSERT INTO Vaccination VALUES ("3330BB2EB5BA4F30_2", "3330BB2EB5BA4F30", null, null, "2022-03-06 18:00:00", 2); 

INSERT INTO Vac_User VALUES ("4161264CC1969F52","Boyer","Mcmillan","Leming","1948-06-04",2,"boyermcmillan@poochies.com","+39 (899) 549-2105","fragile"); 
INSERT INTO User_Credentials VALUES ("4161264CC1969F52", "96ec13d5ec40f735763e59fc46eb0a786681284d7adbdc0f2d8e0bd5abdc448"); 
INSERT INTO Vaccination VALUES ("4161264CC1969F52_1", "4161264CC1969F52", "PVGCGR99C27G273N", "astrazeneca", "2021-12-13", 1); 
INSERT INTO Vaccination VALUES ("4161264CC1969F52_2", "4161264CC1969F52", null, null, "2022-03-04 13:00:00", 2); 

INSERT INTO Vac_User VALUES ("07D6325A610CA813","Madden","Harper","Edinburg","1951-03-22",3,"maddenharper@poochies.com","+39 (858) 505-2452","none"); 
INSERT INTO User_Credentials VALUES ("07D6325A610CA813", "96ec13d5ec40f735763e59fc46eb0a786681284d7adbdc0f2d8e0bd5abdc448"); 
INSERT INTO Vaccination VALUES ("07D6325A610CA813_1", "07D6325A610CA813", "VCRBNC99D27G273N", "moderna", "2021-10-09", 1); 
INSERT INTO Vaccination VALUES ("07D6325A610CA813_2", "07D6325A610CA813", null, null, "2022-02-26 09:00:00", 2); 

INSERT INTO Vac_User VALUES ("FE04AA4B51968612","Mai","Cochran","Yukon","1968-10-07",3,"maicochran@poochies.com","+39 (923) 459-3523","none"); 
INSERT INTO User_Credentials VALUES ("FE04AA4B51968612", "96ec13d5ec40f735763e59fc46eb0a786681284d7adbdc0f2d8e0bd5abdc448"); 
INSERT INTO Vaccination VALUES ("FE04AA4B51968612_1", "FE04AA4B51968612", "LPPMRL98C27G273N", "moderna", "2021-08-08", 1); 
INSERT INTO Vaccination VALUES ("FE04AA4B51968612_2", "FE04AA4B51968612", null, null, "2022-03-28 16:00:00", 2); 

INSERT INTO Vac_User VALUES ("515B0446CFC8FE6F","Alexandra","Tran","Hessville","1951-08-26",3,"alexandratran@poochies.com","+39 (921) 451-3027","over65"); 
INSERT INTO User_Credentials VALUES ("515B0446CFC8FE6F", "96ec13d5ec40f735763e59fc46eb0a786681284d7adbdc0f2d8e0bd5abdc448"); 
INSERT INTO Vaccination VALUES ("515B0446CFC8FE6F_1", "515B0446CFC8FE6F", "VCRBNC99D27G273N", "janssen", "2021-02-17", 1); 
INSERT INTO Vaccination VALUES ("515B0446CFC8FE6F_2", "515B0446CFC8FE6F", null, null, "2022-03-08 14:00:00", 2); 

INSERT INTO Vac_User VALUES ("942A1A0E723D0251","Carlson","Jacobs","Cliffside","1982-08-04",1,"carlsonjacobs@poochies.com","+39 (856) 480-3102","over65"); 
INSERT INTO User_Credentials VALUES ("942A1A0E723D0251", "96ec13d5ec40f735763e59fc46eb0a786681284d7adbdc0f2d8e0bd5abdc448"); 
INSERT INTO Vaccination VALUES ("942A1A0E723D0251_1", "942A1A0E723D0251", "LPPMRL98C27G273N", "moderna", "2021-06-29", 1); 
INSERT INTO Vaccination VALUES ("942A1A0E723D0251_2", "942A1A0E723D0251", null, null, "2022-03-23 18:00:00", 2); 

INSERT INTO Vac_User VALUES ("5D6B06771A21FCB8","Hawkins","Fletcher","Wiscon","1958-12-05",2,"hawkinsfletcher@poochies.com","+39 (906) 464-3571","over65"); 
INSERT INTO User_Credentials VALUES ("5D6B06771A21FCB8", "96ec13d5ec40f735763e59fc46eb0a786681284d7adbdc0f2d8e0bd5abdc448"); 
INSERT INTO Vaccination VALUES ("5D6B06771A21FCB8_1", "5D6B06771A21FCB8", "NRIGSP98C27G273N", "janssen", "2021-12-15", 1); 
INSERT INTO Vaccination VALUES ("5D6B06771A21FCB8_2", "5D6B06771A21FCB8", null, null, "2022-03-26 09:00:00", 2); 

INSERT INTO Vac_User VALUES ("5DA71F99098FEC88","Debbie","Nielsen","Nanafalia","1974-10-26",2,"debbienielsen@poochies.com","+39 (962) 558-3544","fragile"); 
INSERT INTO User_Credentials VALUES ("5DA71F99098FEC88", "96ec13d5ec40f735763e59fc46eb0a786681284d7adbdc0f2d8e0bd5abdc448"); 
INSERT INTO Vaccination VALUES ("5DA71F99098FEC88_1", "5DA71F99098FEC88", "DCRRGG98C27G273N", "moderna", "2021-07-26", 1); 
INSERT INTO Vaccination VALUES ("5DA71F99098FEC88_2", "5DA71F99098FEC88", null, null, "2022-02-25 09:00:00", 2); 

INSERT INTO Vac_User VALUES ("31778CE1912B441E","Maldonado","Ramos","Hasty","2001-01-24",2,"maldonadoramos@poochies.com","+39 (976) 593-2906","over65"); 
INSERT INTO User_Credentials VALUES ("31778CE1912B441E", "96ec13d5ec40f735763e59fc46eb0a786681284d7adbdc0f2d8e0bd5abdc448"); 
INSERT INTO Vaccination VALUES ("31778CE1912B441E_1", "31778CE1912B441E", "LPPMRL98C27G273N", "moderna", "2021-01-23", 1); 
INSERT INTO Vaccination VALUES ("31778CE1912B441E_2", "31778CE1912B441E", null, null, "2022-02-22 17:00:00", 2); 

INSERT INTO Vac_User VALUES ("7EB3D295C79C801E","Moran","Cobb","Sutton","2001-08-02",3,"morancobb@poochies.com","+39 (972) 469-2254","over65"); 
INSERT INTO User_Credentials VALUES ("7EB3D295C79C801E", "96ec13d5ec40f735763e59fc46eb0a786681284d7adbdc0f2d8e0bd5abdc448"); 
INSERT INTO Vaccination VALUES ("7EB3D295C79C801E_1", "7EB3D295C79C801E", "NRIGSP98C27G273N", "astrazeneca", "2021-12-15", 1); 
INSERT INTO Vaccination VALUES ("7EB3D295C79C801E_2", "7EB3D295C79C801E", null, null, "2022-03-26 17:00:00", 2); 

INSERT INTO Vac_User VALUES ("222D59A31337E0D4","Villarreal","Randolph","Lavalette","1943-12-05",1,"villarrealrandolph@poochies.com","+39 (948) 558-2905","over65"); 
INSERT INTO User_Credentials VALUES ("222D59A31337E0D4", "96ec13d5ec40f735763e59fc46eb0a786681284d7adbdc0f2d8e0bd5abdc448"); 
INSERT INTO Vaccination VALUES ("222D59A31337E0D4_1", "222D59A31337E0D4", "NRIGSP98C27G273N", "pfizer", "2021-07-29", 1); 
INSERT INTO Vaccination VALUES ("222D59A31337E0D4_2", "222D59A31337E0D4", null, null, "2022-03-25 13:00:00", 2); 

INSERT INTO Vac_User VALUES ("317A650146A045A6","Dennis","Norton","Reno","1942-10-07",1,"dennisnorton@poochies.com","+39 (938) 440-3105","none"); 
INSERT INTO User_Credentials VALUES ("317A650146A045A6", "96ec13d5ec40f735763e59fc46eb0a786681284d7adbdc0f2d8e0bd5abdc448"); 
INSERT INTO Vaccination VALUES ("317A650146A045A6_1", "317A650146A045A6", "VCRBNC99D27G273N", "moderna", "2021-01-12", 1); 
INSERT INTO Vaccination VALUES ("317A650146A045A6_2", "317A650146A045A6", null, null, "2022-03-29 14:00:00", 2); 

INSERT INTO Vac_User VALUES ("BA0DCE1072AED1C3","Mathews","Farmer","Belleview","1944-03-29",2,"mathewsfarmer@poochies.com","+39 (860) 499-2444","fragile"); 
INSERT INTO User_Credentials VALUES ("BA0DCE1072AED1C3", "96ec13d5ec40f735763e59fc46eb0a786681284d7adbdc0f2d8e0bd5abdc448"); 
INSERT INTO Vaccination VALUES ("BA0DCE1072AED1C3_1", "BA0DCE1072AED1C3", "PVGCGR99C27G273N", "moderna", "2021-10-06", 1); 
INSERT INTO Vaccination VALUES ("BA0DCE1072AED1C3_2", "BA0DCE1072AED1C3", null, null, "2022-03-16 11:00:00", 2); 

INSERT INTO Vac_User VALUES ("D55A05F0A8257744","Patrick","Nash","Hayes","1954-09-20",2,"patricknash@poochies.com","+39 (967) 439-2332","none"); 
INSERT INTO User_Credentials VALUES ("D55A05F0A8257744", "96ec13d5ec40f735763e59fc46eb0a786681284d7adbdc0f2d8e0bd5abdc448"); 
INSERT INTO Vaccination VALUES ("D55A05F0A8257744_1", "D55A05F0A8257744", "VCRBNC99D27G273N", "pfizer", "2021-06-08", 1); 
INSERT INTO Vaccination VALUES ("D55A05F0A8257744_2", "D55A05F0A8257744", null, null, "2022-03-18 18:00:00", 2); 

INSERT INTO Vac_User VALUES ("4CF6E4DCDB0311CA","Dawson","Barr","Glendale","1974-09-23",3,"dawsonbarr@poochies.com","+39 (994) 467-2042","fragile"); 
INSERT INTO User_Credentials VALUES ("4CF6E4DCDB0311CA", "96ec13d5ec40f735763e59fc46eb0a786681284d7adbdc0f2d8e0bd5abdc448"); 
INSERT INTO Vaccination VALUES ("4CF6E4DCDB0311CA_1", "4CF6E4DCDB0311CA", "DCRRGG98C27G273N", "astrazeneca", "2021-12-11", 1); 
INSERT INTO Vaccination VALUES ("4CF6E4DCDB0311CA_2", "4CF6E4DCDB0311CA", null, null, "2022-03-13 10:00:00", 2); 

INSERT INTO Vac_User VALUES ("A821096A7134626E","Hilary","Jarvis","Elrama","1947-01-17",2,"hilaryjarvis@poochies.com","+39 (876) 473-2349","fragile"); 
INSERT INTO User_Credentials VALUES ("A821096A7134626E", "96ec13d5ec40f735763e59fc46eb0a786681284d7adbdc0f2d8e0bd5abdc448"); 
INSERT INTO Vaccination VALUES ("A821096A7134626E_1", "A821096A7134626E", "NRIGSP98C27G273N", "moderna", "2021-12-11", 1); 
INSERT INTO Vaccination VALUES ("A821096A7134626E_2", "A821096A7134626E", null, null, "2022-03-09 17:00:00", 2); 

INSERT INTO Vac_User VALUES ("2A16AC5DDB094975","Montoya","Clemons","Alafaya","1945-12-31",1,"montoyaclemons@poochies.com","+39 (886) 406-3342","over65"); 
INSERT INTO User_Credentials VALUES ("2A16AC5DDB094975", "96ec13d5ec40f735763e59fc46eb0a786681284d7adbdc0f2d8e0bd5abdc448"); 
INSERT INTO Vaccination VALUES ("2A16AC5DDB094975_1", "2A16AC5DDB094975", "PVGCGR99C27G273N", "janssen", "2021-08-25", 1); 
INSERT INTO Vaccination VALUES ("2A16AC5DDB094975_2", "2A16AC5DDB094975", null, null, "2022-03-26 16:00:00", 2); 

INSERT INTO Vac_User VALUES ("5828E08523A98AEB","Cecilia","Graves","Jacksonburg","1977-12-04",3,"ceciliagraves@poochies.com","+39 (843) 575-3433","none"); 
INSERT INTO User_Credentials VALUES ("5828E08523A98AEB", "96ec13d5ec40f735763e59fc46eb0a786681284d7adbdc0f2d8e0bd5abdc448"); 
INSERT INTO Vaccination VALUES ("5828E08523A98AEB_1", "5828E08523A98AEB", "VCRBNC99D27G273N", "astrazeneca", "2021-04-03", 1); 
INSERT INTO Vaccination VALUES ("5828E08523A98AEB_2", "5828E08523A98AEB", null, null, "2022-03-12 11:00:00", 2); 

INSERT INTO Vac_User VALUES ("A56EB8AFCE2AB0E0","Miriam","Justice","Choctaw","1976-11-24",3,"miriamjustice@poochies.com","+39 (847) 463-3995","over65"); 
INSERT INTO User_Credentials VALUES ("A56EB8AFCE2AB0E0", "96ec13d5ec40f735763e59fc46eb0a786681284d7adbdc0f2d8e0bd5abdc448"); 
INSERT INTO Vaccination VALUES ("A56EB8AFCE2AB0E0_1", "A56EB8AFCE2AB0E0", "LPPMRL98C27G273N", "moderna", "2021-05-20", 1); 
INSERT INTO Vaccination VALUES ("A56EB8AFCE2AB0E0_2", "A56EB8AFCE2AB0E0", null, null, "2022-03-19 11:00:00", 2); 

INSERT INTO Vac_User VALUES ("C320ACDE9A8576A8","Stevenson","Sloan","Mulberry","1987-04-19",3,"stevensonsloan@poochies.com","+39 (853) 462-2192","fragile"); 
INSERT INTO User_Credentials VALUES ("C320ACDE9A8576A8", "96ec13d5ec40f735763e59fc46eb0a786681284d7adbdc0f2d8e0bd5abdc448"); 
INSERT INTO Vaccination VALUES ("C320ACDE9A8576A8_1", "C320ACDE9A8576A8", "VCRBNC99D27G273N", "pfizer", "2021-11-24", 1); 
INSERT INTO Vaccination VALUES ("C320ACDE9A8576A8_2", "C320ACDE9A8576A8", null, null, "2022-03-08 15:00:00", 2); 

INSERT INTO Vac_User VALUES ("CF0E94CD0108F430","Faye","Reyes","Fredericktown","1990-06-11",1,"fayereyes@poochies.com","+39 (916) 529-3113","over65"); 
INSERT INTO User_Credentials VALUES ("CF0E94CD0108F430", "96ec13d5ec40f735763e59fc46eb0a786681284d7adbdc0f2d8e0bd5abdc448"); 
INSERT INTO Vaccination VALUES ("CF0E94CD0108F430_1", "CF0E94CD0108F430", "NRIGSP98C27G273N", "moderna", "2021-05-13", 1); 
INSERT INTO Vaccination VALUES ("CF0E94CD0108F430_2", "CF0E94CD0108F430", null, null, "2022-03-13 09:00:00", 2); 

INSERT INTO Vac_User VALUES ("1D2AC2096CEAD277","Boone","Boyle","Tyhee","1968-01-11",1,"booneboyle@poochies.com","+39 (838) 524-2339","fragile"); 
INSERT INTO User_Credentials VALUES ("1D2AC2096CEAD277", "96ec13d5ec40f735763e59fc46eb0a786681284d7adbdc0f2d8e0bd5abdc448"); 
INSERT INTO Vaccination VALUES ("1D2AC2096CEAD277_1", "1D2AC2096CEAD277", "DCRRGG98C27G273N", "astrazeneca", "2021-09-27", 1); 
INSERT INTO Vaccination VALUES ("1D2AC2096CEAD277_2", "1D2AC2096CEAD277", null, null, "2022-03-21 09:00:00", 2); 

INSERT INTO Vac_User VALUES ("E0213CA0A0337F54","Candace","Whitney","Islandia","1956-09-27",1,"candacewhitney@poochies.com","+39 (870) 574-3339","over65"); 
INSERT INTO User_Credentials VALUES ("E0213CA0A0337F54", "96ec13d5ec40f735763e59fc46eb0a786681284d7adbdc0f2d8e0bd5abdc448"); 
INSERT INTO Vaccination VALUES ("E0213CA0A0337F54_1", "E0213CA0A0337F54", "LPPMRL98C27G273N", "janssen", "2021-09-02", 1); 
INSERT INTO Vaccination VALUES ("E0213CA0A0337F54_2", "E0213CA0A0337F54", null, null, "2022-03-25 09:00:00", 2); 

INSERT INTO Vac_User VALUES ("C8B4ACDF81449BB8","Cassandra","Horn","Matheny","1989-08-16",3,"cassandrahorn@poochies.com","+39 (869) 411-2062","fragile"); 
INSERT INTO User_Credentials VALUES ("C8B4ACDF81449BB8", "96ec13d5ec40f735763e59fc46eb0a786681284d7adbdc0f2d8e0bd5abdc448"); 
INSERT INTO Vaccination VALUES ("C8B4ACDF81449BB8_1", "C8B4ACDF81449BB8", "PVGCGR99C27G273N", "janssen", "2021-10-22", 1); 
INSERT INTO Vaccination VALUES ("C8B4ACDF81449BB8_2", "C8B4ACDF81449BB8", null, null, "2022-03-04 18:00:00", 2); 

INSERT INTO Vac_User VALUES ("A64890DC31B3C487","Shaffer","Alvarez","Libertytown","2009-06-14",2,"shafferalvarez@poochies.com","+39 (889) 600-2864","fragile"); 
INSERT INTO User_Credentials VALUES ("A64890DC31B3C487", "96ec13d5ec40f735763e59fc46eb0a786681284d7adbdc0f2d8e0bd5abdc448"); 
INSERT INTO Vaccination VALUES ("A64890DC31B3C487_1", "A64890DC31B3C487", "VCRBNC99D27G273N", "janssen", "2021-03-13", 1); 
INSERT INTO Vaccination VALUES ("A64890DC31B3C487_2", "A64890DC31B3C487", null, null, "2022-02-24 11:00:00", 2); 

INSERT INTO Vac_User VALUES ("394A26976A9530C7","Liliana","Small","Kingstowne","1999-08-27",2,"lilianasmall@poochies.com","+39 (826) 599-3465","none"); 
INSERT INTO User_Credentials VALUES ("394A26976A9530C7", "96ec13d5ec40f735763e59fc46eb0a786681284d7adbdc0f2d8e0bd5abdc448"); 
INSERT INTO Vaccination VALUES ("394A26976A9530C7_1", "394A26976A9530C7", "DCRRGG98C27G273N", "astrazeneca", "2021-08-24", 1); 
INSERT INTO Vaccination VALUES ("394A26976A9530C7_2", "394A26976A9530C7", null, null, "2022-03-08 13:00:00", 2); 

INSERT INTO Vac_User VALUES ("ECDF7D057C89F928","Socorro","Underwood","Stollings","1970-10-22",2,"socorrounderwood@poochies.com","+39 (975) 402-2247","none"); 
INSERT INTO User_Credentials VALUES ("ECDF7D057C89F928", "96ec13d5ec40f735763e59fc46eb0a786681284d7adbdc0f2d8e0bd5abdc448"); 
INSERT INTO Vaccination VALUES ("ECDF7D057C89F928_1", "ECDF7D057C89F928", "DCRRGG98C27G273N", "astrazeneca", "2021-03-07", 1); 
INSERT INTO Vaccination VALUES ("ECDF7D057C89F928_2", "ECDF7D057C89F928", null, null, "2022-03-08 17:00:00", 2); 

INSERT INTO Vac_User VALUES ("94966C01ABC721AE","Robertson","Woodward","Brewster","1946-05-05",2,"robertsonwoodward@poochies.com","+39 (912) 531-3799","fragile"); 
INSERT INTO User_Credentials VALUES ("94966C01ABC721AE", "96ec13d5ec40f735763e59fc46eb0a786681284d7adbdc0f2d8e0bd5abdc448"); 
INSERT INTO Vaccination VALUES ("94966C01ABC721AE_1", "94966C01ABC721AE", "PVGCGR99C27G273N", "janssen", "2021-08-05", 1); 
INSERT INTO Vaccination VALUES ("94966C01ABC721AE_2", "94966C01ABC721AE", null, null, "2022-03-02 16:00:00", 2); 

INSERT INTO Vac_User VALUES ("8F8BF9E8BF374558","Gilbert","Andrews","Cumminsville","1955-08-16",3,"gilbertandrews@poochies.com","+39 (908) 497-2979","none"); 
INSERT INTO User_Credentials VALUES ("8F8BF9E8BF374558", "96ec13d5ec40f735763e59fc46eb0a786681284d7adbdc0f2d8e0bd5abdc448"); 
INSERT INTO Vaccination VALUES ("8F8BF9E8BF374558_1", "8F8BF9E8BF374558", "VCRBNC99D27G273N", "astrazeneca", "2021-10-17", 1); 
INSERT INTO Vaccination VALUES ("8F8BF9E8BF374558_2", "8F8BF9E8BF374558", null, null, "2022-03-24 13:00:00", 2); 

INSERT INTO Vac_User VALUES ("6EA6E162E31D6C23","Kristin","Bryan","Independence","1952-10-11",1,"kristinbryan@poochies.com","+39 (937) 600-2636","none"); 
INSERT INTO User_Credentials VALUES ("6EA6E162E31D6C23", "96ec13d5ec40f735763e59fc46eb0a786681284d7adbdc0f2d8e0bd5abdc448"); 
INSERT INTO Vaccination VALUES ("6EA6E162E31D6C23_1", "6EA6E162E31D6C23", "VCRBNC99D27G273N", "astrazeneca", "2021-11-18", 1); 
INSERT INTO Vaccination VALUES ("6EA6E162E31D6C23_2", "6EA6E162E31D6C23", null, null, "2022-03-29 09:00:00", 2); 

INSERT INTO Vac_User VALUES ("A3DB9E5C377F0BA1","Galloway","Trujillo","Mooresburg","1983-09-23",3,"gallowaytrujillo@poochies.com","+39 (881) 409-3634","none"); 
INSERT INTO User_Credentials VALUES ("A3DB9E5C377F0BA1", "96ec13d5ec40f735763e59fc46eb0a786681284d7adbdc0f2d8e0bd5abdc448"); 
INSERT INTO Vaccination VALUES ("A3DB9E5C377F0BA1_1", "A3DB9E5C377F0BA1", "NRIGSP98C27G273N", "astrazeneca", "2021-05-25", 1); 
INSERT INTO Vaccination VALUES ("A3DB9E5C377F0BA1_2", "A3DB9E5C377F0BA1", null, null, "2022-03-04 14:00:00", 2); 

INSERT INTO Vac_User VALUES ("0D121AEBCDF1100D","Amparo","Harris","Abrams","1942-07-10",1,"amparoharris@poochies.com","+39 (969) 486-3933","over65"); 
INSERT INTO User_Credentials VALUES ("0D121AEBCDF1100D", "96ec13d5ec40f735763e59fc46eb0a786681284d7adbdc0f2d8e0bd5abdc448"); 
INSERT INTO Vaccination VALUES ("0D121AEBCDF1100D_1", "0D121AEBCDF1100D", "DCRRGG98C27G273N", "astrazeneca", "2021-07-16", 1); 
INSERT INTO Vaccination VALUES ("0D121AEBCDF1100D_2", "0D121AEBCDF1100D", null, null, "2022-03-07 13:00:00", 2); 

INSERT INTO Vac_User VALUES ("4FCD91DFCE36E3E0","Melendez","Olsen","Hannasville","1984-01-09",3,"melendezolsen@poochies.com","+39 (822) 566-2123","fragile"); 
INSERT INTO User_Credentials VALUES ("4FCD91DFCE36E3E0", "96ec13d5ec40f735763e59fc46eb0a786681284d7adbdc0f2d8e0bd5abdc448"); 
INSERT INTO Vaccination VALUES ("4FCD91DFCE36E3E0_1", "4FCD91DFCE36E3E0", "VCRBNC99D27G273N", "moderna", "2021-01-15", 1); 
INSERT INTO Vaccination VALUES ("4FCD91DFCE36E3E0_2", "4FCD91DFCE36E3E0", null, null, "2022-02-22 09:00:00", 2); 

INSERT INTO Vac_User VALUES ("B259CB8EFEB6BD21","Guthrie","Oneal","Carlos","1969-01-17",1,"guthrieoneal@poochies.com","+39 (973) 463-3123","over65"); 
INSERT INTO User_Credentials VALUES ("B259CB8EFEB6BD21", "96ec13d5ec40f735763e59fc46eb0a786681284d7adbdc0f2d8e0bd5abdc448"); 
INSERT INTO Vaccination VALUES ("B259CB8EFEB6BD21_1", "B259CB8EFEB6BD21", "LPPMRL98C27G273N", "pfizer", "2021-10-09", 1); 
INSERT INTO Vaccination VALUES ("B259CB8EFEB6BD21_2", "B259CB8EFEB6BD21", null, null, "2022-03-05 16:00:00", 2); 

INSERT INTO Vac_User VALUES ("169C52020F191858","Brewer","Waller","Elfrida","1956-07-25",2,"brewerwaller@poochies.com","+39 (986) 487-3980","over65"); 
INSERT INTO User_Credentials VALUES ("169C52020F191858", "96ec13d5ec40f735763e59fc46eb0a786681284d7adbdc0f2d8e0bd5abdc448"); 
INSERT INTO Vaccination VALUES ("169C52020F191858_1", "169C52020F191858", "DCRRGG98C27G273N", "pfizer", "2021-09-02", 1); 
INSERT INTO Vaccination VALUES ("169C52020F191858_2", "169C52020F191858", null, null, "2022-03-28 14:00:00", 2); 

INSERT INTO Vac_User VALUES ("B0AAAECAB355BAD9","Whitfield","Hester","Comptche","1995-02-07",3,"whitfieldhester@poochies.com","+39 (989) 493-3692","none"); 
INSERT INTO User_Credentials VALUES ("B0AAAECAB355BAD9", "96ec13d5ec40f735763e59fc46eb0a786681284d7adbdc0f2d8e0bd5abdc448"); 
INSERT INTO Vaccination VALUES ("B0AAAECAB355BAD9_1", "B0AAAECAB355BAD9", "LPPMRL98C27G273N", "moderna", "2021-01-30", 1); 
INSERT INTO Vaccination VALUES ("B0AAAECAB355BAD9_2", "B0AAAECAB355BAD9", null, null, "2022-03-02 17:00:00", 2); 

INSERT INTO Vac_User VALUES ("D9B07CC9B1FF1809","Olivia","Thompson","Eastvale","1958-05-23",3,"oliviathompson@poochies.com","+39 (998) 550-3083","over65"); 
INSERT INTO User_Credentials VALUES ("D9B07CC9B1FF1809", "96ec13d5ec40f735763e59fc46eb0a786681284d7adbdc0f2d8e0bd5abdc448"); 
INSERT INTO Vaccination VALUES ("D9B07CC9B1FF1809_1", "D9B07CC9B1FF1809", "PVGCGR99C27G273N", "astrazeneca", "2021-09-11", 1); 
INSERT INTO Vaccination VALUES ("D9B07CC9B1FF1809_2", "D9B07CC9B1FF1809", null, null, "2022-03-29 12:00:00", 2); 

INSERT INTO Vac_User VALUES ("D1203A08524085C9","Battle","Chapman","Kenmar","1977-09-07",2,"battlechapman@poochies.com","+39 (899) 517-3445","fragile"); 
INSERT INTO User_Credentials VALUES ("D1203A08524085C9", "96ec13d5ec40f735763e59fc46eb0a786681284d7adbdc0f2d8e0bd5abdc448"); 
INSERT INTO Vaccination VALUES ("D1203A08524085C9_1", "D1203A08524085C9", "DCRRGG98C27G273N", "moderna", "2021-06-01", 1); 
INSERT INTO Vaccination VALUES ("D1203A08524085C9_2", "D1203A08524085C9", null, null, "2022-03-29 16:00:00", 2); 

INSERT INTO Vac_User VALUES ("12C5A19E37BC7E6E","Alison","Gilbert","Cassel","1947-07-01",3,"alisongilbert@poochies.com","+39 (811) 591-2950","none"); 
INSERT INTO User_Credentials VALUES ("12C5A19E37BC7E6E", "96ec13d5ec40f735763e59fc46eb0a786681284d7adbdc0f2d8e0bd5abdc448"); 
INSERT INTO Vaccination VALUES ("12C5A19E37BC7E6E_1", "12C5A19E37BC7E6E", "VCRBNC99D27G273N", "janssen", "2021-03-29", 1); 
INSERT INTO Vaccination VALUES ("12C5A19E37BC7E6E_2", "12C5A19E37BC7E6E", null, null, "2022-03-18 14:00:00", 2); 

INSERT INTO Vac_User VALUES ("FF31A2D0745E803D","Graciela","Knox","Cedarville","1997-07-30",2,"gracielaknox@poochies.com","+39 (815) 423-3256","over65"); 
INSERT INTO User_Credentials VALUES ("FF31A2D0745E803D", "96ec13d5ec40f735763e59fc46eb0a786681284d7adbdc0f2d8e0bd5abdc448"); 
INSERT INTO Vaccination VALUES ("FF31A2D0745E803D_1", "FF31A2D0745E803D", "VCRBNC99D27G273N", "janssen", "2021-04-01", 1); 
INSERT INTO Vaccination VALUES ("FF31A2D0745E803D_2", "FF31A2D0745E803D", null, null, "2022-02-24 15:00:00", 2); 

INSERT INTO Vac_User VALUES ("E9787146D04E3823","Robin","Montgomery","Concho","1941-07-20",1,"robinmontgomery@poochies.com","+39 (926) 579-3291","fragile"); 
INSERT INTO User_Credentials VALUES ("E9787146D04E3823", "96ec13d5ec40f735763e59fc46eb0a786681284d7adbdc0f2d8e0bd5abdc448"); 
INSERT INTO Vaccination VALUES ("E9787146D04E3823_1", "E9787146D04E3823", "NRIGSP98C27G273N", "pfizer", "2021-12-18", 1); 
INSERT INTO Vaccination VALUES ("E9787146D04E3823_2", "E9787146D04E3823", null, null, "2022-02-26 14:00:00", 2); 

INSERT INTO Vac_User VALUES ("33274D829091B575","Hurley","Daugherty","Ballico","1957-01-29",2,"hurleydaugherty@poochies.com","+39 (891) 489-2913","over65"); 
INSERT INTO User_Credentials VALUES ("33274D829091B575", "96ec13d5ec40f735763e59fc46eb0a786681284d7adbdc0f2d8e0bd5abdc448"); 
INSERT INTO Vaccination VALUES ("33274D829091B575_1", "33274D829091B575", "NRIGSP98C27G273N", "pfizer", "2021-11-06", 1); 
INSERT INTO Vaccination VALUES ("33274D829091B575_2", "33274D829091B575", null, null, "2022-02-24 16:00:00", 2); 

INSERT INTO Vac_User VALUES ("324D008FB72879C0","Claire","Cardenas","Dalton","1965-12-20",2,"clairecardenas@poochies.com","+39 (843) 414-2103","over65"); 
INSERT INTO User_Credentials VALUES ("324D008FB72879C0", "96ec13d5ec40f735763e59fc46eb0a786681284d7adbdc0f2d8e0bd5abdc448"); 
INSERT INTO Vaccination VALUES ("324D008FB72879C0_1", "324D008FB72879C0", "PVGCGR99C27G273N", "pfizer", "2021-07-20", 1); 
INSERT INTO Vaccination VALUES ("324D008FB72879C0_2", "324D008FB72879C0", null, null, "2022-03-20 13:00:00", 2); 

INSERT INTO Vac_User VALUES ("149ECADB7941F97B","Cherry","Washington","Coloma","1982-03-21",3,"cherrywashington@poochies.com","+39 (955) 596-2376","over65"); 
INSERT INTO User_Credentials VALUES ("149ECADB7941F97B", "96ec13d5ec40f735763e59fc46eb0a786681284d7adbdc0f2d8e0bd5abdc448"); 
INSERT INTO Vaccination VALUES ("149ECADB7941F97B_1", "149ECADB7941F97B", "VCRBNC99D27G273N", "astrazeneca", "2021-01-29", 1); 
INSERT INTO Vaccination VALUES ("149ECADB7941F97B_2", "149ECADB7941F97B", null, null, "2022-03-23 11:00:00", 2); 

INSERT INTO Vac_User VALUES ("CE3E3E1FEF206031","Nixon","Franks","Macdona","2002-04-22",1,"nixonfranks@poochies.com","+39 (996) 421-3974","over65"); 
INSERT INTO User_Credentials VALUES ("CE3E3E1FEF206031", "96ec13d5ec40f735763e59fc46eb0a786681284d7adbdc0f2d8e0bd5abdc448"); 
INSERT INTO Vaccination VALUES ("CE3E3E1FEF206031_1", "CE3E3E1FEF206031", "PVGCGR99C27G273N", "janssen", "2021-03-11", 1); 
INSERT INTO Vaccination VALUES ("CE3E3E1FEF206031_2", "CE3E3E1FEF206031", null, null, "2022-03-10 09:00:00", 2); 

INSERT INTO Vac_User VALUES ("09A00CBAE956ED33","Whitney","Prince","Nicut","1955-08-09",1,"whitneyprince@poochies.com","+39 (937) 463-3890","none"); 
INSERT INTO User_Credentials VALUES ("09A00CBAE956ED33", "96ec13d5ec40f735763e59fc46eb0a786681284d7adbdc0f2d8e0bd5abdc448"); 
INSERT INTO Vaccination VALUES ("09A00CBAE956ED33_1", "09A00CBAE956ED33", "PVGCGR99C27G273N", "astrazeneca", "2021-12-06", 1); 
INSERT INTO Vaccination VALUES ("09A00CBAE956ED33_2", "09A00CBAE956ED33", null, null, "2022-03-15 11:00:00", 2); 

INSERT INTO Vac_User VALUES ("EFF0B32FD33BD1D4","Sherri","Sexton","Ripley","1943-04-22",3,"sherrisexton@poochies.com","+39 (849) 567-2969","none"); 
INSERT INTO User_Credentials VALUES ("EFF0B32FD33BD1D4", "96ec13d5ec40f735763e59fc46eb0a786681284d7adbdc0f2d8e0bd5abdc448"); 
INSERT INTO Vaccination VALUES ("EFF0B32FD33BD1D4_1", "EFF0B32FD33BD1D4", "DCRRGG98C27G273N", "pfizer", "2021-06-09", 1); 
INSERT INTO Vaccination VALUES ("EFF0B32FD33BD1D4_2", "EFF0B32FD33BD1D4", null, null, "2022-03-05 12:00:00", 2); 

INSERT INTO Vac_User VALUES ("A9DB7E0550052609","Clare","Bowers","Welda","1940-06-06",1,"clarebowers@poochies.com","+39 (826) 502-2868","fragile"); 
INSERT INTO User_Credentials VALUES ("A9DB7E0550052609", "96ec13d5ec40f735763e59fc46eb0a786681284d7adbdc0f2d8e0bd5abdc448"); 
INSERT INTO Vaccination VALUES ("A9DB7E0550052609_1", "A9DB7E0550052609", "VCRBNC99D27G273N", "janssen", "2021-05-18", 1); 
INSERT INTO Vaccination VALUES ("A9DB7E0550052609_2", "A9DB7E0550052609", null, null, "2022-03-13 14:00:00", 2); 

INSERT INTO Vac_User VALUES ("508FD1C65A137795","Caroline","Zamora","Southmont","1980-09-09",2,"carolinezamora@poochies.com","+39 (834) 438-3140","over65"); 
INSERT INTO User_Credentials VALUES ("508FD1C65A137795", "96ec13d5ec40f735763e59fc46eb0a786681284d7adbdc0f2d8e0bd5abdc448"); 
INSERT INTO Vaccination VALUES ("508FD1C65A137795_1", "508FD1C65A137795", "PVGCGR99C27G273N", "janssen", "2021-09-08", 1); 
INSERT INTO Vaccination VALUES ("508FD1C65A137795_2", "508FD1C65A137795", null, null, "2022-03-15 17:00:00", 2); 

INSERT INTO Vac_User VALUES ("EB54AF5658B5421F","Consuelo","Robertson","Volta","1994-11-06",2,"consuelorobertson@poochies.com","+39 (964) 519-3286","none"); 
INSERT INTO User_Credentials VALUES ("EB54AF5658B5421F", "96ec13d5ec40f735763e59fc46eb0a786681284d7adbdc0f2d8e0bd5abdc448"); 
INSERT INTO Vaccination VALUES ("EB54AF5658B5421F_1", "EB54AF5658B5421F", "DCRRGG98C27G273N", "pfizer", "2021-03-17", 1); 
INSERT INTO Vaccination VALUES ("EB54AF5658B5421F_2", "EB54AF5658B5421F", null, null, "2022-03-27 18:00:00", 2); 

INSERT INTO Vac_User VALUES ("C4CCDC010393CF82","George","Ruiz","Mammoth","2001-01-20",3,"georgeruiz@poochies.com","+39 (839) 509-2022","over65"); 
INSERT INTO User_Credentials VALUES ("C4CCDC010393CF82", "96ec13d5ec40f735763e59fc46eb0a786681284d7adbdc0f2d8e0bd5abdc448"); 
INSERT INTO Vaccination VALUES ("C4CCDC010393CF82_1", "C4CCDC010393CF82", "NRIGSP98C27G273N", "pfizer", "2021-09-10", 1); 
INSERT INTO Vaccination VALUES ("C4CCDC010393CF82_2", "C4CCDC010393CF82", null, null, "2022-03-20 12:00:00", 2); 

INSERT INTO Vac_User VALUES ("C28ACFCAFFD21278","Trujillo","Mccarthy","Defiance","1992-08-17",1,"trujillomccarthy@poochies.com","+39 (814) 539-2036","fragile"); 
INSERT INTO User_Credentials VALUES ("C28ACFCAFFD21278", "96ec13d5ec40f735763e59fc46eb0a786681284d7adbdc0f2d8e0bd5abdc448"); 
INSERT INTO Vaccination VALUES ("C28ACFCAFFD21278_1", "C28ACFCAFFD21278", "LPPMRL98C27G273N", "astrazeneca", "2021-09-25", 1); 
INSERT INTO Vaccination VALUES ("C28ACFCAFFD21278_2", "C28ACFCAFFD21278", null, null, "2022-02-25 11:00:00", 2); 

INSERT INTO Vac_User VALUES ("25A6576B0408EE12","Lang","Clements","Worcester","1953-01-01",3,"langclements@poochies.com","+39 (899) 456-3248","over65"); 
INSERT INTO User_Credentials VALUES ("25A6576B0408EE12", "96ec13d5ec40f735763e59fc46eb0a786681284d7adbdc0f2d8e0bd5abdc448"); 
INSERT INTO Vaccination VALUES ("25A6576B0408EE12_1", "25A6576B0408EE12", "LPPMRL98C27G273N", "astrazeneca", "2021-02-27", 1); 
INSERT INTO Vaccination VALUES ("25A6576B0408EE12_2", "25A6576B0408EE12", null, null, "2022-03-07 11:00:00", 2); 

INSERT INTO Vac_User VALUES ("64ACB096EB212033","Bruce","Hurst","Canoochee","1989-06-23",1,"brucehurst@poochies.com","+39 (891) 412-2995","fragile"); 
INSERT INTO User_Credentials VALUES ("64ACB096EB212033", "96ec13d5ec40f735763e59fc46eb0a786681284d7adbdc0f2d8e0bd5abdc448"); 
INSERT INTO Vaccination VALUES ("64ACB096EB212033_1", "64ACB096EB212033", "PVGCGR99C27G273N", "astrazeneca", "2021-06-09", 1); 
INSERT INTO Vaccination VALUES ("64ACB096EB212033_2", "64ACB096EB212033", null, null, "2022-03-22 09:00:00", 2); 

INSERT INTO Vac_User VALUES ("E8A9820718A761FB","Stella","Baker","Madrid","2002-03-14",1,"stellabaker@poochies.com","+39 (850) 462-3289","fragile"); 
INSERT INTO User_Credentials VALUES ("E8A9820718A761FB", "96ec13d5ec40f735763e59fc46eb0a786681284d7adbdc0f2d8e0bd5abdc448"); 
INSERT INTO Vaccination VALUES ("E8A9820718A761FB_1", "E8A9820718A761FB", "DCRRGG98C27G273N", "astrazeneca", "2021-03-20", 1); 
INSERT INTO Vaccination VALUES ("E8A9820718A761FB_2", "E8A9820718A761FB", null, null, "2022-03-14 16:00:00", 2); 

INSERT INTO Vac_User VALUES ("84DC7B1C8E5C2ABE","Macias","Klein","Gloucester","1988-04-01",2,"maciasklein@poochies.com","+39 (927) 459-3039","none"); 
INSERT INTO User_Credentials VALUES ("84DC7B1C8E5C2ABE", "96ec13d5ec40f735763e59fc46eb0a786681284d7adbdc0f2d8e0bd5abdc448"); 
INSERT INTO Vaccination VALUES ("84DC7B1C8E5C2ABE_1", "84DC7B1C8E5C2ABE", "DCRRGG98C27G273N", "moderna", "2021-11-15", 1); 
INSERT INTO Vaccination VALUES ("84DC7B1C8E5C2ABE_2", "84DC7B1C8E5C2ABE", null, null, "2022-03-12 13:00:00", 2); 

INSERT INTO Vac_User VALUES ("AE3E5833A564986B","William","Moses","Forestburg","1947-11-01",2,"williammoses@poochies.com","+39 (966) 455-3663","over65"); 
INSERT INTO User_Credentials VALUES ("AE3E5833A564986B", "96ec13d5ec40f735763e59fc46eb0a786681284d7adbdc0f2d8e0bd5abdc448"); 
INSERT INTO Vaccination VALUES ("AE3E5833A564986B_1", "AE3E5833A564986B", "LPPMRL98C27G273N", "moderna", "2021-12-15", 1); 
INSERT INTO Vaccination VALUES ("AE3E5833A564986B_2", "AE3E5833A564986B", null, null, "2022-03-04 09:00:00", 2); 

INSERT INTO Vac_User VALUES ("ED08C3F2A6ABA0B2","Lara","Lancaster","Emison","1981-03-20",1,"laralancaster@poochies.com","+39 (975) 516-3447","fragile"); 
INSERT INTO User_Credentials VALUES ("ED08C3F2A6ABA0B2", "96ec13d5ec40f735763e59fc46eb0a786681284d7adbdc0f2d8e0bd5abdc448"); 
INSERT INTO Vaccination VALUES ("ED08C3F2A6ABA0B2_1", "ED08C3F2A6ABA0B2", "NRIGSP98C27G273N", "pfizer", "2021-10-30", 1); 
INSERT INTO Vaccination VALUES ("ED08C3F2A6ABA0B2_2", "ED08C3F2A6ABA0B2", null, null, "2022-03-13 15:00:00", 2); 

INSERT INTO Vac_User VALUES ("4F0C719619B2E31B","Puckett","Compton","Trona","1940-12-07",3,"puckettcompton@poochies.com","+39 (801) 591-3352","none"); 
INSERT INTO User_Credentials VALUES ("4F0C719619B2E31B", "96ec13d5ec40f735763e59fc46eb0a786681284d7adbdc0f2d8e0bd5abdc448"); 
INSERT INTO Vaccination VALUES ("4F0C719619B2E31B_1", "4F0C719619B2E31B", "PVGCGR99C27G273N", "pfizer", "2021-07-05", 1); 
INSERT INTO Vaccination VALUES ("4F0C719619B2E31B_2", "4F0C719619B2E31B", null, null, "2022-03-10 12:00:00", 2); 

INSERT INTO Vac_User VALUES ("12F58C890F256209","Janna","Summers","Vernon","1941-06-10",2,"jannasummers@poochies.com","+39 (899) 562-3743","none"); 
INSERT INTO User_Credentials VALUES ("12F58C890F256209", "96ec13d5ec40f735763e59fc46eb0a786681284d7adbdc0f2d8e0bd5abdc448"); 
INSERT INTO Vaccination VALUES ("12F58C890F256209_1", "12F58C890F256209", "DCRRGG98C27G273N", "pfizer", "2021-09-20", 1); 
INSERT INTO Vaccination VALUES ("12F58C890F256209_2", "12F58C890F256209", null, null, "2022-02-23 09:00:00", 2); 

INSERT INTO Vac_User VALUES ("727EE1835B01F237","Hines","Aguilar","Wanship","1964-05-27",2,"hinesaguilar@poochies.com","+39 (936) 514-2192","none"); 
INSERT INTO User_Credentials VALUES ("727EE1835B01F237", "96ec13d5ec40f735763e59fc46eb0a786681284d7adbdc0f2d8e0bd5abdc448"); 
INSERT INTO Vaccination VALUES ("727EE1835B01F237_1", "727EE1835B01F237", "VCRBNC99D27G273N", "janssen", "2021-04-07", 1); 
INSERT INTO Vaccination VALUES ("727EE1835B01F237_2", "727EE1835B01F237", null, null, "2022-02-24 17:00:00", 2); 

INSERT INTO Vac_User VALUES ("666351C758FDB0F1","Fanny","Valdez","Bawcomville","1947-11-03",2,"fannyvaldez@poochies.com","+39 (930) 457-3665","fragile"); 
INSERT INTO User_Credentials VALUES ("666351C758FDB0F1", "96ec13d5ec40f735763e59fc46eb0a786681284d7adbdc0f2d8e0bd5abdc448"); 
INSERT INTO Vaccination VALUES ("666351C758FDB0F1_1", "666351C758FDB0F1", "LPPMRL98C27G273N", "pfizer", "2021-12-04", 1); 
INSERT INTO Vaccination VALUES ("666351C758FDB0F1_2", "666351C758FDB0F1", null, null, "2022-03-23 14:00:00", 2); 

INSERT INTO Vac_User VALUES ("CDC99CBFECA4E356","Penelope","Gutierrez","Marion","2009-05-21",3,"penelopegutierrez@poochies.com","+39 (958) 522-3116","over65"); 
INSERT INTO User_Credentials VALUES ("CDC99CBFECA4E356", "96ec13d5ec40f735763e59fc46eb0a786681284d7adbdc0f2d8e0bd5abdc448"); 
INSERT INTO Vaccination VALUES ("CDC99CBFECA4E356_1", "CDC99CBFECA4E356", "VCRBNC99D27G273N", "moderna", "2021-01-16", 1); 
INSERT INTO Vaccination VALUES ("CDC99CBFECA4E356_2", "CDC99CBFECA4E356", null, null, "2022-03-10 16:00:00", 2); 

INSERT INTO Vac_User VALUES ("8398F8B9E5439980","Kellie","Duffy","Fresno","1966-10-07",2,"kellieduffy@poochies.com","+39 (941) 456-2363","none"); 
INSERT INTO User_Credentials VALUES ("8398F8B9E5439980", "96ec13d5ec40f735763e59fc46eb0a786681284d7adbdc0f2d8e0bd5abdc448"); 
INSERT INTO Vaccination VALUES ("8398F8B9E5439980_1", "8398F8B9E5439980", "PVGCGR99C27G273N", "astrazeneca", "2021-04-30", 1); 
INSERT INTO Vaccination VALUES ("8398F8B9E5439980_2", "8398F8B9E5439980", null, null, "2022-03-17 09:00:00", 2); 

INSERT INTO Vac_User VALUES ("B08E53B5FCD591B6","Crosby","Browning","Stevens","1989-09-12",1,"crosbybrowning@poochies.com","+39 (858) 499-2886","over65"); 
INSERT INTO User_Credentials VALUES ("B08E53B5FCD591B6", "96ec13d5ec40f735763e59fc46eb0a786681284d7adbdc0f2d8e0bd5abdc448"); 
INSERT INTO Vaccination VALUES ("B08E53B5FCD591B6_1", "B08E53B5FCD591B6", "VCRBNC99D27G273N", "astrazeneca", "2021-07-19", 1); 
INSERT INTO Vaccination VALUES ("B08E53B5FCD591B6_2", "B08E53B5FCD591B6", null, null, "2022-03-15 13:00:00", 2); 

INSERT INTO Vac_User VALUES ("D615A36EC4FBBFEF","Camacho","Dale","Lupton","1951-12-18",2,"camachodale@poochies.com","+39 (953) 454-3245","fragile"); 
INSERT INTO User_Credentials VALUES ("D615A36EC4FBBFEF", "96ec13d5ec40f735763e59fc46eb0a786681284d7adbdc0f2d8e0bd5abdc448"); 
INSERT INTO Vaccination VALUES ("D615A36EC4FBBFEF_1", "D615A36EC4FBBFEF", "DCRRGG98C27G273N", "pfizer", "2021-01-16", 1); 
INSERT INTO Vaccination VALUES ("D615A36EC4FBBFEF_2", "D615A36EC4FBBFEF", null, null, "2022-03-26 12:00:00", 2); 

INSERT INTO Vac_User VALUES ("54B06FDD78029573","Christa","Whitehead","Cresaptown","1958-04-03",2,"christawhitehead@poochies.com","+39 (930) 406-2890","fragile"); 
INSERT INTO User_Credentials VALUES ("54B06FDD78029573", "96ec13d5ec40f735763e59fc46eb0a786681284d7adbdc0f2d8e0bd5abdc448"); 
INSERT INTO Vaccination VALUES ("54B06FDD78029573_1", "54B06FDD78029573", "VCRBNC99D27G273N", "astrazeneca", "2021-09-02", 1); 
INSERT INTO Vaccination VALUES ("54B06FDD78029573_2", "54B06FDD78029573", null, null, "2022-03-13 11:00:00", 2); 

INSERT INTO Vac_User VALUES ("F313F88540DF723E","Rosales","Maddox","Coventry","1975-08-20",1,"rosalesmaddox@poochies.com","+39 (886) 489-3298","none"); 
INSERT INTO User_Credentials VALUES ("F313F88540DF723E", "96ec13d5ec40f735763e59fc46eb0a786681284d7adbdc0f2d8e0bd5abdc448"); 
INSERT INTO Vaccination VALUES ("F313F88540DF723E_1", "F313F88540DF723E", "DCRRGG98C27G273N", "moderna", "2021-03-03", 1); 
INSERT INTO Vaccination VALUES ("F313F88540DF723E_2", "F313F88540DF723E", null, null, "2022-03-27 17:00:00", 2); 

INSERT INTO Vac_User VALUES ("A5A26D1D1D3ACEB5","Jamie","Mosley","Frizzleburg","1995-06-26",1,"jamiemosley@poochies.com","+39 (847) 405-3428","over65"); 
INSERT INTO User_Credentials VALUES ("A5A26D1D1D3ACEB5", "96ec13d5ec40f735763e59fc46eb0a786681284d7adbdc0f2d8e0bd5abdc448"); 
INSERT INTO Vaccination VALUES ("A5A26D1D1D3ACEB5_1", "A5A26D1D1D3ACEB5", "PVGCGR99C27G273N", "astrazeneca", "2021-09-30", 1); 
INSERT INTO Vaccination VALUES ("A5A26D1D1D3ACEB5_2", "A5A26D1D1D3ACEB5", null, null, "2022-02-25 10:00:00", 2); 

INSERT INTO Vac_User VALUES ("0CB82489CE311038","Jenna","Hinton","Hayden","1958-08-19",2,"jennahinton@poochies.com","+39 (910) 424-3707","over65"); 
INSERT INTO User_Credentials VALUES ("0CB82489CE311038", "96ec13d5ec40f735763e59fc46eb0a786681284d7adbdc0f2d8e0bd5abdc448"); 
INSERT INTO Vaccination VALUES ("0CB82489CE311038_1", "0CB82489CE311038", "LPPMRL98C27G273N", "pfizer", "2021-11-02", 1); 
INSERT INTO Vaccination VALUES ("0CB82489CE311038_2", "0CB82489CE311038", null, null, "2022-03-04 12:00:00", 2); 

INSERT INTO Vac_User VALUES ("7F5E1F9D75533BF4","Dorothea","Patrick","Deltaville","1969-05-07",1,"dorotheapatrick@poochies.com","+39 (816) 463-2056","none"); 
INSERT INTO User_Credentials VALUES ("7F5E1F9D75533BF4", "96ec13d5ec40f735763e59fc46eb0a786681284d7adbdc0f2d8e0bd5abdc448"); 
INSERT INTO Vaccination VALUES ("7F5E1F9D75533BF4_1", "7F5E1F9D75533BF4", "PVGCGR99C27G273N", "moderna", "2021-03-04", 1); 
INSERT INTO Vaccination VALUES ("7F5E1F9D75533BF4_2", "7F5E1F9D75533BF4", null, null, "2022-03-19 15:00:00", 2); 

INSERT INTO Vac_User VALUES ("08899F3665918C79","Jill","Noel","Brambleton","1943-02-01",2,"jillnoel@poochies.com","+39 (981) 414-2220","fragile"); 
INSERT INTO User_Credentials VALUES ("08899F3665918C79", "96ec13d5ec40f735763e59fc46eb0a786681284d7adbdc0f2d8e0bd5abdc448"); 
INSERT INTO Vaccination VALUES ("08899F3665918C79_1", "08899F3665918C79", "LPPMRL98C27G273N", "pfizer", "2021-06-13", 1); 
INSERT INTO Vaccination VALUES ("08899F3665918C79_2", "08899F3665918C79", null, null, "2022-03-25 15:00:00", 2); 

INSERT INTO Vac_User VALUES ("EAC15BFD57746C50","Stacy","Weiss","Jacumba","1972-03-12",3,"stacyweiss@poochies.com","+39 (947) 537-3546","over65"); 
INSERT INTO User_Credentials VALUES ("EAC15BFD57746C50", "96ec13d5ec40f735763e59fc46eb0a786681284d7adbdc0f2d8e0bd5abdc448"); 
INSERT INTO Vaccination VALUES ("EAC15BFD57746C50_1", "EAC15BFD57746C50", "NRIGSP98C27G273N", "pfizer", "2021-02-05", 1); 
INSERT INTO Vaccination VALUES ("EAC15BFD57746C50_2", "EAC15BFD57746C50", null, null, "2022-03-22 15:00:00", 2); 

INSERT INTO Vac_User VALUES ("C45285BE1739A80A","Mara","Kelly","Gouglersville","2003-11-17",2,"marakelly@poochies.com","+39 (982) 596-3962","fragile"); 
INSERT INTO User_Credentials VALUES ("C45285BE1739A80A", "96ec13d5ec40f735763e59fc46eb0a786681284d7adbdc0f2d8e0bd5abdc448"); 
INSERT INTO Vaccination VALUES ("C45285BE1739A80A_1", "C45285BE1739A80A", "PVGCGR99C27G273N", "astrazeneca", "2021-02-25", 1); 
INSERT INTO Vaccination VALUES ("C45285BE1739A80A_2", "C45285BE1739A80A", null, null, "2022-02-26 18:00:00", 2); 

INSERT INTO Vac_User VALUES ("2B0BCF3A402564E4","Jan","Carrillo","Martinsville","1996-05-18",3,"jancarrillo@poochies.com","+39 (990) 504-3799","over65"); 
INSERT INTO User_Credentials VALUES ("2B0BCF3A402564E4", "96ec13d5ec40f735763e59fc46eb0a786681284d7adbdc0f2d8e0bd5abdc448"); 
INSERT INTO Vaccination VALUES ("2B0BCF3A402564E4_1", "2B0BCF3A402564E4", "DCRRGG98C27G273N", "janssen", "2021-06-16", 1); 
INSERT INTO Vaccination VALUES ("2B0BCF3A402564E4_2", "2B0BCF3A402564E4", null, null, "2022-03-25 16:00:00", 2); 

INSERT INTO Vac_User VALUES ("D97AD2E82AE80E05","Lou","Pierce","Venice","1957-05-12",3,"loupierce@poochies.com","+39 (935) 500-2454","fragile"); 
INSERT INTO User_Credentials VALUES ("D97AD2E82AE80E05", "96ec13d5ec40f735763e59fc46eb0a786681284d7adbdc0f2d8e0bd5abdc448"); 
INSERT INTO Vaccination VALUES ("D97AD2E82AE80E05_1", "D97AD2E82AE80E05", "NRIGSP98C27G273N", "janssen", "2021-02-26", 1); 
INSERT INTO Vaccination VALUES ("D97AD2E82AE80E05_2", "D97AD2E82AE80E05", null, null, "2022-03-18 16:00:00", 2); 

INSERT INTO Vac_User VALUES ("DCFBEBE98AA5ED3B","Tammy","Faulkner","Rivera","1952-10-22",3,"tammyfaulkner@poochies.com","+39 (947) 493-3236","over65"); 
INSERT INTO User_Credentials VALUES ("DCFBEBE98AA5ED3B", "96ec13d5ec40f735763e59fc46eb0a786681284d7adbdc0f2d8e0bd5abdc448"); 
INSERT INTO Vaccination VALUES ("DCFBEBE98AA5ED3B_1", "DCFBEBE98AA5ED3B", "VCRBNC99D27G273N", "janssen", "2021-11-29", 1); 
INSERT INTO Vaccination VALUES ("DCFBEBE98AA5ED3B_2", "DCFBEBE98AA5ED3B", null, null, "2022-03-05 16:00:00", 2); 

INSERT INTO Vac_User VALUES ("F3156FC0DC089739","Tran","Cruz","Gwynn","1969-12-14",3,"trancruz@poochies.com","+39 (953) 572-3019","fragile"); 
INSERT INTO User_Credentials VALUES ("F3156FC0DC089739", "96ec13d5ec40f735763e59fc46eb0a786681284d7adbdc0f2d8e0bd5abdc448"); 
INSERT INTO Vaccination VALUES ("F3156FC0DC089739_1", "F3156FC0DC089739", "VCRBNC99D27G273N", "astrazeneca", "2021-11-18", 1); 
INSERT INTO Vaccination VALUES ("F3156FC0DC089739_2", "F3156FC0DC089739", null, null, "2022-03-23 12:00:00", 2); 

INSERT INTO Vac_User VALUES ("487C9590ACE70150","Rich","Grant","Foxworth","2004-04-30",2,"richgrant@poochies.com","+39 (988) 410-3312","none"); 
INSERT INTO User_Credentials VALUES ("487C9590ACE70150", "96ec13d5ec40f735763e59fc46eb0a786681284d7adbdc0f2d8e0bd5abdc448"); 
INSERT INTO Vaccination VALUES ("487C9590ACE70150_1", "487C9590ACE70150", "PVGCGR99C27G273N", "janssen", "2021-07-21", 1); 
INSERT INTO Vaccination VALUES ("487C9590ACE70150_2", "487C9590ACE70150", null, null, "2022-03-26 13:00:00", 2); 

INSERT INTO Vac_User VALUES ("BD0F2369EC11CB2C","Sykes","Cole","Marenisco","1980-02-06",1,"sykescole@poochies.com","+39 (811) 529-2862","none"); 
INSERT INTO User_Credentials VALUES ("BD0F2369EC11CB2C", "96ec13d5ec40f735763e59fc46eb0a786681284d7adbdc0f2d8e0bd5abdc448"); 
INSERT INTO Vaccination VALUES ("BD0F2369EC11CB2C_1", "BD0F2369EC11CB2C", "VCRBNC99D27G273N", "pfizer", "2021-07-28", 1); 
INSERT INTO Vaccination VALUES ("BD0F2369EC11CB2C_2", "BD0F2369EC11CB2C", null, null, "2022-03-22 15:00:00", 2); 

INSERT INTO Vac_User VALUES ("74A2A2603E200555","Stevens","Walls","Loma","1957-07-02",1,"stevenswalls@poochies.com","+39 (938) 408-2724","over65"); 
INSERT INTO User_Credentials VALUES ("74A2A2603E200555", "96ec13d5ec40f735763e59fc46eb0a786681284d7adbdc0f2d8e0bd5abdc448"); 
INSERT INTO Vaccination VALUES ("74A2A2603E200555_1", "74A2A2603E200555", "DCRRGG98C27G273N", "moderna", "2021-08-24", 1); 
INSERT INTO Vaccination VALUES ("74A2A2603E200555_2", "74A2A2603E200555", null, null, "2022-03-22 15:00:00", 2); 

INSERT INTO Vac_User VALUES ("C4E6C3C59AC04682","Stuart","Colon","Grayhawk","1994-03-30",3,"stuartcolon@poochies.com","+39 (916) 543-2153","fragile"); 
INSERT INTO User_Credentials VALUES ("C4E6C3C59AC04682", "96ec13d5ec40f735763e59fc46eb0a786681284d7adbdc0f2d8e0bd5abdc448"); 
INSERT INTO Vaccination VALUES ("C4E6C3C59AC04682_1", "C4E6C3C59AC04682", "DCRRGG98C27G273N", "astrazeneca", "2021-08-22", 1); 
INSERT INTO Vaccination VALUES ("C4E6C3C59AC04682_2", "C4E6C3C59AC04682", null, null, "2022-03-11 17:00:00", 2); 

INSERT INTO Vac_User VALUES ("CE5F71E1E88B93DE","Benjamin","Richardson","Omar","1949-03-18",1,"benjaminrichardson@poochies.com","+39 (902) 567-3339","over65"); 
INSERT INTO User_Credentials VALUES ("CE5F71E1E88B93DE", "96ec13d5ec40f735763e59fc46eb0a786681284d7adbdc0f2d8e0bd5abdc448"); 
INSERT INTO Vaccination VALUES ("CE5F71E1E88B93DE_1", "CE5F71E1E88B93DE", "NRIGSP98C27G273N", "pfizer", "2021-03-07", 1); 
INSERT INTO Vaccination VALUES ("CE5F71E1E88B93DE_2", "CE5F71E1E88B93DE", null, null, "2022-03-26 16:00:00", 2); 

INSERT INTO Vac_User VALUES ("CF79E5569691CE78","Estes","Hess","Bartonsville","1946-03-11",3,"esteshess@poochies.com","+39 (896) 567-2066","over65"); 
INSERT INTO User_Credentials VALUES ("CF79E5569691CE78", "96ec13d5ec40f735763e59fc46eb0a786681284d7adbdc0f2d8e0bd5abdc448"); 
INSERT INTO Vaccination VALUES ("CF79E5569691CE78_1", "CF79E5569691CE78", "PVGCGR99C27G273N", "moderna", "2021-08-30", 1); 
INSERT INTO Vaccination VALUES ("CF79E5569691CE78_2", "CF79E5569691CE78", null, null, "2022-03-25 11:00:00", 2); 

INSERT INTO Vac_User VALUES ("7D7941BDBEEF7D86","Cecile","Pearson","Camino","1964-03-03",2,"cecilepearson@poochies.com","+39 (946) 468-2973","none"); 
INSERT INTO User_Credentials VALUES ("7D7941BDBEEF7D86", "96ec13d5ec40f735763e59fc46eb0a786681284d7adbdc0f2d8e0bd5abdc448"); 
INSERT INTO Vaccination VALUES ("7D7941BDBEEF7D86_1", "7D7941BDBEEF7D86", "LPPMRL98C27G273N", "janssen", "2021-01-26", 1); 
INSERT INTO Vaccination VALUES ("7D7941BDBEEF7D86_2", "7D7941BDBEEF7D86", null, null, "2022-03-07 18:00:00", 2); 

INSERT INTO Vac_User VALUES ("DED41F142218B43F","Jenifer","Murray","Felt","1955-09-01",3,"jenifermurray@poochies.com","+39 (862) 428-3713","over65"); 
INSERT INTO User_Credentials VALUES ("DED41F142218B43F", "96ec13d5ec40f735763e59fc46eb0a786681284d7adbdc0f2d8e0bd5abdc448"); 
INSERT INTO Vaccination VALUES ("DED41F142218B43F_1", "DED41F142218B43F", "PVGCGR99C27G273N", "janssen", "2021-04-17", 1); 
INSERT INTO Vaccination VALUES ("DED41F142218B43F_2", "DED41F142218B43F", null, null, "2022-03-14 11:00:00", 2); 

INSERT INTO Vac_User VALUES ("F544A78581750943","June","Evans","Allison","1969-10-02",3,"juneevans@poochies.com","+39 (810) 545-3740","over65"); 
INSERT INTO User_Credentials VALUES ("F544A78581750943", "96ec13d5ec40f735763e59fc46eb0a786681284d7adbdc0f2d8e0bd5abdc448"); 
INSERT INTO Vaccination VALUES ("F544A78581750943_1", "F544A78581750943", "NRIGSP98C27G273N", "janssen", "2021-05-23", 1); 
INSERT INTO Vaccination VALUES ("F544A78581750943_2", "F544A78581750943", null, null, "2022-03-13 09:00:00", 2); 

INSERT INTO Vac_User VALUES ("6BE2BD0BE800CA48","Bryant","Benton","Retsof","1991-06-23",3,"bryantbenton@poochies.com","+39 (895) 511-3260","none"); 
INSERT INTO User_Credentials VALUES ("6BE2BD0BE800CA48", "96ec13d5ec40f735763e59fc46eb0a786681284d7adbdc0f2d8e0bd5abdc448"); 
INSERT INTO Vaccination VALUES ("6BE2BD0BE800CA48_1", "6BE2BD0BE800CA48", "LPPMRL98C27G273N", "moderna", "2021-04-02", 1); 
INSERT INTO Vaccination VALUES ("6BE2BD0BE800CA48_2", "6BE2BD0BE800CA48", null, null, "2022-02-28 16:00:00", 2); 

INSERT INTO Vac_User VALUES ("26F2FF06287F0B47","Myers","Powers","Rowe","1978-01-06",2,"myerspowers@poochies.com","+39 (901) 466-2503","fragile"); 
INSERT INTO User_Credentials VALUES ("26F2FF06287F0B47", "96ec13d5ec40f735763e59fc46eb0a786681284d7adbdc0f2d8e0bd5abdc448"); 
INSERT INTO Vaccination VALUES ("26F2FF06287F0B47_1", "26F2FF06287F0B47", "PVGCGR99C27G273N", "moderna", "2021-07-28", 1); 
INSERT INTO Vaccination VALUES ("26F2FF06287F0B47_2", "26F2FF06287F0B47", null, null, "2022-03-12 11:00:00", 2); 

INSERT INTO Vac_User VALUES ("602FBC886A098F8E","Bridgett","Willis","Bowie","1972-11-21",2,"bridgettwillis@poochies.com","+39 (869) 410-3305","fragile"); 
INSERT INTO User_Credentials VALUES ("602FBC886A098F8E", "96ec13d5ec40f735763e59fc46eb0a786681284d7adbdc0f2d8e0bd5abdc448"); 
INSERT INTO Vaccination VALUES ("602FBC886A098F8E_1", "602FBC886A098F8E", "NRIGSP98C27G273N", "astrazeneca", "2021-08-24", 1); 
INSERT INTO Vaccination VALUES ("602FBC886A098F8E_2", "602FBC886A098F8E", null, null, "2022-02-28 12:00:00", 2); 

INSERT INTO Vac_User VALUES ("1EDAF829A20B13DA","Miranda","Barlow","Bethpage","1969-12-15",2,"mirandabarlow@poochies.com","+39 (930) 538-2614","none"); 
INSERT INTO User_Credentials VALUES ("1EDAF829A20B13DA", "96ec13d5ec40f735763e59fc46eb0a786681284d7adbdc0f2d8e0bd5abdc448"); 
INSERT INTO Vaccination VALUES ("1EDAF829A20B13DA_1", "1EDAF829A20B13DA", "DCRRGG98C27G273N", "astrazeneca", "2021-09-14", 1); 
INSERT INTO Vaccination VALUES ("1EDAF829A20B13DA_2", "1EDAF829A20B13DA", null, null, "2022-02-27 10:00:00", 2); 

INSERT INTO Vac_User VALUES ("A1B3C20D31CE6E33","Vinson","Riggs","Brenton","1956-10-12",1,"vinsonriggs@poochies.com","+39 (881) 526-3411","none"); 
INSERT INTO User_Credentials VALUES ("A1B3C20D31CE6E33", "96ec13d5ec40f735763e59fc46eb0a786681284d7adbdc0f2d8e0bd5abdc448"); 
INSERT INTO Vaccination VALUES ("A1B3C20D31CE6E33_1", "A1B3C20D31CE6E33", "LPPMRL98C27G273N", "astrazeneca", "2021-05-05", 1); 
INSERT INTO Vaccination VALUES ("A1B3C20D31CE6E33_2", "A1B3C20D31CE6E33", null, null, "2022-03-10 09:00:00", 2); 

INSERT INTO Vac_User VALUES ("EA12C9B237B47A2D","Jacqueline","Merrill","Southview","1994-07-04",2,"jacquelinemerrill@poochies.com","+39 (889) 520-2377","over65"); 
INSERT INTO User_Credentials VALUES ("EA12C9B237B47A2D", "96ec13d5ec40f735763e59fc46eb0a786681284d7adbdc0f2d8e0bd5abdc448"); 
INSERT INTO Vaccination VALUES ("EA12C9B237B47A2D_1", "EA12C9B237B47A2D", "NRIGSP98C27G273N", "moderna", "2021-10-27", 1); 
INSERT INTO Vaccination VALUES ("EA12C9B237B47A2D_2", "EA12C9B237B47A2D", null, null, "2022-03-29 15:00:00", 2); 

INSERT INTO Vac_User VALUES ("42EBB4C0110516D3","Danielle","Shaw","Dotsero","1965-09-16",2,"danielleshaw@poochies.com","+39 (870) 523-3815","fragile"); 
INSERT INTO User_Credentials VALUES ("42EBB4C0110516D3", "96ec13d5ec40f735763e59fc46eb0a786681284d7adbdc0f2d8e0bd5abdc448"); 
INSERT INTO Vaccination VALUES ("42EBB4C0110516D3_1", "42EBB4C0110516D3", "VCRBNC99D27G273N", "janssen", "2021-07-05", 1); 
INSERT INTO Vaccination VALUES ("42EBB4C0110516D3_2", "42EBB4C0110516D3", null, null, "2022-03-26 09:00:00", 2); 

INSERT INTO Vac_User VALUES ("5C4B29C3A771CD1C","Yvette","Park","Datil","1944-01-06",2,"yvettepark@poochies.com","+39 (985) 468-3000","fragile"); 
INSERT INTO User_Credentials VALUES ("5C4B29C3A771CD1C", "96ec13d5ec40f735763e59fc46eb0a786681284d7adbdc0f2d8e0bd5abdc448"); 
INSERT INTO Vaccination VALUES ("5C4B29C3A771CD1C_1", "5C4B29C3A771CD1C", "PVGCGR99C27G273N", "astrazeneca", "2021-12-29", 1); 
INSERT INTO Vaccination VALUES ("5C4B29C3A771CD1C_2", "5C4B29C3A771CD1C", null, null, "2022-02-24 16:00:00", 2); 

INSERT INTO Vac_User VALUES ("CC366520AFA7B7F3","Gonzales","Ford","Kieler","1996-08-02",1,"gonzalesford@poochies.com","+39 (876) 490-2323","fragile"); 
INSERT INTO User_Credentials VALUES ("CC366520AFA7B7F3", "96ec13d5ec40f735763e59fc46eb0a786681284d7adbdc0f2d8e0bd5abdc448"); 
INSERT INTO Vaccination VALUES ("CC366520AFA7B7F3_1", "CC366520AFA7B7F3", "PVGCGR99C27G273N", "janssen", "2021-11-23", 1); 
INSERT INTO Vaccination VALUES ("CC366520AFA7B7F3_2", "CC366520AFA7B7F3", null, null, "2022-03-29 09:00:00", 2); 

INSERT INTO Vac_User VALUES ("5AF8D6BC9771FC78","Santos","Lindsay","Frank","1952-05-04",3,"santoslindsay@poochies.com","+39 (960) 535-2389","fragile"); 
INSERT INTO User_Credentials VALUES ("5AF8D6BC9771FC78", "96ec13d5ec40f735763e59fc46eb0a786681284d7adbdc0f2d8e0bd5abdc448"); 
INSERT INTO Vaccination VALUES ("5AF8D6BC9771FC78_1", "5AF8D6BC9771FC78", "PVGCGR99C27G273N", "astrazeneca", "2021-05-12", 1); 
INSERT INTO Vaccination VALUES ("5AF8D6BC9771FC78_2", "5AF8D6BC9771FC78", null, null, "2022-03-15 15:00:00", 2); 

INSERT INTO Vac_User VALUES ("D2E383FF0119D0DF","Solomon","Tucker","Greensburg","1958-03-01",3,"solomontucker@poochies.com","+39 (916) 443-2651","over65"); 
INSERT INTO User_Credentials VALUES ("D2E383FF0119D0DF", "96ec13d5ec40f735763e59fc46eb0a786681284d7adbdc0f2d8e0bd5abdc448"); 
INSERT INTO Vaccination VALUES ("D2E383FF0119D0DF_1", "D2E383FF0119D0DF", "NRIGSP98C27G273N", "janssen", "2021-05-17", 1); 
INSERT INTO Vaccination VALUES ("D2E383FF0119D0DF_2", "D2E383FF0119D0DF", null, null, "2022-03-05 17:00:00", 2); 

INSERT INTO Vac_User VALUES ("9F5B12534A666AF2","Sara","Todd","Ola","1994-11-03",2,"saratodd@poochies.com","+39 (853) 426-2307","fragile"); 
INSERT INTO User_Credentials VALUES ("9F5B12534A666AF2", "96ec13d5ec40f735763e59fc46eb0a786681284d7adbdc0f2d8e0bd5abdc448"); 
INSERT INTO Vaccination VALUES ("9F5B12534A666AF2_1", "9F5B12534A666AF2", "NRIGSP98C27G273N", "moderna", "2021-01-05", 1); 
INSERT INTO Vaccination VALUES ("9F5B12534A666AF2_2", "9F5B12534A666AF2", null, null, "2022-02-27 15:00:00", 2); 

INSERT INTO Vac_User VALUES ("8F2DF662B4609D4F","Claudette","Gaines","Ona","2008-01-09",1,"claudettegaines@poochies.com","+39 (803) 501-3790","over65"); 
INSERT INTO User_Credentials VALUES ("8F2DF662B4609D4F", "96ec13d5ec40f735763e59fc46eb0a786681284d7adbdc0f2d8e0bd5abdc448"); 
INSERT INTO Vaccination VALUES ("8F2DF662B4609D4F_1", "8F2DF662B4609D4F", "LPPMRL98C27G273N", "janssen", "2021-05-06", 1); 
INSERT INTO Vaccination VALUES ("8F2DF662B4609D4F_2", "8F2DF662B4609D4F", null, null, "2022-03-20 18:00:00", 2); 

INSERT INTO Vac_User VALUES ("F418F90130CE60D0","Schultz","Pickett","Westboro","1989-05-17",1,"schultzpickett@poochies.com","+39 (883) 591-2700","none"); 
INSERT INTO User_Credentials VALUES ("F418F90130CE60D0", "96ec13d5ec40f735763e59fc46eb0a786681284d7adbdc0f2d8e0bd5abdc448"); 
INSERT INTO Vaccination VALUES ("F418F90130CE60D0_1", "F418F90130CE60D0", "LPPMRL98C27G273N", "pfizer", "2021-10-25", 1); 
INSERT INTO Vaccination VALUES ("F418F90130CE60D0_2", "F418F90130CE60D0", null, null, "2022-03-14 13:00:00", 2); 

INSERT INTO Vac_User VALUES ("E35034F4D503AE0B","Karyn","Edwards","Springhill","1947-11-29",1,"karynedwards@poochies.com","+39 (924) 482-3119","fragile"); 
INSERT INTO User_Credentials VALUES ("E35034F4D503AE0B", "96ec13d5ec40f735763e59fc46eb0a786681284d7adbdc0f2d8e0bd5abdc448"); 
INSERT INTO Vaccination VALUES ("E35034F4D503AE0B_1", "E35034F4D503AE0B", "PVGCGR99C27G273N", "janssen", "2021-06-23", 1); 
INSERT INTO Vaccination VALUES ("E35034F4D503AE0B_2", "E35034F4D503AE0B", null, null, "2022-02-25 17:00:00", 2); 

INSERT INTO Vac_User VALUES ("32DFDE9A7A19011E","Nicholson","Jensen","Albany","1948-12-03",2,"nicholsonjensen@poochies.com","+39 (844) 543-3532","over65"); 
INSERT INTO User_Credentials VALUES ("32DFDE9A7A19011E", "96ec13d5ec40f735763e59fc46eb0a786681284d7adbdc0f2d8e0bd5abdc448"); 
INSERT INTO Vaccination VALUES ("32DFDE9A7A19011E_1", "32DFDE9A7A19011E", "PVGCGR99C27G273N", "moderna", "2021-07-20", 1); 
INSERT INTO Vaccination VALUES ("32DFDE9A7A19011E_2", "32DFDE9A7A19011E", null, null, "2022-03-29 12:00:00", 2); 

INSERT INTO Vac_User VALUES ("5D904B7981B62472","Karen","Love","Devon","1953-12-18",3,"karenlove@poochies.com","+39 (963) 412-3237","over65"); 
INSERT INTO User_Credentials VALUES ("5D904B7981B62472", "96ec13d5ec40f735763e59fc46eb0a786681284d7adbdc0f2d8e0bd5abdc448"); 
INSERT INTO Vaccination VALUES ("5D904B7981B62472_1", "5D904B7981B62472", "DCRRGG98C27G273N", "pfizer", "2021-02-11", 1); 
INSERT INTO Vaccination VALUES ("5D904B7981B62472_2", "5D904B7981B62472", null, null, "2022-03-27 18:00:00", 2); 

INSERT INTO Vac_User VALUES ("CA36D0328C40132A","Carter","Dillon","Alamo","2000-06-13",3,"carterdillon@poochies.com","+39 (833) 443-3628","over65"); 
INSERT INTO User_Credentials VALUES ("CA36D0328C40132A", "96ec13d5ec40f735763e59fc46eb0a786681284d7adbdc0f2d8e0bd5abdc448"); 
INSERT INTO Vaccination VALUES ("CA36D0328C40132A_1", "CA36D0328C40132A", "PVGCGR99C27G273N", "astrazeneca", "2021-12-26", 1); 
INSERT INTO Vaccination VALUES ("CA36D0328C40132A_2", "CA36D0328C40132A", null, null, "2022-02-23 10:00:00", 2); 

INSERT INTO Vac_User VALUES ("FA241D5565C0A164","Mcleod","Torres","Marshall","1967-04-06",3,"mcleodtorres@poochies.com","+39 (901) 430-2061","none"); 
INSERT INTO User_Credentials VALUES ("FA241D5565C0A164", "96ec13d5ec40f735763e59fc46eb0a786681284d7adbdc0f2d8e0bd5abdc448"); 
INSERT INTO Vaccination VALUES ("FA241D5565C0A164_1", "FA241D5565C0A164", "DCRRGG98C27G273N", "pfizer", "2021-04-17", 1); 
INSERT INTO Vaccination VALUES ("FA241D5565C0A164_2", "FA241D5565C0A164", null, null, "2022-03-28 12:00:00", 2); 

INSERT INTO Vac_User VALUES ("AF2AD6BD1714BDDF","Robert","Banks","Glidden","1965-04-26",3,"robertbanks@poochies.com","+39 (944) 570-2968","fragile"); 
INSERT INTO User_Credentials VALUES ("AF2AD6BD1714BDDF", "96ec13d5ec40f735763e59fc46eb0a786681284d7adbdc0f2d8e0bd5abdc448"); 
INSERT INTO Vaccination VALUES ("AF2AD6BD1714BDDF_1", "AF2AD6BD1714BDDF", "VCRBNC99D27G273N", "janssen", "2021-01-10", 1); 
INSERT INTO Vaccination VALUES ("AF2AD6BD1714BDDF_2", "AF2AD6BD1714BDDF", null, null, "2022-03-16 18:00:00", 2); 

INSERT INTO Vac_User VALUES ("8D2F04302739C3AB","Debora","Oliver","Dexter","1998-11-02",1,"deboraoliver@poochies.com","+39 (833) 474-3820","fragile"); 
INSERT INTO User_Credentials VALUES ("8D2F04302739C3AB", "96ec13d5ec40f735763e59fc46eb0a786681284d7adbdc0f2d8e0bd5abdc448"); 
INSERT INTO Vaccination VALUES ("8D2F04302739C3AB_1", "8D2F04302739C3AB", "NRIGSP98C27G273N", "janssen", "2021-06-07", 1); 
INSERT INTO Vaccination VALUES ("8D2F04302739C3AB_2", "8D2F04302739C3AB", null, null, "2022-02-26 10:00:00", 2); 

INSERT INTO Vac_User VALUES ("A934FFC8F832A32C","Holt","Dejesus","Brady","1942-08-25",1,"holtdejesus@poochies.com","+39 (893) 521-3990","fragile"); 
INSERT INTO User_Credentials VALUES ("A934FFC8F832A32C", "96ec13d5ec40f735763e59fc46eb0a786681284d7adbdc0f2d8e0bd5abdc448"); 
INSERT INTO Vaccination VALUES ("A934FFC8F832A32C_1", "A934FFC8F832A32C", "DCRRGG98C27G273N", "astrazeneca", "2021-10-25", 1); 
INSERT INTO Vaccination VALUES ("A934FFC8F832A32C_2", "A934FFC8F832A32C", null, null, "2022-03-16 15:00:00", 2); 

INSERT INTO Vac_User VALUES ("7AFD266D466B7E4F","Lawanda","Hancock","Valle","1943-10-12",2,"lawandahancock@poochies.com","+39 (912) 579-2286","over65"); 
INSERT INTO User_Credentials VALUES ("7AFD266D466B7E4F", "96ec13d5ec40f735763e59fc46eb0a786681284d7adbdc0f2d8e0bd5abdc448"); 
INSERT INTO Vaccination VALUES ("7AFD266D466B7E4F_1", "7AFD266D466B7E4F", "LPPMRL98C27G273N", "janssen", "2021-04-26", 1); 
INSERT INTO Vaccination VALUES ("7AFD266D466B7E4F_2", "7AFD266D466B7E4F", null, null, "2022-03-02 09:00:00", 2); 

INSERT INTO Vac_User VALUES ("76517D2B17B8E643","Russo","Mcconnell","Blue","1967-06-12",3,"russomcconnell@poochies.com","+39 (896) 582-2390","none"); 
INSERT INTO User_Credentials VALUES ("76517D2B17B8E643", "96ec13d5ec40f735763e59fc46eb0a786681284d7adbdc0f2d8e0bd5abdc448"); 
INSERT INTO Vaccination VALUES ("76517D2B17B8E643_1", "76517D2B17B8E643", "DCRRGG98C27G273N", "pfizer", "2021-10-28", 1); 
INSERT INTO Vaccination VALUES ("76517D2B17B8E643_2", "76517D2B17B8E643", null, null, "2022-03-22 17:00:00", 2); 

INSERT INTO Vac_User VALUES ("A8BFB3F7A915138A","Nguyen","Kirby","Lumberton","1977-09-14",2,"nguyenkirby@poochies.com","+39 (861) 493-2114","over65"); 
INSERT INTO User_Credentials VALUES ("A8BFB3F7A915138A", "96ec13d5ec40f735763e59fc46eb0a786681284d7adbdc0f2d8e0bd5abdc448"); 
INSERT INTO Vaccination VALUES ("A8BFB3F7A915138A_1", "A8BFB3F7A915138A", "LPPMRL98C27G273N", "pfizer", "2021-06-26", 1); 
INSERT INTO Vaccination VALUES ("A8BFB3F7A915138A_2", "A8BFB3F7A915138A", null, null, "2022-03-18 12:00:00", 2); 

INSERT INTO Vac_User VALUES ("68346471C1B6DCFE","Rasmussen","Brock","Chumuckla","1940-09-10",3,"rasmussenbrock@poochies.com","+39 (824) 510-2567","fragile"); 
INSERT INTO User_Credentials VALUES ("68346471C1B6DCFE", "96ec13d5ec40f735763e59fc46eb0a786681284d7adbdc0f2d8e0bd5abdc448"); 
INSERT INTO Vaccination VALUES ("68346471C1B6DCFE_1", "68346471C1B6DCFE", "DCRRGG98C27G273N", "moderna", "2021-09-04", 1); 
INSERT INTO Vaccination VALUES ("68346471C1B6DCFE_2", "68346471C1B6DCFE", null, null, "2022-03-18 15:00:00", 2); 

INSERT INTO Vac_User VALUES ("4AB8BD1332A91E30","Leanne","Mcgee","Fingerville","1976-08-11",3,"leannemcgee@poochies.com","+39 (882) 598-3784","over65"); 
INSERT INTO User_Credentials VALUES ("4AB8BD1332A91E30", "96ec13d5ec40f735763e59fc46eb0a786681284d7adbdc0f2d8e0bd5abdc448"); 
INSERT INTO Vaccination VALUES ("4AB8BD1332A91E30_1", "4AB8BD1332A91E30", "PVGCGR99C27G273N", "pfizer", "2021-06-10", 1); 
INSERT INTO Vaccination VALUES ("4AB8BD1332A91E30_2", "4AB8BD1332A91E30", null, null, "2022-03-18 18:00:00", 2); 

INSERT INTO Vac_User VALUES ("8F1BC6761C94C0F7","Savage","Wilkins","Hilltop","2004-01-28",2,"savagewilkins@poochies.com","+39 (919) 506-2199","fragile"); 
INSERT INTO User_Credentials VALUES ("8F1BC6761C94C0F7", "96ec13d5ec40f735763e59fc46eb0a786681284d7adbdc0f2d8e0bd5abdc448"); 
INSERT INTO Vaccination VALUES ("8F1BC6761C94C0F7_1", "8F1BC6761C94C0F7", "NRIGSP98C27G273N", "moderna", "2021-05-08", 1); 
INSERT INTO Vaccination VALUES ("8F1BC6761C94C0F7_2", "8F1BC6761C94C0F7", null, null, "2022-03-10 13:00:00", 2); 

INSERT INTO Vac_User VALUES ("B2974C72AB996069","Lynda","Holcomb","Kula","1952-07-26",3,"lyndaholcomb@poochies.com","+39 (955) 429-3682","fragile"); 
INSERT INTO User_Credentials VALUES ("B2974C72AB996069", "96ec13d5ec40f735763e59fc46eb0a786681284d7adbdc0f2d8e0bd5abdc448"); 
INSERT INTO Vaccination VALUES ("B2974C72AB996069_1", "B2974C72AB996069", "PVGCGR99C27G273N", "janssen", "2021-12-21", 1); 
INSERT INTO Vaccination VALUES ("B2974C72AB996069_2", "B2974C72AB996069", null, null, "2022-03-03 14:00:00", 2); 

INSERT INTO Vac_User VALUES ("D93C6D09536142B5","Simpson","Oneil","Wescosville","1987-04-19",1,"simpsononeil@poochies.com","+39 (842) 426-3235","over65"); 
INSERT INTO User_Credentials VALUES ("D93C6D09536142B5", "96ec13d5ec40f735763e59fc46eb0a786681284d7adbdc0f2d8e0bd5abdc448"); 
INSERT INTO Vaccination VALUES ("D93C6D09536142B5_1", "D93C6D09536142B5", "LPPMRL98C27G273N", "pfizer", "2021-01-20", 1); 
INSERT INTO Vaccination VALUES ("D93C6D09536142B5_2", "D93C6D09536142B5", null, null, "2022-03-10 18:00:00", 2); 

INSERT INTO Vac_User VALUES ("5D10C6F57EE255A2","Myrna","Wiley","Deputy","1964-09-08",3,"myrnawiley@poochies.com","+39 (895) 519-3552","fragile"); 
INSERT INTO User_Credentials VALUES ("5D10C6F57EE255A2", "96ec13d5ec40f735763e59fc46eb0a786681284d7adbdc0f2d8e0bd5abdc448"); 
INSERT INTO Vaccination VALUES ("5D10C6F57EE255A2_1", "5D10C6F57EE255A2", "VCRBNC99D27G273N", "janssen", "2021-04-06", 1); 
INSERT INTO Vaccination VALUES ("5D10C6F57EE255A2_2", "5D10C6F57EE255A2", null, null, "2022-03-20 11:00:00", 2); 

INSERT INTO Vac_User VALUES ("50FD60370569236A","Vivian","Carter","Dubois","1990-10-15",3,"viviancarter@poochies.com","+39 (864) 576-2078","none"); 
INSERT INTO User_Credentials VALUES ("50FD60370569236A", "96ec13d5ec40f735763e59fc46eb0a786681284d7adbdc0f2d8e0bd5abdc448"); 
INSERT INTO Vaccination VALUES ("50FD60370569236A_1", "50FD60370569236A", "LPPMRL98C27G273N", "pfizer", "2021-11-13", 1); 
INSERT INTO Vaccination VALUES ("50FD60370569236A_2", "50FD60370569236A", null, null, "2022-02-26 12:00:00", 2); 

INSERT INTO Vac_User VALUES ("37AB6244EA65BEC4","Fisher","Floyd","Eureka","1956-06-24",2,"fisherfloyd@poochies.com","+39 (977) 594-2269","fragile"); 
INSERT INTO User_Credentials VALUES ("37AB6244EA65BEC4", "96ec13d5ec40f735763e59fc46eb0a786681284d7adbdc0f2d8e0bd5abdc448"); 
INSERT INTO Vaccination VALUES ("37AB6244EA65BEC4_1", "37AB6244EA65BEC4", "DCRRGG98C27G273N", "astrazeneca", "2021-05-31", 1); 
INSERT INTO Vaccination VALUES ("37AB6244EA65BEC4_2", "37AB6244EA65BEC4", null, null, "2022-02-23 14:00:00", 2); 

INSERT INTO Vac_User VALUES ("6EB712B51FAE3626","Etta","Cline","Waterford","1988-07-18",2,"ettacline@poochies.com","+39 (822) 542-3390","over65"); 
INSERT INTO User_Credentials VALUES ("6EB712B51FAE3626", "96ec13d5ec40f735763e59fc46eb0a786681284d7adbdc0f2d8e0bd5abdc448"); 
INSERT INTO Vaccination VALUES ("6EB712B51FAE3626_1", "6EB712B51FAE3626", "PVGCGR99C27G273N", "pfizer", "2021-02-08", 1); 
INSERT INTO Vaccination VALUES ("6EB712B51FAE3626_2", "6EB712B51FAE3626", null, null, "2022-03-24 10:00:00", 2); 

INSERT INTO Vac_User VALUES ("2D0A17602CB754C7","Fitzgerald","Estrada","Chamberino","1985-10-13",2,"fitzgeraldestrada@poochies.com","+39 (975) 472-3583","none"); 
INSERT INTO User_Credentials VALUES ("2D0A17602CB754C7", "96ec13d5ec40f735763e59fc46eb0a786681284d7adbdc0f2d8e0bd5abdc448"); 
INSERT INTO Vaccination VALUES ("2D0A17602CB754C7_1", "2D0A17602CB754C7", "NRIGSP98C27G273N", "moderna", "2021-08-08", 1); 
INSERT INTO Vaccination VALUES ("2D0A17602CB754C7_2", "2D0A17602CB754C7", null, null, "2022-03-03 17:00:00", 2); 

INSERT INTO Vac_User VALUES ("3D8EDEF2AF93D79E","Lucas","Stephenson","Wintersburg","1948-02-05",2,"lucasstephenson@poochies.com","+39 (965) 422-3435","none"); 
INSERT INTO User_Credentials VALUES ("3D8EDEF2AF93D79E", "96ec13d5ec40f735763e59fc46eb0a786681284d7adbdc0f2d8e0bd5abdc448"); 
INSERT INTO Vaccination VALUES ("3D8EDEF2AF93D79E_1", "3D8EDEF2AF93D79E", "PVGCGR99C27G273N", "pfizer", "2021-01-20", 1); 
INSERT INTO Vaccination VALUES ("3D8EDEF2AF93D79E_2", "3D8EDEF2AF93D79E", null, null, "2022-03-19 12:00:00", 2); 

INSERT INTO Vac_User VALUES ("61ABB7381E94F0C7","Mills","Richards","Caberfae","1977-04-29",3,"millsrichards@poochies.com","+39 (921) 533-3128","none"); 
INSERT INTO User_Credentials VALUES ("61ABB7381E94F0C7", "96ec13d5ec40f735763e59fc46eb0a786681284d7adbdc0f2d8e0bd5abdc448"); 
INSERT INTO Vaccination VALUES ("61ABB7381E94F0C7_1", "61ABB7381E94F0C7", "VCRBNC99D27G273N", "moderna", "2021-06-09", 1); 
INSERT INTO Vaccination VALUES ("61ABB7381E94F0C7_2", "61ABB7381E94F0C7", null, null, "2022-03-03 17:00:00", 2); 

INSERT INTO Vac_User VALUES ("14331AA2D4679196","Crystal","Moreno","Hanover","2002-07-26",3,"crystalmoreno@poochies.com","+39 (971) 464-2688","none"); 
INSERT INTO User_Credentials VALUES ("14331AA2D4679196", "96ec13d5ec40f735763e59fc46eb0a786681284d7adbdc0f2d8e0bd5abdc448"); 
INSERT INTO Vaccination VALUES ("14331AA2D4679196_1", "14331AA2D4679196", "PVGCGR99C27G273N", "pfizer", "2021-07-24", 1); 
INSERT INTO Vaccination VALUES ("14331AA2D4679196_2", "14331AA2D4679196", null, null, "2022-02-22 09:00:00", 2); 

INSERT INTO Vac_User VALUES ("8FDA3B5568D4C5A8","Lee","Lane","Trail","1982-08-27",2,"leelane@poochies.com","+39 (956) 431-3662","over65"); 
INSERT INTO User_Credentials VALUES ("8FDA3B5568D4C5A8", "96ec13d5ec40f735763e59fc46eb0a786681284d7adbdc0f2d8e0bd5abdc448"); 
INSERT INTO Vaccination VALUES ("8FDA3B5568D4C5A8_1", "8FDA3B5568D4C5A8", "LPPMRL98C27G273N", "moderna", "2021-02-10", 1); 
INSERT INTO Vaccination VALUES ("8FDA3B5568D4C5A8_2", "8FDA3B5568D4C5A8", null, null, "2022-03-03 09:00:00", 2); 

INSERT INTO Vac_User VALUES ("E398AF0EA9F72800","Georgette","Guerra","Takilma","1981-03-14",3,"georgetteguerra@poochies.com","+39 (843) 598-3813","fragile"); 
INSERT INTO User_Credentials VALUES ("E398AF0EA9F72800", "96ec13d5ec40f735763e59fc46eb0a786681284d7adbdc0f2d8e0bd5abdc448"); 
INSERT INTO Vaccination VALUES ("E398AF0EA9F72800_1", "E398AF0EA9F72800", "LPPMRL98C27G273N", "janssen", "2021-05-31", 1); 
INSERT INTO Vaccination VALUES ("E398AF0EA9F72800_2", "E398AF0EA9F72800", null, null, "2022-03-14 17:00:00", 2); 

INSERT INTO Vac_User VALUES ("0BC78B487D4D5F93","Toni","Dean","Greenbackville","1973-03-15",1,"tonidean@poochies.com","+39 (948) 565-3071","over65"); 
INSERT INTO User_Credentials VALUES ("0BC78B487D4D5F93", "96ec13d5ec40f735763e59fc46eb0a786681284d7adbdc0f2d8e0bd5abdc448"); 
INSERT INTO Vaccination VALUES ("0BC78B487D4D5F93_1", "0BC78B487D4D5F93", "DCRRGG98C27G273N", "astrazeneca", "2021-04-05", 1); 
INSERT INTO Vaccination VALUES ("0BC78B487D4D5F93_2", "0BC78B487D4D5F93", null, null, "2022-03-06 14:00:00", 2); 

INSERT INTO Vac_User VALUES ("9FCA94C8A28F0EB6","Elnora","Morrow","Bennett","1980-10-09",1,"elnoramorrow@poochies.com","+39 (941) 448-2178","over65"); 
INSERT INTO User_Credentials VALUES ("9FCA94C8A28F0EB6", "96ec13d5ec40f735763e59fc46eb0a786681284d7adbdc0f2d8e0bd5abdc448"); 
INSERT INTO Vaccination VALUES ("9FCA94C8A28F0EB6_1", "9FCA94C8A28F0EB6", "VCRBNC99D27G273N", "astrazeneca", "2021-05-17", 1); 
INSERT INTO Vaccination VALUES ("9FCA94C8A28F0EB6_2", "9FCA94C8A28F0EB6", null, null, "2022-03-03 11:00:00", 2); 

INSERT INTO Vac_User VALUES ("3859B828C47DA4BE","York","Eaton","Lookingglass","1975-08-23",1,"yorkeaton@poochies.com","+39 (972) 526-3095","none"); 
INSERT INTO User_Credentials VALUES ("3859B828C47DA4BE", "96ec13d5ec40f735763e59fc46eb0a786681284d7adbdc0f2d8e0bd5abdc448"); 
INSERT INTO Vaccination VALUES ("3859B828C47DA4BE_1", "3859B828C47DA4BE", "VCRBNC99D27G273N", "astrazeneca", "2021-01-02", 1); 
INSERT INTO Vaccination VALUES ("3859B828C47DA4BE_2", "3859B828C47DA4BE", null, null, "2022-02-24 11:00:00", 2); 

INSERT INTO Vac_User VALUES ("5DEF4EB9DAE141DF","Boyd","Jacobson","Walker","1967-07-23",2,"boydjacobson@poochies.com","+39 (941) 513-3101","none"); 
INSERT INTO User_Credentials VALUES ("5DEF4EB9DAE141DF", "96ec13d5ec40f735763e59fc46eb0a786681284d7adbdc0f2d8e0bd5abdc448"); 
INSERT INTO Vaccination VALUES ("5DEF4EB9DAE141DF_1", "5DEF4EB9DAE141DF", "VCRBNC99D27G273N", "pfizer", "2021-08-28", 1); 
INSERT INTO Vaccination VALUES ("5DEF4EB9DAE141DF_2", "5DEF4EB9DAE141DF", null, null, "2022-02-27 17:00:00", 2); 

INSERT INTO Vac_User VALUES ("A644C7AF895D1BFB","Arline","Franklin","Levant","1965-08-02",3,"arlinefranklin@poochies.com","+39 (834) 576-2018","none"); 
INSERT INTO User_Credentials VALUES ("A644C7AF895D1BFB", "96ec13d5ec40f735763e59fc46eb0a786681284d7adbdc0f2d8e0bd5abdc448"); 
INSERT INTO Vaccination VALUES ("A644C7AF895D1BFB_1", "A644C7AF895D1BFB", "PVGCGR99C27G273N", "astrazeneca", "2021-12-09", 1); 
INSERT INTO Vaccination VALUES ("A644C7AF895D1BFB_2", "A644C7AF895D1BFB", null, null, "2022-03-24 10:00:00", 2); 

INSERT INTO Vac_User VALUES ("9136AB2E0493BB5E","Joann","Lyons","Boonville","1995-02-12",3,"joannlyons@poochies.com","+39 (866) 584-2475","fragile"); 
INSERT INTO User_Credentials VALUES ("9136AB2E0493BB5E", "96ec13d5ec40f735763e59fc46eb0a786681284d7adbdc0f2d8e0bd5abdc448"); 
INSERT INTO Vaccination VALUES ("9136AB2E0493BB5E_1", "9136AB2E0493BB5E", "NRIGSP98C27G273N", "moderna", "2021-10-03", 1); 
INSERT INTO Vaccination VALUES ("9136AB2E0493BB5E_2", "9136AB2E0493BB5E", null, null, "2022-03-13 13:00:00", 2); 

INSERT INTO Vac_User VALUES ("8F21079B21797621","Leila","Guthrie","Garnet","1997-04-26",1,"leilaguthrie@poochies.com","+39 (951) 590-3288","fragile"); 
INSERT INTO User_Credentials VALUES ("8F21079B21797621", "96ec13d5ec40f735763e59fc46eb0a786681284d7adbdc0f2d8e0bd5abdc448"); 
INSERT INTO Vaccination VALUES ("8F21079B21797621_1", "8F21079B21797621", "VCRBNC99D27G273N", "astrazeneca", "2021-08-08", 1); 
INSERT INTO Vaccination VALUES ("8F21079B21797621_2", "8F21079B21797621", null, null, "2022-02-27 17:00:00", 2); 

INSERT INTO Vac_User VALUES ("E23B931554E5222D","Regina","Turner","Fairforest","1963-03-29",3,"reginaturner@poochies.com","+39 (916) 530-2248","none"); 
INSERT INTO User_Credentials VALUES ("E23B931554E5222D", "96ec13d5ec40f735763e59fc46eb0a786681284d7adbdc0f2d8e0bd5abdc448"); 
INSERT INTO Vaccination VALUES ("E23B931554E5222D_1", "E23B931554E5222D", "LPPMRL98C27G273N", "moderna", "2021-06-28", 1); 
INSERT INTO Vaccination VALUES ("E23B931554E5222D_2", "E23B931554E5222D", null, null, "2022-02-26 12:00:00", 2); 

INSERT INTO Vac_User VALUES ("9D9A14CEC66942DA","Sawyer","Fox","Colton","1966-01-01",1,"sawyerfox@poochies.com","+39 (805) 595-3393","over65"); 
INSERT INTO User_Credentials VALUES ("9D9A14CEC66942DA", "96ec13d5ec40f735763e59fc46eb0a786681284d7adbdc0f2d8e0bd5abdc448"); 
INSERT INTO Vaccination VALUES ("9D9A14CEC66942DA_1", "9D9A14CEC66942DA", "VCRBNC99D27G273N", "moderna", "2021-12-22", 1); 
INSERT INTO Vaccination VALUES ("9D9A14CEC66942DA_2", "9D9A14CEC66942DA", null, null, "2022-03-22 10:00:00", 2); 

INSERT INTO Vac_User VALUES ("52D0B462DD500FA0","Park","Barrera","Dixie","1997-10-09",1,"parkbarrera@poochies.com","+39 (883) 419-3330","fragile"); 
INSERT INTO User_Credentials VALUES ("52D0B462DD500FA0", "96ec13d5ec40f735763e59fc46eb0a786681284d7adbdc0f2d8e0bd5abdc448"); 
INSERT INTO Vaccination VALUES ("52D0B462DD500FA0_1", "52D0B462DD500FA0", "NRIGSP98C27G273N", "moderna", "2021-06-20", 1); 
INSERT INTO Vaccination VALUES ("52D0B462DD500FA0_2", "52D0B462DD500FA0", null, null, "2022-03-27 11:00:00", 2); 

INSERT INTO Vac_User VALUES ("691CBE71A2E1C27A","Bailey","Sweeney","Brookfield","1973-10-30",2,"baileysweeney@poochies.com","+39 (876) 414-2671","fragile"); 
INSERT INTO User_Credentials VALUES ("691CBE71A2E1C27A", "96ec13d5ec40f735763e59fc46eb0a786681284d7adbdc0f2d8e0bd5abdc448"); 
INSERT INTO Vaccination VALUES ("691CBE71A2E1C27A_1", "691CBE71A2E1C27A", "PVGCGR99C27G273N", "astrazeneca", "2021-02-25", 1); 
INSERT INTO Vaccination VALUES ("691CBE71A2E1C27A_2", "691CBE71A2E1C27A", null, null, "2022-03-23 09:00:00", 2); 

INSERT INTO Vac_User VALUES ("A6532E15BE670E3E","Frankie","Kline","Kapowsin","1941-03-04",3,"frankiekline@poochies.com","+39 (995) 530-2471","fragile"); 
INSERT INTO User_Credentials VALUES ("A6532E15BE670E3E", "96ec13d5ec40f735763e59fc46eb0a786681284d7adbdc0f2d8e0bd5abdc448"); 
INSERT INTO Vaccination VALUES ("A6532E15BE670E3E_1", "A6532E15BE670E3E", "NRIGSP98C27G273N", "astrazeneca", "2021-09-24", 1); 
INSERT INTO Vaccination VALUES ("A6532E15BE670E3E_2", "A6532E15BE670E3E", null, null, "2022-03-28 15:00:00", 2); 

INSERT INTO Vac_User VALUES ("1B10DD539F3E4A54","Stacie","Rosario","Summerset","1999-07-31",2,"stacierosario@poochies.com","+39 (968) 410-3917","over65"); 
INSERT INTO User_Credentials VALUES ("1B10DD539F3E4A54", "96ec13d5ec40f735763e59fc46eb0a786681284d7adbdc0f2d8e0bd5abdc448"); 
INSERT INTO Vaccination VALUES ("1B10DD539F3E4A54_1", "1B10DD539F3E4A54", "LPPMRL98C27G273N", "janssen", "2021-01-26", 1); 
INSERT INTO Vaccination VALUES ("1B10DD539F3E4A54_2", "1B10DD539F3E4A54", null, null, "2022-03-16 17:00:00", 2); 

INSERT INTO Vac_User VALUES ("D91D9782C849F1D9","Mandy","Bailey","Bordelonville","1963-04-19",2,"mandybailey@poochies.com","+39 (832) 446-3302","none"); 
INSERT INTO User_Credentials VALUES ("D91D9782C849F1D9", "96ec13d5ec40f735763e59fc46eb0a786681284d7adbdc0f2d8e0bd5abdc448"); 
INSERT INTO Vaccination VALUES ("D91D9782C849F1D9_1", "D91D9782C849F1D9", "PVGCGR99C27G273N", "astrazeneca", "2021-09-28", 1); 
INSERT INTO Vaccination VALUES ("D91D9782C849F1D9_2", "D91D9782C849F1D9", null, null, "2022-02-26 18:00:00", 2); 

INSERT INTO Vac_User VALUES ("EECD4F4286AC2DE8","Charles","Patel","Needmore","1996-07-27",2,"charlespatel@poochies.com","+39 (910) 508-3102","fragile"); 
INSERT INTO User_Credentials VALUES ("EECD4F4286AC2DE8", "96ec13d5ec40f735763e59fc46eb0a786681284d7adbdc0f2d8e0bd5abdc448"); 
INSERT INTO Vaccination VALUES ("EECD4F4286AC2DE8_1", "EECD4F4286AC2DE8", "PVGCGR99C27G273N", "astrazeneca", "2021-05-24", 1); 
INSERT INTO Vaccination VALUES ("EECD4F4286AC2DE8_2", "EECD4F4286AC2DE8", null, null, "2022-03-06 11:00:00", 2); 

INSERT INTO Vac_User VALUES ("D212A6D4E263DA18","Kathryn","Strickland","Dragoon","2004-01-22",2,"kathrynstrickland@poochies.com","+39 (806) 574-3658","none"); 
INSERT INTO User_Credentials VALUES ("D212A6D4E263DA18", "96ec13d5ec40f735763e59fc46eb0a786681284d7adbdc0f2d8e0bd5abdc448"); 
INSERT INTO Vaccination VALUES ("D212A6D4E263DA18_1", "D212A6D4E263DA18", "PVGCGR99C27G273N", "pfizer", "2021-03-08", 1); 
INSERT INTO Vaccination VALUES ("D212A6D4E263DA18_2", "D212A6D4E263DA18", null, null, "2022-03-16 15:00:00", 2); 

INSERT INTO Vac_User VALUES ("90A6A008EA55EB14","Cassie","Jones","Gasquet","1957-11-08",1,"cassiejones@poochies.com","+39 (812) 497-2358","fragile"); 
INSERT INTO User_Credentials VALUES ("90A6A008EA55EB14", "96ec13d5ec40f735763e59fc46eb0a786681284d7adbdc0f2d8e0bd5abdc448"); 
INSERT INTO Vaccination VALUES ("90A6A008EA55EB14_1", "90A6A008EA55EB14", "LPPMRL98C27G273N", "moderna", "2021-09-22", 1); 
INSERT INTO Vaccination VALUES ("90A6A008EA55EB14_2", "90A6A008EA55EB14", null, null, "2022-02-24 18:00:00", 2); 

INSERT INTO Vac_User VALUES ("06051A41E582015A","Cannon","Blankenship","Kersey","1975-12-23",3,"cannonblankenship@poochies.com","+39 (807) 589-3325","over65"); 
INSERT INTO User_Credentials VALUES ("06051A41E582015A", "96ec13d5ec40f735763e59fc46eb0a786681284d7adbdc0f2d8e0bd5abdc448"); 
INSERT INTO Vaccination VALUES ("06051A41E582015A_1", "06051A41E582015A", "NRIGSP98C27G273N", "janssen", "2021-05-06", 1); 
INSERT INTO Vaccination VALUES ("06051A41E582015A_2", "06051A41E582015A", null, null, "2022-03-25 15:00:00", 2); 

INSERT INTO Vac_User VALUES ("2A3B38109312A093","Butler","Logan","Cecilia","1987-04-28",1,"butlerlogan@poochies.com","+39 (852) 541-2462","fragile"); 
INSERT INTO User_Credentials VALUES ("2A3B38109312A093", "96ec13d5ec40f735763e59fc46eb0a786681284d7adbdc0f2d8e0bd5abdc448"); 
INSERT INTO Vaccination VALUES ("2A3B38109312A093_1", "2A3B38109312A093", "NRIGSP98C27G273N", "moderna", "2021-04-15", 1); 
INSERT INTO Vaccination VALUES ("2A3B38109312A093_2", "2A3B38109312A093", null, null, "2022-03-18 16:00:00", 2); 

INSERT INTO Vac_User VALUES ("2DDF08738DE1E636","Cleo","Gilmore","Benson","1971-10-04",1,"cleogilmore@poochies.com","+39 (986) 544-3489","none"); 
INSERT INTO User_Credentials VALUES ("2DDF08738DE1E636", "96ec13d5ec40f735763e59fc46eb0a786681284d7adbdc0f2d8e0bd5abdc448"); 
INSERT INTO Vaccination VALUES ("2DDF08738DE1E636_1", "2DDF08738DE1E636", "LPPMRL98C27G273N", "astrazeneca", "2021-08-08", 1); 
INSERT INTO Vaccination VALUES ("2DDF08738DE1E636_2", "2DDF08738DE1E636", null, null, "2022-03-12 18:00:00", 2); 

INSERT INTO Vac_User VALUES ("707599DA5D97DA98","Tia","Miles","Matthews","1991-05-04",3,"tiamiles@poochies.com","+39 (861) 512-3490","fragile"); 
INSERT INTO User_Credentials VALUES ("707599DA5D97DA98", "96ec13d5ec40f735763e59fc46eb0a786681284d7adbdc0f2d8e0bd5abdc448"); 
INSERT INTO Vaccination VALUES ("707599DA5D97DA98_1", "707599DA5D97DA98", "PVGCGR99C27G273N", "moderna", "2021-02-24", 1); 
INSERT INTO Vaccination VALUES ("707599DA5D97DA98_2", "707599DA5D97DA98", null, null, "2022-03-12 09:00:00", 2); 

INSERT INTO Vac_User VALUES ("8DFB22DF6EFDB037","Katheryn","Glenn","Fairhaven","1965-07-13",1,"katherynglenn@poochies.com","+39 (987) 487-2029","none"); 
INSERT INTO User_Credentials VALUES ("8DFB22DF6EFDB037", "96ec13d5ec40f735763e59fc46eb0a786681284d7adbdc0f2d8e0bd5abdc448"); 
INSERT INTO Vaccination VALUES ("8DFB22DF6EFDB037_1", "8DFB22DF6EFDB037", "VCRBNC99D27G273N", "janssen", "2021-06-16", 1); 
INSERT INTO Vaccination VALUES ("8DFB22DF6EFDB037_2", "8DFB22DF6EFDB037", null, null, "2022-03-06 14:00:00", 2); 

INSERT INTO Vac_User VALUES ("9BC249E9C5454452","Oconnor","Porter","Turpin","1952-09-18",3,"oconnorporter@poochies.com","+39 (856) 488-2641","fragile"); 
INSERT INTO User_Credentials VALUES ("9BC249E9C5454452", "96ec13d5ec40f735763e59fc46eb0a786681284d7adbdc0f2d8e0bd5abdc448"); 
INSERT INTO Vaccination VALUES ("9BC249E9C5454452_1", "9BC249E9C5454452", "VCRBNC99D27G273N", "moderna", "2021-12-09", 1); 
INSERT INTO Vaccination VALUES ("9BC249E9C5454452_2", "9BC249E9C5454452", null, null, "2022-02-22 12:00:00", 2); 

INSERT INTO Vac_User VALUES ("24B24F00A050E358","Holman","Powell","Lewis","1980-01-26",3,"holmanpowell@poochies.com","+39 (987) 529-2433","fragile"); 
INSERT INTO User_Credentials VALUES ("24B24F00A050E358", "96ec13d5ec40f735763e59fc46eb0a786681284d7adbdc0f2d8e0bd5abdc448"); 
INSERT INTO Vaccination VALUES ("24B24F00A050E358_1", "24B24F00A050E358", "LPPMRL98C27G273N", "janssen", "2021-03-03", 1); 
INSERT INTO Vaccination VALUES ("24B24F00A050E358_2", "24B24F00A050E358", null, null, "2022-03-05 09:00:00", 2); 

INSERT INTO Vac_User VALUES ("9A4A443802D850AA","Aurora","Parker","Dana","1979-12-22",2,"auroraparker@poochies.com","+39 (878) 495-2307","fragile"); 
INSERT INTO User_Credentials VALUES ("9A4A443802D850AA", "96ec13d5ec40f735763e59fc46eb0a786681284d7adbdc0f2d8e0bd5abdc448"); 
INSERT INTO Vaccination VALUES ("9A4A443802D850AA_1", "9A4A443802D850AA", "LPPMRL98C27G273N", "astrazeneca", "2021-10-05", 1); 
INSERT INTO Vaccination VALUES ("9A4A443802D850AA_2", "9A4A443802D850AA", null, null, "2022-03-21 15:00:00", 2); 

INSERT INTO Vac_User VALUES ("067B4612FBBD3F42","Knight","Ayers","Tampico","1961-02-09",2,"knightayers@poochies.com","+39 (909) 561-3502","fragile"); 
INSERT INTO User_Credentials VALUES ("067B4612FBBD3F42", "96ec13d5ec40f735763e59fc46eb0a786681284d7adbdc0f2d8e0bd5abdc448"); 
INSERT INTO Vaccination VALUES ("067B4612FBBD3F42_1", "067B4612FBBD3F42", "LPPMRL98C27G273N", "moderna", "2021-05-26", 1); 
INSERT INTO Vaccination VALUES ("067B4612FBBD3F42_2", "067B4612FBBD3F42", null, null, "2022-02-22 15:00:00", 2); 

INSERT INTO Vac_User VALUES ("99C7F4CE0B66F484","Patricia","Beach","Cannondale","1951-03-10",3,"patriciabeach@poochies.com","+39 (895) 448-3312","none"); 
INSERT INTO User_Credentials VALUES ("99C7F4CE0B66F484", "96ec13d5ec40f735763e59fc46eb0a786681284d7adbdc0f2d8e0bd5abdc448"); 
INSERT INTO Vaccination VALUES ("99C7F4CE0B66F484_1", "99C7F4CE0B66F484", "DCRRGG98C27G273N", "janssen", "2021-07-16", 1); 
INSERT INTO Vaccination VALUES ("99C7F4CE0B66F484_2", "99C7F4CE0B66F484", null, null, "2022-03-04 11:00:00", 2); 

INSERT INTO Vac_User VALUES ("A555306026B9654F","Lucia","Tanner","Hemlock","1953-09-26",1,"luciatanner@poochies.com","+39 (980) 438-2019","over65"); 
INSERT INTO User_Credentials VALUES ("A555306026B9654F", "96ec13d5ec40f735763e59fc46eb0a786681284d7adbdc0f2d8e0bd5abdc448"); 
INSERT INTO Vaccination VALUES ("A555306026B9654F_1", "A555306026B9654F", "PVGCGR99C27G273N", "janssen", "2021-03-24", 1); 
INSERT INTO Vaccination VALUES ("A555306026B9654F_2", "A555306026B9654F", null, null, "2022-03-27 14:00:00", 2); 

INSERT INTO Vac_User VALUES ("95D909F20C245291","Susie","Curry","Ogema","1978-12-27",3,"susiecurry@poochies.com","+39 (975) 549-2679","fragile"); 
INSERT INTO User_Credentials VALUES ("95D909F20C245291", "96ec13d5ec40f735763e59fc46eb0a786681284d7adbdc0f2d8e0bd5abdc448"); 
INSERT INTO Vaccination VALUES ("95D909F20C245291_1", "95D909F20C245291", "VCRBNC99D27G273N", "janssen", "2021-04-08", 1); 
INSERT INTO Vaccination VALUES ("95D909F20C245291_2", "95D909F20C245291", null, null, "2022-03-15 14:00:00", 2); 

INSERT INTO Vac_User VALUES ("710C1D50BDDC3C9F","Acosta","Bartlett","Hall","2005-04-18",2,"acostabartlett@poochies.com","+39 (847) 447-2302","over65"); 
INSERT INTO User_Credentials VALUES ("710C1D50BDDC3C9F", "96ec13d5ec40f735763e59fc46eb0a786681284d7adbdc0f2d8e0bd5abdc448"); 
INSERT INTO Vaccination VALUES ("710C1D50BDDC3C9F_1", "710C1D50BDDC3C9F", "LPPMRL98C27G273N", "pfizer", "2021-02-11", 1); 
INSERT INTO Vaccination VALUES ("710C1D50BDDC3C9F_2", "710C1D50BDDC3C9F", null, null, "2022-03-27 18:00:00", 2); 

INSERT INTO Vac_User VALUES ("5FDCDB5D48CC4812","Tami","Boyd","Carlton","1955-10-23",1,"tamiboyd@poochies.com","+39 (950) 598-2291","fragile"); 
INSERT INTO User_Credentials VALUES ("5FDCDB5D48CC4812", "96ec13d5ec40f735763e59fc46eb0a786681284d7adbdc0f2d8e0bd5abdc448"); 
INSERT INTO Vaccination VALUES ("5FDCDB5D48CC4812_1", "5FDCDB5D48CC4812", "VCRBNC99D27G273N", "astrazeneca", "2021-02-04", 1); 
INSERT INTO Vaccination VALUES ("5FDCDB5D48CC4812_2", "5FDCDB5D48CC4812", null, null, "2022-03-28 09:00:00", 2); 

INSERT INTO Vac_User VALUES ("85E341FE7A4BF972","Silvia","Fuller","Gordon","1971-04-28",3,"silviafuller@poochies.com","+39 (927) 458-3466","fragile"); 
INSERT INTO User_Credentials VALUES ("85E341FE7A4BF972", "96ec13d5ec40f735763e59fc46eb0a786681284d7adbdc0f2d8e0bd5abdc448"); 
INSERT INTO Vaccination VALUES ("85E341FE7A4BF972_1", "85E341FE7A4BF972", "DCRRGG98C27G273N", "janssen", "2021-05-11", 1); 
INSERT INTO Vaccination VALUES ("85E341FE7A4BF972_2", "85E341FE7A4BF972", null, null, "2022-03-09 15:00:00", 2); 

INSERT INTO Vac_User VALUES ("BD29F976EEDB9211","Colleen","Hogan","Jugtown","1943-10-21",1,"colleenhogan@poochies.com","+39 (832) 426-2406","over65"); 
INSERT INTO User_Credentials VALUES ("BD29F976EEDB9211", "96ec13d5ec40f735763e59fc46eb0a786681284d7adbdc0f2d8e0bd5abdc448"); 
INSERT INTO Vaccination VALUES ("BD29F976EEDB9211_1", "BD29F976EEDB9211", "NRIGSP98C27G273N", "moderna", "2021-10-26", 1); 
INSERT INTO Vaccination VALUES ("BD29F976EEDB9211_2", "BD29F976EEDB9211", null, null, "2022-03-09 09:00:00", 2); 

INSERT INTO Vac_User VALUES ("A5E458EE76D1A6DD","Chase","Robinson","Walton","1988-08-22",2,"chaserobinson@poochies.com","+39 (864) 464-2010","over65"); 
INSERT INTO User_Credentials VALUES ("A5E458EE76D1A6DD", "96ec13d5ec40f735763e59fc46eb0a786681284d7adbdc0f2d8e0bd5abdc448"); 
INSERT INTO Vaccination VALUES ("A5E458EE76D1A6DD_1", "A5E458EE76D1A6DD", "PVGCGR99C27G273N", "moderna", "2021-03-30", 1); 
INSERT INTO Vaccination VALUES ("A5E458EE76D1A6DD_2", "A5E458EE76D1A6DD", null, null, "2022-03-12 15:00:00", 2); 

INSERT INTO Vac_User VALUES ("DB5D12D9D613E43E","Armstrong","Valenzuela","Yogaville","1959-04-15",3,"armstrongvalenzuela@poochies.com","+39 (823) 480-2048","none"); 
INSERT INTO User_Credentials VALUES ("DB5D12D9D613E43E", "96ec13d5ec40f735763e59fc46eb0a786681284d7adbdc0f2d8e0bd5abdc448"); 
INSERT INTO Vaccination VALUES ("DB5D12D9D613E43E_1", "DB5D12D9D613E43E", "VCRBNC99D27G273N", "pfizer", "2021-11-11", 1); 
INSERT INTO Vaccination VALUES ("DB5D12D9D613E43E_2", "DB5D12D9D613E43E", null, null, "2022-03-08 11:00:00", 2); 

INSERT INTO Vac_User VALUES ("82148283A1947515","Saundra","Burks","Wattsville","1994-06-15",1,"saundraburks@poochies.com","+39 (880) 573-2617","fragile"); 
INSERT INTO User_Credentials VALUES ("82148283A1947515", "96ec13d5ec40f735763e59fc46eb0a786681284d7adbdc0f2d8e0bd5abdc448"); 
INSERT INTO Vaccination VALUES ("82148283A1947515_1", "82148283A1947515", "PVGCGR99C27G273N", "janssen", "2021-10-03", 1); 
INSERT INTO Vaccination VALUES ("82148283A1947515_2", "82148283A1947515", null, null, "2022-02-23 18:00:00", 2); 

INSERT INTO Vac_User VALUES ("22E38FC669294DC4","Ginger","Burris","Saranap","1969-08-25",1,"gingerburris@poochies.com","+39 (912) 589-2986","over65"); 
INSERT INTO User_Credentials VALUES ("22E38FC669294DC4", "96ec13d5ec40f735763e59fc46eb0a786681284d7adbdc0f2d8e0bd5abdc448"); 
INSERT INTO Vaccination VALUES ("22E38FC669294DC4_1", "22E38FC669294DC4", "VCRBNC99D27G273N", "moderna", "2021-06-21", 1); 
INSERT INTO Vaccination VALUES ("22E38FC669294DC4_2", "22E38FC669294DC4", null, null, "2022-03-13 16:00:00", 2); 

INSERT INTO Vac_User VALUES ("4EB08059B04D1E1B","Lela","Joseph","Hailesboro","1978-09-06",2,"lelajoseph@poochies.com","+39 (984) 599-2700","none"); 
INSERT INTO User_Credentials VALUES ("4EB08059B04D1E1B", "96ec13d5ec40f735763e59fc46eb0a786681284d7adbdc0f2d8e0bd5abdc448"); 
INSERT INTO Vaccination VALUES ("4EB08059B04D1E1B_1", "4EB08059B04D1E1B", "VCRBNC99D27G273N", "astrazeneca", "2021-10-14", 1); 
INSERT INTO Vaccination VALUES ("4EB08059B04D1E1B_2", "4EB08059B04D1E1B", null, null, "2022-03-29 10:00:00", 2); 

INSERT INTO Vac_User VALUES ("861253DA45D82DEB","Concepcion","Clark","Heil","1968-11-28",1,"concepcionclark@poochies.com","+39 (834) 453-3972","none"); 
INSERT INTO User_Credentials VALUES ("861253DA45D82DEB", "96ec13d5ec40f735763e59fc46eb0a786681284d7adbdc0f2d8e0bd5abdc448"); 
INSERT INTO Vaccination VALUES ("861253DA45D82DEB_1", "861253DA45D82DEB", "VCRBNC99D27G273N", "moderna", "2021-06-05", 1); 
INSERT INTO Vaccination VALUES ("861253DA45D82DEB_2", "861253DA45D82DEB", null, null, "2022-03-23 12:00:00", 2); 

INSERT INTO Vac_User VALUES ("3452C12728E0BFF4","Carr","Meyers","Graniteville","2008-08-21",1,"carrmeyers@poochies.com","+39 (800) 491-3851","none"); 
INSERT INTO User_Credentials VALUES ("3452C12728E0BFF4", "96ec13d5ec40f735763e59fc46eb0a786681284d7adbdc0f2d8e0bd5abdc448"); 
INSERT INTO Vaccination VALUES ("3452C12728E0BFF4_1", "3452C12728E0BFF4", "VCRBNC99D27G273N", "pfizer", "2021-12-28", 1); 
INSERT INTO Vaccination VALUES ("3452C12728E0BFF4_2", "3452C12728E0BFF4", null, null, "2022-02-27 12:00:00", 2); 

INSERT INTO Vac_User VALUES ("260CB7BCC620114B","Luella","Michael","Duryea","1952-01-27",1,"luellamichael@poochies.com","+39 (954) 409-2738","none"); 
INSERT INTO User_Credentials VALUES ("260CB7BCC620114B", "96ec13d5ec40f735763e59fc46eb0a786681284d7adbdc0f2d8e0bd5abdc448"); 
INSERT INTO Vaccination VALUES ("260CB7BCC620114B_1", "260CB7BCC620114B", "LPPMRL98C27G273N", "pfizer", "2021-11-18", 1); 
INSERT INTO Vaccination VALUES ("260CB7BCC620114B_2", "260CB7BCC620114B", null, null, "2022-03-25 09:00:00", 2); 

INSERT INTO Vac_User VALUES ("CB2E1D74AD4E7362","Catalina","David","Edgewater","1941-02-20",2,"catalinadavid@poochies.com","+39 (827) 496-3712","over65"); 
INSERT INTO User_Credentials VALUES ("CB2E1D74AD4E7362", "96ec13d5ec40f735763e59fc46eb0a786681284d7adbdc0f2d8e0bd5abdc448"); 
INSERT INTO Vaccination VALUES ("CB2E1D74AD4E7362_1", "CB2E1D74AD4E7362", "VCRBNC99D27G273N", "astrazeneca", "2021-11-24", 1); 
INSERT INTO Vaccination VALUES ("CB2E1D74AD4E7362_2", "CB2E1D74AD4E7362", null, null, "2022-02-25 13:00:00", 2); 

INSERT INTO Vac_User VALUES ("7FF5FC9F4C32653A","Calderon","Bird","Dowling","1983-04-06",3,"calderonbird@poochies.com","+39 (850) 487-3849","fragile"); 
INSERT INTO User_Credentials VALUES ("7FF5FC9F4C32653A", "96ec13d5ec40f735763e59fc46eb0a786681284d7adbdc0f2d8e0bd5abdc448"); 
INSERT INTO Vaccination VALUES ("7FF5FC9F4C32653A_1", "7FF5FC9F4C32653A", "VCRBNC99D27G273N", "janssen", "2021-08-03", 1); 
INSERT INTO Vaccination VALUES ("7FF5FC9F4C32653A_2", "7FF5FC9F4C32653A", null, null, "2022-03-21 09:00:00", 2); 

INSERT INTO Vac_User VALUES ("9856D557171F7E6B","Maddox","Rios","Saddlebrooke","1943-10-19",2,"maddoxrios@poochies.com","+39 (812) 537-3441","fragile"); 
INSERT INTO User_Credentials VALUES ("9856D557171F7E6B", "96ec13d5ec40f735763e59fc46eb0a786681284d7adbdc0f2d8e0bd5abdc448"); 
INSERT INTO Vaccination VALUES ("9856D557171F7E6B_1", "9856D557171F7E6B", "PVGCGR99C27G273N", "moderna", "2021-09-19", 1); 
INSERT INTO Vaccination VALUES ("9856D557171F7E6B_2", "9856D557171F7E6B", null, null, "2022-03-09 18:00:00", 2); 

INSERT INTO Vac_User VALUES ("A046FBAB9A2878AB","Angel","Horton","Taycheedah","1992-06-28",3,"angelhorton@poochies.com","+39 (829) 400-3904","over65"); 
INSERT INTO User_Credentials VALUES ("A046FBAB9A2878AB", "96ec13d5ec40f735763e59fc46eb0a786681284d7adbdc0f2d8e0bd5abdc448"); 
INSERT INTO Vaccination VALUES ("A046FBAB9A2878AB_1", "A046FBAB9A2878AB", "VCRBNC99D27G273N", "astrazeneca", "2021-04-16", 1); 
INSERT INTO Vaccination VALUES ("A046FBAB9A2878AB_2", "A046FBAB9A2878AB", null, null, "2022-03-21 11:00:00", 2); 

INSERT INTO Vac_User VALUES ("4FA9509E96A5BF51","Trisha","Williams","Bayview","1967-03-23",1,"trishawilliams@poochies.com","+39 (809) 491-2467","none"); 
INSERT INTO User_Credentials VALUES ("4FA9509E96A5BF51", "96ec13d5ec40f735763e59fc46eb0a786681284d7adbdc0f2d8e0bd5abdc448"); 
INSERT INTO Vaccination VALUES ("4FA9509E96A5BF51_1", "4FA9509E96A5BF51", "LPPMRL98C27G273N", "janssen", "2021-02-15", 1); 
INSERT INTO Vaccination VALUES ("4FA9509E96A5BF51_2", "4FA9509E96A5BF51", null, null, "2022-03-28 14:00:00", 2); 

INSERT INTO Vac_User VALUES ("2B14658B781910B6","Lester","Stanley","Warsaw","1975-09-24",1,"lesterstanley@poochies.com","+39 (960) 417-2960","none"); 
INSERT INTO User_Credentials VALUES ("2B14658B781910B6", "96ec13d5ec40f735763e59fc46eb0a786681284d7adbdc0f2d8e0bd5abdc448"); 
INSERT INTO Vaccination VALUES ("2B14658B781910B6_1", "2B14658B781910B6", "NRIGSP98C27G273N", "moderna", "2021-12-05", 1); 
INSERT INTO Vaccination VALUES ("2B14658B781910B6_2", "2B14658B781910B6", null, null, "2022-03-04 10:00:00", 2); 

INSERT INTO Vac_User VALUES ("617E1CE0C7D1EF24","Gay","Sanford","Dundee","1972-01-11",1,"gaysanford@poochies.com","+39 (812) 539-2468","none"); 
INSERT INTO User_Credentials VALUES ("617E1CE0C7D1EF24", "96ec13d5ec40f735763e59fc46eb0a786681284d7adbdc0f2d8e0bd5abdc448"); 
INSERT INTO Vaccination VALUES ("617E1CE0C7D1EF24_1", "617E1CE0C7D1EF24", "NRIGSP98C27G273N", "pfizer", "2021-01-06", 1); 
INSERT INTO Vaccination VALUES ("617E1CE0C7D1EF24_2", "617E1CE0C7D1EF24", null, null, "2022-03-29 12:00:00", 2); 

INSERT INTO Vac_User VALUES ("95A41C54158DE59A","Duffy","Sargent","Edmund","1998-07-19",2,"duffysargent@poochies.com","+39 (816) 524-3379","fragile"); 
INSERT INTO User_Credentials VALUES ("95A41C54158DE59A", "96ec13d5ec40f735763e59fc46eb0a786681284d7adbdc0f2d8e0bd5abdc448"); 
INSERT INTO Vaccination VALUES ("95A41C54158DE59A_1", "95A41C54158DE59A", "PVGCGR99C27G273N", "janssen", "2021-04-30", 1); 
INSERT INTO Vaccination VALUES ("95A41C54158DE59A_2", "95A41C54158DE59A", null, null, "2022-03-13 09:00:00", 2); 

INSERT INTO Vac_User VALUES ("4D0319BBAC67B700","Brittany","Manning","Roy","1951-01-07",1,"brittanymanning@poochies.com","+39 (802) 451-2643","over65"); 
INSERT INTO User_Credentials VALUES ("4D0319BBAC67B700", "96ec13d5ec40f735763e59fc46eb0a786681284d7adbdc0f2d8e0bd5abdc448"); 
INSERT INTO Vaccination VALUES ("4D0319BBAC67B700_1", "4D0319BBAC67B700", "PVGCGR99C27G273N", "moderna", "2021-08-26", 1); 
INSERT INTO Vaccination VALUES ("4D0319BBAC67B700_2", "4D0319BBAC67B700", null, null, "2022-03-26 13:00:00", 2); 

INSERT INTO Vac_User VALUES ("B727107AC85C2715","Jimenez","Luna","Yardville","1993-07-31",1,"jimenezluna@poochies.com","+39 (888) 448-3551","none"); 
INSERT INTO User_Credentials VALUES ("B727107AC85C2715", "96ec13d5ec40f735763e59fc46eb0a786681284d7adbdc0f2d8e0bd5abdc448"); 
INSERT INTO Vaccination VALUES ("B727107AC85C2715_1", "B727107AC85C2715", "PVGCGR99C27G273N", "astrazeneca", "2021-06-14", 1); 
INSERT INTO Vaccination VALUES ("B727107AC85C2715_2", "B727107AC85C2715", null, null, "2022-03-27 09:00:00", 2); 

INSERT INTO Vac_User VALUES ("B137E3343CF8315B","Jasmine","Lewis","Bowmansville","1973-04-06",3,"jasminelewis@poochies.com","+39 (850) 569-3629","fragile"); 
INSERT INTO User_Credentials VALUES ("B137E3343CF8315B", "96ec13d5ec40f735763e59fc46eb0a786681284d7adbdc0f2d8e0bd5abdc448"); 
INSERT INTO Vaccination VALUES ("B137E3343CF8315B_1", "B137E3343CF8315B", "PVGCGR99C27G273N", "astrazeneca", "2021-05-24", 1); 
INSERT INTO Vaccination VALUES ("B137E3343CF8315B_2", "B137E3343CF8315B", null, null, "2022-03-08 10:00:00", 2); 

INSERT INTO Vac_User VALUES ("933B756DDA2F1A70","Marks","Hooper","Soudan","1970-09-05",3,"markshooper@poochies.com","+39 (980) 517-3673","none"); 
INSERT INTO User_Credentials VALUES ("933B756DDA2F1A70", "96ec13d5ec40f735763e59fc46eb0a786681284d7adbdc0f2d8e0bd5abdc448"); 
INSERT INTO Vaccination VALUES ("933B756DDA2F1A70_1", "933B756DDA2F1A70", "PVGCGR99C27G273N", "pfizer", "2021-02-22", 1); 
INSERT INTO Vaccination VALUES ("933B756DDA2F1A70_2", "933B756DDA2F1A70", null, null, "2022-03-27 11:00:00", 2); 

INSERT INTO Vac_User VALUES ("E414DC809B1EF9F2","Chen","Kelley","Masthope","1981-05-08",3,"chenkelley@poochies.com","+39 (971) 451-2187","none"); 
INSERT INTO User_Credentials VALUES ("E414DC809B1EF9F2", "96ec13d5ec40f735763e59fc46eb0a786681284d7adbdc0f2d8e0bd5abdc448"); 
INSERT INTO Vaccination VALUES ("E414DC809B1EF9F2_1", "E414DC809B1EF9F2", "VCRBNC99D27G273N", "pfizer", "2021-03-08", 1); 
INSERT INTO Vaccination VALUES ("E414DC809B1EF9F2_2", "E414DC809B1EF9F2", null, null, "2022-03-01 14:00:00", 2); 

INSERT INTO Vac_User VALUES ("ACFA6D0D48CD1346","Sallie","Branch","Fidelis","1971-05-28",2,"salliebranch@poochies.com","+39 (915) 599-3090","over65"); 
INSERT INTO User_Credentials VALUES ("ACFA6D0D48CD1346", "96ec13d5ec40f735763e59fc46eb0a786681284d7adbdc0f2d8e0bd5abdc448"); 
INSERT INTO Vaccination VALUES ("ACFA6D0D48CD1346_1", "ACFA6D0D48CD1346", "NRIGSP98C27G273N", "astrazeneca", "2021-03-14", 1); 
INSERT INTO Vaccination VALUES ("ACFA6D0D48CD1346_2", "ACFA6D0D48CD1346", null, null, "2022-03-01 13:00:00", 2); 

INSERT INTO Vac_User VALUES ("70C4D69C3BB024B5","Tabatha","Richmond","Freetown","1941-02-10",2,"tabatharichmond@poochies.com","+39 (929) 448-2775","fragile"); 
INSERT INTO User_Credentials VALUES ("70C4D69C3BB024B5", "96ec13d5ec40f735763e59fc46eb0a786681284d7adbdc0f2d8e0bd5abdc448"); 
INSERT INTO Vaccination VALUES ("70C4D69C3BB024B5_1", "70C4D69C3BB024B5", "DCRRGG98C27G273N", "pfizer", "2021-07-01", 1); 
INSERT INTO Vaccination VALUES ("70C4D69C3BB024B5_2", "70C4D69C3BB024B5", null, null, "2022-03-09 17:00:00", 2); 

INSERT INTO Vac_User VALUES ("4A6895C8CEB399D1","King","Simon","Marysville","1951-08-20",3,"kingsimon@poochies.com","+39 (980) 503-2328","over65"); 
INSERT INTO User_Credentials VALUES ("4A6895C8CEB399D1", "96ec13d5ec40f735763e59fc46eb0a786681284d7adbdc0f2d8e0bd5abdc448"); 
INSERT INTO Vaccination VALUES ("4A6895C8CEB399D1_1", "4A6895C8CEB399D1", "VCRBNC99D27G273N", "astrazeneca", "2021-04-30", 1); 
INSERT INTO Vaccination VALUES ("4A6895C8CEB399D1_2", "4A6895C8CEB399D1", null, null, "2022-03-10 11:00:00", 2); 

INSERT INTO Vac_User VALUES ("C6A0B0EC7B95A631","Vonda","Heath","Siglerville","1942-12-30",2,"vondaheath@poochies.com","+39 (961) 522-3512","none"); 
INSERT INTO User_Credentials VALUES ("C6A0B0EC7B95A631", "96ec13d5ec40f735763e59fc46eb0a786681284d7adbdc0f2d8e0bd5abdc448"); 
INSERT INTO Vaccination VALUES ("C6A0B0EC7B95A631_1", "C6A0B0EC7B95A631", "NRIGSP98C27G273N", "astrazeneca", "2021-11-11", 1); 
INSERT INTO Vaccination VALUES ("C6A0B0EC7B95A631_2", "C6A0B0EC7B95A631", null, null, "2022-03-06 18:00:00", 2); 

INSERT INTO Vac_User VALUES ("C19B9D5836AB56C0","Ingrid","Raymond","Bannock","1961-04-25",2,"ingridraymond@poochies.com","+39 (946) 567-3888","fragile"); 
INSERT INTO User_Credentials VALUES ("C19B9D5836AB56C0", "96ec13d5ec40f735763e59fc46eb0a786681284d7adbdc0f2d8e0bd5abdc448"); 
INSERT INTO Vaccination VALUES ("C19B9D5836AB56C0_1", "C19B9D5836AB56C0", "VCRBNC99D27G273N", "moderna", "2021-03-10", 1); 
INSERT INTO Vaccination VALUES ("C19B9D5836AB56C0_2", "C19B9D5836AB56C0", null, null, "2022-02-28 13:00:00", 2); 

INSERT INTO Vac_User VALUES ("D5D52FD8D9D95403","Maritza","Hampton","Jeff","1960-05-03",2,"maritzahampton@poochies.com","+39 (989) 544-3424","fragile"); 
INSERT INTO User_Credentials VALUES ("D5D52FD8D9D95403", "96ec13d5ec40f735763e59fc46eb0a786681284d7adbdc0f2d8e0bd5abdc448"); 
INSERT INTO Vaccination VALUES ("D5D52FD8D9D95403_1", "D5D52FD8D9D95403", "VCRBNC99D27G273N", "astrazeneca", "2021-11-01", 1); 
INSERT INTO Vaccination VALUES ("D5D52FD8D9D95403_2", "D5D52FD8D9D95403", null, null, "2022-03-05 12:00:00", 2); 

INSERT INTO Vac_User VALUES ("01915D7F38E9A516","Madeleine","Landry","Bluffview","1956-12-08",1,"madeleinelandry@poochies.com","+39 (973) 538-3331","over65"); 
INSERT INTO User_Credentials VALUES ("01915D7F38E9A516", "96ec13d5ec40f735763e59fc46eb0a786681284d7adbdc0f2d8e0bd5abdc448"); 
INSERT INTO Vaccination VALUES ("01915D7F38E9A516_1", "01915D7F38E9A516", "LPPMRL98C27G273N", "pfizer", "2021-01-12", 1); 
INSERT INTO Vaccination VALUES ("01915D7F38E9A516_2", "01915D7F38E9A516", null, null, "2022-03-18 09:00:00", 2); 

INSERT INTO Vac_User VALUES ("07C9496E7950E41B","Suzette","Webster","Verdi","2006-10-06",2,"suzettewebster@poochies.com","+39 (940) 467-3474","fragile"); 
INSERT INTO User_Credentials VALUES ("07C9496E7950E41B", "96ec13d5ec40f735763e59fc46eb0a786681284d7adbdc0f2d8e0bd5abdc448"); 
INSERT INTO Vaccination VALUES ("07C9496E7950E41B_1", "07C9496E7950E41B", "DCRRGG98C27G273N", "moderna", "2021-10-23", 1); 
INSERT INTO Vaccination VALUES ("07C9496E7950E41B_2", "07C9496E7950E41B", null, null, "2022-03-18 13:00:00", 2); 

INSERT INTO Vac_User VALUES ("5CF38D9A056886A3","Selena","Goodwin","Nelson","1961-10-27",1,"selenagoodwin@poochies.com","+39 (962) 484-3374","none"); 
INSERT INTO User_Credentials VALUES ("5CF38D9A056886A3", "96ec13d5ec40f735763e59fc46eb0a786681284d7adbdc0f2d8e0bd5abdc448"); 
INSERT INTO Vaccination VALUES ("5CF38D9A056886A3_1", "5CF38D9A056886A3", "DCRRGG98C27G273N", "pfizer", "2021-09-18", 1); 
INSERT INTO Vaccination VALUES ("5CF38D9A056886A3_2", "5CF38D9A056886A3", null, null, "2022-03-15 09:00:00", 2); 

INSERT INTO Vac_User VALUES ("0B26424B8DC20A1C","Bowman","Burns","Tonopah","1960-08-09",2,"bowmanburns@poochies.com","+39 (804) 479-3229","none"); 
INSERT INTO User_Credentials VALUES ("0B26424B8DC20A1C", "96ec13d5ec40f735763e59fc46eb0a786681284d7adbdc0f2d8e0bd5abdc448"); 
INSERT INTO Vaccination VALUES ("0B26424B8DC20A1C_1", "0B26424B8DC20A1C", "LPPMRL98C27G273N", "janssen", "2021-06-14", 1); 
INSERT INTO Vaccination VALUES ("0B26424B8DC20A1C_2", "0B26424B8DC20A1C", null, null, "2022-03-11 14:00:00", 2); 

INSERT INTO Vac_User VALUES ("F791E55540277882","Betsy","May","Idamay","2003-04-19",2,"betsymay@poochies.com","+39 (842) 531-2378","fragile"); 
INSERT INTO User_Credentials VALUES ("F791E55540277882", "96ec13d5ec40f735763e59fc46eb0a786681284d7adbdc0f2d8e0bd5abdc448"); 
INSERT INTO Vaccination VALUES ("F791E55540277882_1", "F791E55540277882", "LPPMRL98C27G273N", "janssen", "2021-01-26", 1); 
INSERT INTO Vaccination VALUES ("F791E55540277882_2", "F791E55540277882", null, null, "2022-03-24 10:00:00", 2); 

INSERT INTO Vac_User VALUES ("BBC48814125FD5A8","Estelle","Fernandez","Norris","1952-05-01",1,"estellefernandez@poochies.com","+39 (977) 572-3299","none"); 
INSERT INTO User_Credentials VALUES ("BBC48814125FD5A8", "96ec13d5ec40f735763e59fc46eb0a786681284d7adbdc0f2d8e0bd5abdc448"); 
INSERT INTO Vaccination VALUES ("BBC48814125FD5A8_1", "BBC48814125FD5A8", "NRIGSP98C27G273N", "astrazeneca", "2021-12-20", 1); 
INSERT INTO Vaccination VALUES ("BBC48814125FD5A8_2", "BBC48814125FD5A8", null, null, "2022-03-05 17:00:00", 2); 

INSERT INTO Vac_User VALUES ("938479440DCAE592","Lindsay","Gomez","Bethany","1966-03-09",3,"lindsaygomez@poochies.com","+39 (831) 402-3371","none"); 
INSERT INTO User_Credentials VALUES ("938479440DCAE592", "96ec13d5ec40f735763e59fc46eb0a786681284d7adbdc0f2d8e0bd5abdc448"); 
INSERT INTO Vaccination VALUES ("938479440DCAE592_1", "938479440DCAE592", "VCRBNC99D27G273N", "astrazeneca", "2021-10-26", 1); 
INSERT INTO Vaccination VALUES ("938479440DCAE592_2", "938479440DCAE592", null, null, "2022-03-08 11:00:00", 2); 

INSERT INTO Vac_User VALUES ("AACF8B105FF6B4E3","Eddie","Boone","Gardners","2009-06-26",3,"eddieboone@poochies.com","+39 (943) 551-3658","over65"); 
INSERT INTO User_Credentials VALUES ("AACF8B105FF6B4E3", "96ec13d5ec40f735763e59fc46eb0a786681284d7adbdc0f2d8e0bd5abdc448"); 
INSERT INTO Vaccination VALUES ("AACF8B105FF6B4E3_1", "AACF8B105FF6B4E3", "DCRRGG98C27G273N", "astrazeneca", "2021-08-08", 1); 
INSERT INTO Vaccination VALUES ("AACF8B105FF6B4E3_2", "AACF8B105FF6B4E3", null, null, "2022-02-26 11:00:00", 2); 

INSERT INTO Vac_User VALUES ("69D6AC31B16D3970","Fuentes","Odom","Bath","1994-01-18",2,"fuentesodom@poochies.com","+39 (980) 488-3068","over65"); 
INSERT INTO User_Credentials VALUES ("69D6AC31B16D3970", "96ec13d5ec40f735763e59fc46eb0a786681284d7adbdc0f2d8e0bd5abdc448"); 
INSERT INTO Vaccination VALUES ("69D6AC31B16D3970_1", "69D6AC31B16D3970", "LPPMRL98C27G273N", "janssen", "2021-10-01", 1); 
INSERT INTO Vaccination VALUES ("69D6AC31B16D3970_2", "69D6AC31B16D3970", null, null, "2022-03-11 14:00:00", 2); 

INSERT INTO Vac_User VALUES ("BBDCB8B26D9CEC54","Jackson","Charles","Winfred","1977-06-23",1,"jacksoncharles@poochies.com","+39 (830) 583-3795","over65"); 
INSERT INTO User_Credentials VALUES ("BBDCB8B26D9CEC54", "96ec13d5ec40f735763e59fc46eb0a786681284d7adbdc0f2d8e0bd5abdc448"); 
INSERT INTO Vaccination VALUES ("BBDCB8B26D9CEC54_1", "BBDCB8B26D9CEC54", "DCRRGG98C27G273N", "janssen", "2021-05-16", 1); 
INSERT INTO Vaccination VALUES ("BBDCB8B26D9CEC54_2", "BBDCB8B26D9CEC54", null, null, "2022-03-12 15:00:00", 2); 

INSERT INTO Vac_User VALUES ("A6EEDA1E3ACF1BD1","Schmidt","Cohen","Wyoming","1953-08-17",3,"schmidtcohen@poochies.com","+39 (882) 460-2676","over65"); 
INSERT INTO User_Credentials VALUES ("A6EEDA1E3ACF1BD1", "96ec13d5ec40f735763e59fc46eb0a786681284d7adbdc0f2d8e0bd5abdc448"); 
INSERT INTO Vaccination VALUES ("A6EEDA1E3ACF1BD1_1", "A6EEDA1E3ACF1BD1", "VCRBNC99D27G273N", "astrazeneca", "2021-08-14", 1); 
INSERT INTO Vaccination VALUES ("A6EEDA1E3ACF1BD1_2", "A6EEDA1E3ACF1BD1", null, null, "2022-03-03 12:00:00", 2); 

INSERT INTO Vac_User VALUES ("E468C3F32F68EF35","Gwendolyn","Pennington","Urbana","1946-12-15",3,"gwendolynpennington@poochies.com","+39 (857) 549-3587","over65"); 
INSERT INTO User_Credentials VALUES ("E468C3F32F68EF35", "96ec13d5ec40f735763e59fc46eb0a786681284d7adbdc0f2d8e0bd5abdc448"); 
INSERT INTO Vaccination VALUES ("E468C3F32F68EF35_1", "E468C3F32F68EF35", "PVGCGR99C27G273N", "pfizer", "2021-09-05", 1); 
INSERT INTO Vaccination VALUES ("E468C3F32F68EF35_2", "E468C3F32F68EF35", null, null, "2022-03-22 15:00:00", 2); 

INSERT INTO Vac_User VALUES ("D1E72510D3DE4A7C","Bernice","Graham","Rivereno","1965-10-25",3,"bernicegraham@poochies.com","+39 (845) 591-2866","over65"); 
INSERT INTO User_Credentials VALUES ("D1E72510D3DE4A7C", "96ec13d5ec40f735763e59fc46eb0a786681284d7adbdc0f2d8e0bd5abdc448"); 
INSERT INTO Vaccination VALUES ("D1E72510D3DE4A7C_1", "D1E72510D3DE4A7C", "DCRRGG98C27G273N", "astrazeneca", "2021-09-07", 1); 
INSERT INTO Vaccination VALUES ("D1E72510D3DE4A7C_2", "D1E72510D3DE4A7C", null, null, "2022-03-14 15:00:00", 2); 

INSERT INTO Vac_User VALUES ("59E7674B799E3E3C","Darla","Marshall","Cressey","1997-05-15",3,"darlamarshall@poochies.com","+39 (947) 462-2117","fragile"); 
INSERT INTO User_Credentials VALUES ("59E7674B799E3E3C", "96ec13d5ec40f735763e59fc46eb0a786681284d7adbdc0f2d8e0bd5abdc448"); 
INSERT INTO Vaccination VALUES ("59E7674B799E3E3C_1", "59E7674B799E3E3C", "PVGCGR99C27G273N", "janssen", "2021-10-28", 1); 
INSERT INTO Vaccination VALUES ("59E7674B799E3E3C_2", "59E7674B799E3E3C", null, null, "2022-03-18 16:00:00", 2); 

INSERT INTO Vac_User VALUES ("CB90C64F48E1C80A","Ronda","Orr","Shasta","1991-11-10",3,"rondaorr@poochies.com","+39 (873) 484-3580","over65"); 
INSERT INTO User_Credentials VALUES ("CB90C64F48E1C80A", "96ec13d5ec40f735763e59fc46eb0a786681284d7adbdc0f2d8e0bd5abdc448"); 
INSERT INTO Vaccination VALUES ("CB90C64F48E1C80A_1", "CB90C64F48E1C80A", "NRIGSP98C27G273N", "janssen", "2021-06-02", 1); 
INSERT INTO Vaccination VALUES ("CB90C64F48E1C80A_2", "CB90C64F48E1C80A", null, null, "2022-03-17 12:00:00", 2); 

INSERT INTO Vac_User VALUES ("986A82B88FB1C591","Freeman","Perry","Freeburn","1966-10-20",1,"freemanperry@poochies.com","+39 (861) 483-2106","over65"); 
INSERT INTO User_Credentials VALUES ("986A82B88FB1C591", "96ec13d5ec40f735763e59fc46eb0a786681284d7adbdc0f2d8e0bd5abdc448"); 
INSERT INTO Vaccination VALUES ("986A82B88FB1C591_1", "986A82B88FB1C591", "DCRRGG98C27G273N", "janssen", "2021-09-18", 1); 
INSERT INTO Vaccination VALUES ("986A82B88FB1C591_2", "986A82B88FB1C591", null, null, "2022-03-04 09:00:00", 2); 

INSERT INTO Vac_User VALUES ("AF923E92F6F2EF8C","Estella","Baldwin","Freelandville","1971-07-20",1,"estellabaldwin@poochies.com","+39 (815) 424-2221","over65"); 
INSERT INTO User_Credentials VALUES ("AF923E92F6F2EF8C", "96ec13d5ec40f735763e59fc46eb0a786681284d7adbdc0f2d8e0bd5abdc448"); 
INSERT INTO Vaccination VALUES ("AF923E92F6F2EF8C_1", "AF923E92F6F2EF8C", "VCRBNC99D27G273N", "janssen", "2021-09-23", 1); 
INSERT INTO Vaccination VALUES ("AF923E92F6F2EF8C_2", "AF923E92F6F2EF8C", null, null, "2022-02-24 17:00:00", 2); 

INSERT INTO Vac_User VALUES ("7F9A0FD5529791DC","Rebekah","Santos","Ladera","1989-02-20",3,"rebekahsantos@poochies.com","+39 (848) 482-3822","none"); 
INSERT INTO User_Credentials VALUES ("7F9A0FD5529791DC", "96ec13d5ec40f735763e59fc46eb0a786681284d7adbdc0f2d8e0bd5abdc448"); 
INSERT INTO Vaccination VALUES ("7F9A0FD5529791DC_1", "7F9A0FD5529791DC", "NRIGSP98C27G273N", "moderna", "2021-12-17", 1); 
INSERT INTO Vaccination VALUES ("7F9A0FD5529791DC_2", "7F9A0FD5529791DC", null, null, "2022-03-18 11:00:00", 2); 

INSERT INTO Vac_User VALUES ("DF6A3EAA894A093B","Wilson","Conway","Maybell","1968-12-16",3,"wilsonconway@poochies.com","+39 (811) 587-3822","none"); 
INSERT INTO User_Credentials VALUES ("DF6A3EAA894A093B", "96ec13d5ec40f735763e59fc46eb0a786681284d7adbdc0f2d8e0bd5abdc448"); 
INSERT INTO Vaccination VALUES ("DF6A3EAA894A093B_1", "DF6A3EAA894A093B", "LPPMRL98C27G273N", "pfizer", "2021-12-19", 1); 
INSERT INTO Vaccination VALUES ("DF6A3EAA894A093B_2", "DF6A3EAA894A093B", null, null, "2022-03-16 15:00:00", 2); 

INSERT INTO Vac_User VALUES ("8A766D2E2B773F07","Potter","Christian","Wilmington","1943-06-18",2,"potterchristian@poochies.com","+39 (871) 555-3051","fragile"); 
INSERT INTO User_Credentials VALUES ("8A766D2E2B773F07", "96ec13d5ec40f735763e59fc46eb0a786681284d7adbdc0f2d8e0bd5abdc448"); 
INSERT INTO Vaccination VALUES ("8A766D2E2B773F07_1", "8A766D2E2B773F07", "VCRBNC99D27G273N", "pfizer", "2021-10-07", 1); 
INSERT INTO Vaccination VALUES ("8A766D2E2B773F07_2", "8A766D2E2B773F07", null, null, "2022-02-22 13:00:00", 2); 

INSERT INTO Vac_User VALUES ("ED92D52633AE3EC7","Lena","Wagner","Coleville","1977-05-26",1,"lenawagner@poochies.com","+39 (923) 490-2668","none"); 
INSERT INTO User_Credentials VALUES ("ED92D52633AE3EC7", "96ec13d5ec40f735763e59fc46eb0a786681284d7adbdc0f2d8e0bd5abdc448"); 
INSERT INTO Vaccination VALUES ("ED92D52633AE3EC7_1", "ED92D52633AE3EC7", "LPPMRL98C27G273N", "pfizer", "2021-02-10", 1); 
INSERT INTO Vaccination VALUES ("ED92D52633AE3EC7_2", "ED92D52633AE3EC7", null, null, "2022-03-20 15:00:00", 2); 

INSERT INTO Vac_User VALUES ("9038A3CF33A35651","Shannon","Higgins","Neibert","1962-08-04",3,"shannonhiggins@poochies.com","+39 (988) 538-2478","over65"); 
INSERT INTO User_Credentials VALUES ("9038A3CF33A35651", "96ec13d5ec40f735763e59fc46eb0a786681284d7adbdc0f2d8e0bd5abdc448"); 
INSERT INTO Vaccination VALUES ("9038A3CF33A35651_1", "9038A3CF33A35651", "DCRRGG98C27G273N", "moderna", "2021-08-12", 1); 
INSERT INTO Vaccination VALUES ("9038A3CF33A35651_2", "9038A3CF33A35651", null, null, "2022-03-22 15:00:00", 2); 

INSERT INTO Vac_User VALUES ("C176CA547FC0F95A","Cantrell","Patterson","Vincent","1955-11-08",3,"cantrellpatterson@poochies.com","+39 (819) 584-3671","none"); 
INSERT INTO User_Credentials VALUES ("C176CA547FC0F95A", "96ec13d5ec40f735763e59fc46eb0a786681284d7adbdc0f2d8e0bd5abdc448"); 
INSERT INTO Vaccination VALUES ("C176CA547FC0F95A_1", "C176CA547FC0F95A", "PVGCGR99C27G273N", "moderna", "2021-11-04", 1); 
INSERT INTO Vaccination VALUES ("C176CA547FC0F95A_2", "C176CA547FC0F95A", null, null, "2022-03-10 10:00:00", 2); 

INSERT INTO Vac_User VALUES ("E9297F3AC50DEEA9","Helga","Gillespie","Garfield","1945-11-27",3,"helgagillespie@poochies.com","+39 (921) 528-3003","fragile"); 
INSERT INTO User_Credentials VALUES ("E9297F3AC50DEEA9", "96ec13d5ec40f735763e59fc46eb0a786681284d7adbdc0f2d8e0bd5abdc448"); 
INSERT INTO Vaccination VALUES ("E9297F3AC50DEEA9_1", "E9297F3AC50DEEA9", "PVGCGR99C27G273N", "astrazeneca", "2021-01-16", 1); 
INSERT INTO Vaccination VALUES ("E9297F3AC50DEEA9_2", "E9297F3AC50DEEA9", null, null, "2022-03-26 09:00:00", 2); 

INSERT INTO Vac_User VALUES ("F7F68BAEDA7B41C2","Phillips","Kennedy","National","1971-05-16",3,"phillipskennedy@poochies.com","+39 (866) 581-3962","fragile"); 
INSERT INTO User_Credentials VALUES ("F7F68BAEDA7B41C2", "96ec13d5ec40f735763e59fc46eb0a786681284d7adbdc0f2d8e0bd5abdc448"); 
INSERT INTO Vaccination VALUES ("F7F68BAEDA7B41C2_1", "F7F68BAEDA7B41C2", "PVGCGR99C27G273N", "pfizer", "2021-04-11", 1); 
INSERT INTO Vaccination VALUES ("F7F68BAEDA7B41C2_2", "F7F68BAEDA7B41C2", null, null, "2022-03-01 17:00:00", 2); 

INSERT INTO Vac_User VALUES ("93B77966F0E6466D","Byers","Sampson","Biddle","1956-04-11",2,"byerssampson@poochies.com","+39 (874) 482-2116","fragile"); 
INSERT INTO User_Credentials VALUES ("93B77966F0E6466D", "96ec13d5ec40f735763e59fc46eb0a786681284d7adbdc0f2d8e0bd5abdc448"); 
INSERT INTO Vaccination VALUES ("93B77966F0E6466D_1", "93B77966F0E6466D", "VCRBNC99D27G273N", "astrazeneca", "2021-04-18", 1); 
INSERT INTO Vaccination VALUES ("93B77966F0E6466D_2", "93B77966F0E6466D", null, null, "2022-03-25 17:00:00", 2); 

INSERT INTO Vac_User VALUES ("FF46CB69FA83236B","Green","Berry","Irwin","1965-09-02",1,"greenberry@poochies.com","+39 (929) 589-2498","none"); 
INSERT INTO User_Credentials VALUES ("FF46CB69FA83236B", "96ec13d5ec40f735763e59fc46eb0a786681284d7adbdc0f2d8e0bd5abdc448"); 
INSERT INTO Vaccination VALUES ("FF46CB69FA83236B_1", "FF46CB69FA83236B", "VCRBNC99D27G273N", "astrazeneca", "2021-11-12", 1); 
INSERT INTO Vaccination VALUES ("FF46CB69FA83236B_2", "FF46CB69FA83236B", null, null, "2022-02-28 18:00:00", 2); 

INSERT INTO Vac_User VALUES ("B26B8B142A2E89C6","Bell","Hutchinson","Shawmut","1987-02-02",2,"bellhutchinson@poochies.com","+39 (979) 459-2846","fragile"); 
INSERT INTO User_Credentials VALUES ("B26B8B142A2E89C6", "96ec13d5ec40f735763e59fc46eb0a786681284d7adbdc0f2d8e0bd5abdc448"); 
INSERT INTO Vaccination VALUES ("B26B8B142A2E89C6_1", "B26B8B142A2E89C6", "NRIGSP98C27G273N", "pfizer", "2021-03-11", 1); 
INSERT INTO Vaccination VALUES ("B26B8B142A2E89C6_2", "B26B8B142A2E89C6", null, null, "2022-03-09 16:00:00", 2); 

INSERT INTO Vac_User VALUES ("E2DA6A2BC202CACC","Travis","Wilkinson","Templeton","1968-08-29",3,"traviswilkinson@poochies.com","+39 (907) 429-3143","none"); 
INSERT INTO User_Credentials VALUES ("E2DA6A2BC202CACC", "96ec13d5ec40f735763e59fc46eb0a786681284d7adbdc0f2d8e0bd5abdc448"); 
INSERT INTO Vaccination VALUES ("E2DA6A2BC202CACC_1", "E2DA6A2BC202CACC", "NRIGSP98C27G273N", "janssen", "2021-07-21", 1); 
INSERT INTO Vaccination VALUES ("E2DA6A2BC202CACC_2", "E2DA6A2BC202CACC", null, null, "2022-03-24 12:00:00", 2); 

INSERT INTO Vac_User VALUES ("3AD5958464432F73","Black","Nunez","Motley","1970-09-13",3,"blacknunez@poochies.com","+39 (851) 597-2425","none"); 
INSERT INTO User_Credentials VALUES ("3AD5958464432F73", "96ec13d5ec40f735763e59fc46eb0a786681284d7adbdc0f2d8e0bd5abdc448"); 
INSERT INTO Vaccination VALUES ("3AD5958464432F73_1", "3AD5958464432F73", "VCRBNC99D27G273N", "astrazeneca", "2021-03-20", 1); 
INSERT INTO Vaccination VALUES ("3AD5958464432F73_2", "3AD5958464432F73", null, null, "2022-03-26 16:00:00", 2); 

INSERT INTO Vac_User VALUES ("D796DE8C413B5457","Conway","Figueroa","Santel","1972-09-20",1,"conwayfigueroa@poochies.com","+39 (835) 560-2674","fragile"); 
INSERT INTO User_Credentials VALUES ("D796DE8C413B5457", "96ec13d5ec40f735763e59fc46eb0a786681284d7adbdc0f2d8e0bd5abdc448"); 
INSERT INTO Vaccination VALUES ("D796DE8C413B5457_1", "D796DE8C413B5457", "LPPMRL98C27G273N", "janssen", "2021-08-11", 1); 
INSERT INTO Vaccination VALUES ("D796DE8C413B5457_2", "D796DE8C413B5457", null, null, "2022-03-05 10:00:00", 2); 

INSERT INTO Vac_User VALUES ("88D9FB30E307662D","Le","Guy","Norfolk","2009-01-28",2,"leguy@poochies.com","+39 (927) 561-3110","over65"); 
INSERT INTO User_Credentials VALUES ("88D9FB30E307662D", "96ec13d5ec40f735763e59fc46eb0a786681284d7adbdc0f2d8e0bd5abdc448"); 
INSERT INTO Vaccination VALUES ("88D9FB30E307662D_1", "88D9FB30E307662D", "NRIGSP98C27G273N", "pfizer", "2021-08-15", 1); 
INSERT INTO Vaccination VALUES ("88D9FB30E307662D_2", "88D9FB30E307662D", null, null, "2022-03-23 17:00:00", 2); 

INSERT INTO Vac_User VALUES ("296147D4E7953CBC","Fern","Wooten","Germanton","1968-11-10",2,"fernwooten@poochies.com","+39 (993) 562-3745","none"); 
INSERT INTO User_Credentials VALUES ("296147D4E7953CBC", "96ec13d5ec40f735763e59fc46eb0a786681284d7adbdc0f2d8e0bd5abdc448"); 
INSERT INTO Vaccination VALUES ("296147D4E7953CBC_1", "296147D4E7953CBC", "VCRBNC99D27G273N", "janssen", "2021-07-21", 1); 
INSERT INTO Vaccination VALUES ("296147D4E7953CBC_2", "296147D4E7953CBC", null, null, "2022-03-16 17:00:00", 2); 

INSERT INTO Vac_User VALUES ("4548D140B1FFDF6A","Adeline","Mccullough","Coalmont","1944-02-06",2,"adelinemccullough@poochies.com","+39 (992) 580-3911","none"); 
INSERT INTO User_Credentials VALUES ("4548D140B1FFDF6A", "96ec13d5ec40f735763e59fc46eb0a786681284d7adbdc0f2d8e0bd5abdc448"); 
INSERT INTO Vaccination VALUES ("4548D140B1FFDF6A_1", "4548D140B1FFDF6A", "PVGCGR99C27G273N", "astrazeneca", "2021-08-14", 1); 
INSERT INTO Vaccination VALUES ("4548D140B1FFDF6A_2", "4548D140B1FFDF6A", null, null, "2022-02-27 15:00:00", 2); 

INSERT INTO Vac_User VALUES ("D25142B00A2C0455","James","Rojas","Allentown","1964-03-07",1,"jamesrojas@poochies.com","+39 (831) 470-3411","over65"); 
INSERT INTO User_Credentials VALUES ("D25142B00A2C0455", "96ec13d5ec40f735763e59fc46eb0a786681284d7adbdc0f2d8e0bd5abdc448"); 
INSERT INTO Vaccination VALUES ("D25142B00A2C0455_1", "D25142B00A2C0455", "LPPMRL98C27G273N", "janssen", "2021-07-04", 1); 
INSERT INTO Vaccination VALUES ("D25142B00A2C0455_2", "D25142B00A2C0455", null, null, "2022-03-26 11:00:00", 2); 

INSERT INTO Vac_User VALUES ("DB6099C64168D112","Lois","Dickson","Yorklyn","1959-12-25",1,"loisdickson@poochies.com","+39 (899) 589-2883","over65"); 
INSERT INTO User_Credentials VALUES ("DB6099C64168D112", "96ec13d5ec40f735763e59fc46eb0a786681284d7adbdc0f2d8e0bd5abdc448"); 
INSERT INTO Vaccination VALUES ("DB6099C64168D112_1", "DB6099C64168D112", "DCRRGG98C27G273N", "pfizer", "2021-01-03", 1); 
INSERT INTO Vaccination VALUES ("DB6099C64168D112_2", "DB6099C64168D112", null, null, "2022-03-15 17:00:00", 2); 

INSERT INTO Vac_User VALUES ("9BEC05704AAEFF02","Susan","Holden","Esmont","1997-06-26",2,"susanholden@poochies.com","+39 (930) 432-2610","none"); 
INSERT INTO User_Credentials VALUES ("9BEC05704AAEFF02", "96ec13d5ec40f735763e59fc46eb0a786681284d7adbdc0f2d8e0bd5abdc448"); 
INSERT INTO Vaccination VALUES ("9BEC05704AAEFF02_1", "9BEC05704AAEFF02", "VCRBNC99D27G273N", "janssen", "2021-05-19", 1); 
INSERT INTO Vaccination VALUES ("9BEC05704AAEFF02_2", "9BEC05704AAEFF02", null, null, "2022-02-25 15:00:00", 2); 

INSERT INTO Vac_User VALUES ("458B987F53BC9109","Petra","Morse","Trinway","2007-03-25",1,"petramorse@poochies.com","+39 (933) 565-3278","fragile"); 
INSERT INTO User_Credentials VALUES ("458B987F53BC9109", "96ec13d5ec40f735763e59fc46eb0a786681284d7adbdc0f2d8e0bd5abdc448"); 
INSERT INTO Vaccination VALUES ("458B987F53BC9109_1", "458B987F53BC9109", "LPPMRL98C27G273N", "astrazeneca", "2021-08-03", 1); 
INSERT INTO Vaccination VALUES ("458B987F53BC9109_2", "458B987F53BC9109", null, null, "2022-02-25 10:00:00", 2); 

INSERT INTO Vac_User VALUES ("4A1E4711A5A638D1","Lesa","Fischer","Mansfield","1966-09-21",3,"lesafischer@poochies.com","+39 (812) 552-2357","fragile"); 
INSERT INTO User_Credentials VALUES ("4A1E4711A5A638D1", "96ec13d5ec40f735763e59fc46eb0a786681284d7adbdc0f2d8e0bd5abdc448"); 
INSERT INTO Vaccination VALUES ("4A1E4711A5A638D1_1", "4A1E4711A5A638D1", "LPPMRL98C27G273N", "pfizer", "2021-12-19", 1); 
INSERT INTO Vaccination VALUES ("4A1E4711A5A638D1_2", "4A1E4711A5A638D1", null, null, "2022-03-25 12:00:00", 2); 

INSERT INTO Vac_User VALUES ("C5DB151E6DA137DB","James","Dudley","Lawrence","1960-11-03",2,"jamesdudley@poochies.com","+39 (834) 441-3053","none"); 
INSERT INTO User_Credentials VALUES ("C5DB151E6DA137DB", "96ec13d5ec40f735763e59fc46eb0a786681284d7adbdc0f2d8e0bd5abdc448"); 
INSERT INTO Vaccination VALUES ("C5DB151E6DA137DB_1", "C5DB151E6DA137DB", "VCRBNC99D27G273N", "moderna", "2021-08-03", 1); 
INSERT INTO Vaccination VALUES ("C5DB151E6DA137DB_2", "C5DB151E6DA137DB", null, null, "2022-03-19 16:00:00", 2); 

INSERT INTO Vac_User VALUES ("745E8ECCEE17143E","Clay","Melendez","Whipholt","1976-02-28",1,"claymelendez@poochies.com","+39 (846) 417-2472","fragile"); 
INSERT INTO User_Credentials VALUES ("745E8ECCEE17143E", "96ec13d5ec40f735763e59fc46eb0a786681284d7adbdc0f2d8e0bd5abdc448"); 
INSERT INTO Vaccination VALUES ("745E8ECCEE17143E_1", "745E8ECCEE17143E", "NRIGSP98C27G273N", "pfizer", "2021-07-25", 1); 
INSERT INTO Vaccination VALUES ("745E8ECCEE17143E_2", "745E8ECCEE17143E", null, null, "2022-03-28 17:00:00", 2); 

INSERT INTO Vac_User VALUES ("C33709F328ED5B01","Melba","Levine","Chesterfield","2006-06-10",1,"melbalevine@poochies.com","+39 (925) 482-3730","over65"); 
INSERT INTO User_Credentials VALUES ("C33709F328ED5B01", "96ec13d5ec40f735763e59fc46eb0a786681284d7adbdc0f2d8e0bd5abdc448"); 
INSERT INTO Vaccination VALUES ("C33709F328ED5B01_1", "C33709F328ED5B01", "PVGCGR99C27G273N", "pfizer", "2021-07-02", 1); 
INSERT INTO Vaccination VALUES ("C33709F328ED5B01_2", "C33709F328ED5B01", null, null, "2022-03-08 15:00:00", 2); 

INSERT INTO Vac_User VALUES ("CE205FD140A6C707","Giles","Ochoa","Homeland","1972-11-02",3,"gilesochoa@poochies.com","+39 (916) 542-3532","over65"); 
INSERT INTO User_Credentials VALUES ("CE205FD140A6C707", "96ec13d5ec40f735763e59fc46eb0a786681284d7adbdc0f2d8e0bd5abdc448"); 
INSERT INTO Vaccination VALUES ("CE205FD140A6C707_1", "CE205FD140A6C707", "PVGCGR99C27G273N", "pfizer", "2021-06-08", 1); 
INSERT INTO Vaccination VALUES ("CE205FD140A6C707_2", "CE205FD140A6C707", null, null, "2022-03-10 13:00:00", 2); 

INSERT INTO Vac_User VALUES ("A72548804BF362C2","Vang","Bridges","Otranto","1994-08-11",1,"vangbridges@poochies.com","+39 (865) 586-3373","over65"); 
INSERT INTO User_Credentials VALUES ("A72548804BF362C2", "96ec13d5ec40f735763e59fc46eb0a786681284d7adbdc0f2d8e0bd5abdc448"); 
INSERT INTO Vaccination VALUES ("A72548804BF362C2_1", "A72548804BF362C2", "PVGCGR99C27G273N", "pfizer", "2021-08-03", 1); 
INSERT INTO Vaccination VALUES ("A72548804BF362C2_2", "A72548804BF362C2", null, null, "2022-03-04 18:00:00", 2); 

INSERT INTO Vac_User VALUES ("8E304BF8450C27D2","Bond","Spence","Grantville","1954-02-22",3,"bondspence@poochies.com","+39 (901) 575-2110","none"); 
INSERT INTO User_Credentials VALUES ("8E304BF8450C27D2", "96ec13d5ec40f735763e59fc46eb0a786681284d7adbdc0f2d8e0bd5abdc448"); 
INSERT INTO Vaccination VALUES ("8E304BF8450C27D2_1", "8E304BF8450C27D2", "DCRRGG98C27G273N", "janssen", "2021-02-22", 1); 
INSERT INTO Vaccination VALUES ("8E304BF8450C27D2_2", "8E304BF8450C27D2", null, null, "2022-02-25 11:00:00", 2); 

INSERT INTO Vac_User VALUES ("A206FC462A4AD104","Hayden","Green","Leeper","1942-04-13",2,"haydengreen@poochies.com","+39 (842) 442-3565","none"); 
INSERT INTO User_Credentials VALUES ("A206FC462A4AD104", "96ec13d5ec40f735763e59fc46eb0a786681284d7adbdc0f2d8e0bd5abdc448"); 
INSERT INTO Vaccination VALUES ("A206FC462A4AD104_1", "A206FC462A4AD104", "VCRBNC99D27G273N", "pfizer", "2021-10-10", 1); 
INSERT INTO Vaccination VALUES ("A206FC462A4AD104_2", "A206FC462A4AD104", null, null, "2022-03-22 17:00:00", 2); 

INSERT INTO Vac_User VALUES ("4FFC3F2C5BB4E25B","Rowena","Salazar","Wright","1971-01-31",1,"rowenasalazar@poochies.com","+39 (819) 405-3540","over65"); 
INSERT INTO User_Credentials VALUES ("4FFC3F2C5BB4E25B", "96ec13d5ec40f735763e59fc46eb0a786681284d7adbdc0f2d8e0bd5abdc448"); 
INSERT INTO Vaccination VALUES ("4FFC3F2C5BB4E25B_1", "4FFC3F2C5BB4E25B", "LPPMRL98C27G273N", "astrazeneca", "2021-08-15", 1); 
INSERT INTO Vaccination VALUES ("4FFC3F2C5BB4E25B_2", "4FFC3F2C5BB4E25B", null, null, "2022-03-04 13:00:00", 2); 

INSERT INTO Vac_User VALUES ("84BA98AA27D4ED3C","Anastasia","Rasmussen","Blanford","1968-08-06",1,"anastasiarasmussen@poochies.com","+39 (817) 481-2845","none"); 
INSERT INTO User_Credentials VALUES ("84BA98AA27D4ED3C", "96ec13d5ec40f735763e59fc46eb0a786681284d7adbdc0f2d8e0bd5abdc448"); 
INSERT INTO Vaccination VALUES ("84BA98AA27D4ED3C_1", "84BA98AA27D4ED3C", "DCRRGG98C27G273N", "pfizer", "2021-04-25", 1); 
INSERT INTO Vaccination VALUES ("84BA98AA27D4ED3C_2", "84BA98AA27D4ED3C", null, null, "2022-03-18 13:00:00", 2); 

INSERT INTO Vac_User VALUES ("902A36F566AABF0A","Kramer","Bass","Bangor","1966-03-29",1,"kramerbass@poochies.com","+39 (821) 498-3161","none"); 
INSERT INTO User_Credentials VALUES ("902A36F566AABF0A", "96ec13d5ec40f735763e59fc46eb0a786681284d7adbdc0f2d8e0bd5abdc448"); 
INSERT INTO Vaccination VALUES ("902A36F566AABF0A_1", "902A36F566AABF0A", "DCRRGG98C27G273N", "janssen", "2021-06-06", 1); 
INSERT INTO Vaccination VALUES ("902A36F566AABF0A_2", "902A36F566AABF0A", null, null, "2022-03-17 11:00:00", 2); 

INSERT INTO Vac_User VALUES ("795A5C8909629407","Fleming","Barron","Blandburg","1967-11-08",2,"flemingbarron@poochies.com","+39 (994) 493-3679","over65"); 
INSERT INTO User_Credentials VALUES ("795A5C8909629407", "96ec13d5ec40f735763e59fc46eb0a786681284d7adbdc0f2d8e0bd5abdc448"); 
INSERT INTO Vaccination VALUES ("795A5C8909629407_1", "795A5C8909629407", "VCRBNC99D27G273N", "astrazeneca", "2021-08-09", 1); 
INSERT INTO Vaccination VALUES ("795A5C8909629407_2", "795A5C8909629407", null, null, "2022-02-22 11:00:00", 2); 

INSERT INTO Vac_User VALUES ("814D2C1B6914DA9A","Sparks","Golden","Sunnyside","1968-05-08",3,"sparksgolden@poochies.com","+39 (991) 495-3498","over65"); 
INSERT INTO User_Credentials VALUES ("814D2C1B6914DA9A", "96ec13d5ec40f735763e59fc46eb0a786681284d7adbdc0f2d8e0bd5abdc448"); 
INSERT INTO Vaccination VALUES ("814D2C1B6914DA9A_1", "814D2C1B6914DA9A", "NRIGSP98C27G273N", "pfizer", "2021-08-27", 1); 
INSERT INTO Vaccination VALUES ("814D2C1B6914DA9A_2", "814D2C1B6914DA9A", null, null, "2022-03-22 12:00:00", 2); 

INSERT INTO Vac_User VALUES ("2AEA9E6F93A3AA78","Enid","Mercer","Thynedale","1945-03-25",1,"enidmercer@poochies.com","+39 (889) 561-3164","over65"); 
INSERT INTO User_Credentials VALUES ("2AEA9E6F93A3AA78", "96ec13d5ec40f735763e59fc46eb0a786681284d7adbdc0f2d8e0bd5abdc448"); 
INSERT INTO Vaccination VALUES ("2AEA9E6F93A3AA78_1", "2AEA9E6F93A3AA78", "DCRRGG98C27G273N", "pfizer", "2021-01-04", 1); 
INSERT INTO Vaccination VALUES ("2AEA9E6F93A3AA78_2", "2AEA9E6F93A3AA78", null, null, "2022-03-26 10:00:00", 2); 

INSERT INTO Vac_User VALUES ("5A1BFB746F23C7EA","Barrett","Glover","Elliston","1942-08-21",1,"barrettglover@poochies.com","+39 (807) 433-2001","none"); 
INSERT INTO User_Credentials VALUES ("5A1BFB746F23C7EA", "96ec13d5ec40f735763e59fc46eb0a786681284d7adbdc0f2d8e0bd5abdc448"); 
INSERT INTO Vaccination VALUES ("5A1BFB746F23C7EA_1", "5A1BFB746F23C7EA", "NRIGSP98C27G273N", "pfizer", "2021-01-09", 1); 
INSERT INTO Vaccination VALUES ("5A1BFB746F23C7EA_2", "5A1BFB746F23C7EA", null, null, "2022-02-25 09:00:00", 2); 

INSERT INTO Vac_User VALUES ("A123D44B75D902FC","Dianne","Massey","Beaulieu","2003-10-14",3,"diannemassey@poochies.com","+39 (921) 563-3264","fragile"); 
INSERT INTO User_Credentials VALUES ("A123D44B75D902FC", "96ec13d5ec40f735763e59fc46eb0a786681284d7adbdc0f2d8e0bd5abdc448"); 
INSERT INTO Vaccination VALUES ("A123D44B75D902FC_1", "A123D44B75D902FC", "VCRBNC99D27G273N", "moderna", "2021-07-14", 1); 
INSERT INTO Vaccination VALUES ("A123D44B75D902FC_2", "A123D44B75D902FC", null, null, "2022-03-22 16:00:00", 2); 

INSERT INTO Vac_User VALUES ("ABF768382AF9BE91","Antoinette","Short","Como","2000-11-28",3,"antoinetteshort@poochies.com","+39 (825) 533-2641","over65"); 
INSERT INTO User_Credentials VALUES ("ABF768382AF9BE91", "96ec13d5ec40f735763e59fc46eb0a786681284d7adbdc0f2d8e0bd5abdc448"); 
INSERT INTO Vaccination VALUES ("ABF768382AF9BE91_1", "ABF768382AF9BE91", "PVGCGR99C27G273N", "pfizer", "2021-07-11", 1); 
INSERT INTO Vaccination VALUES ("ABF768382AF9BE91_2", "ABF768382AF9BE91", null, null, "2022-03-02 13:00:00", 2); 

INSERT INTO Vac_User VALUES ("09A1BC768BAD79A2","Howard","Rowe","Salunga","2001-10-24",1,"howardrowe@poochies.com","+39 (936) 542-2412","over65"); 
INSERT INTO User_Credentials VALUES ("09A1BC768BAD79A2", "96ec13d5ec40f735763e59fc46eb0a786681284d7adbdc0f2d8e0bd5abdc448"); 
INSERT INTO Vaccination VALUES ("09A1BC768BAD79A2_1", "09A1BC768BAD79A2", "LPPMRL98C27G273N", "janssen", "2021-09-15", 1); 
INSERT INTO Vaccination VALUES ("09A1BC768BAD79A2_2", "09A1BC768BAD79A2", null, null, "2022-02-22 12:00:00", 2); 

INSERT INTO Vac_User VALUES ("B546FDF8F361329F","Frank","Hoover","Centerville","1990-09-20",1,"frankhoover@poochies.com","+39 (925) 530-2603","fragile"); 
INSERT INTO User_Credentials VALUES ("B546FDF8F361329F", "96ec13d5ec40f735763e59fc46eb0a786681284d7adbdc0f2d8e0bd5abdc448"); 
INSERT INTO Vaccination VALUES ("B546FDF8F361329F_1", "B546FDF8F361329F", "DCRRGG98C27G273N", "pfizer", "2021-03-30", 1); 
INSERT INTO Vaccination VALUES ("B546FDF8F361329F_2", "B546FDF8F361329F", null, null, "2022-03-17 16:00:00", 2); 

INSERT INTO Vac_User VALUES ("4BA357E4BD42F3B1","Mcknight","Lambert","Calverton","1961-04-24",3,"mcknightlambert@poochies.com","+39 (812) 437-3095","none"); 
INSERT INTO User_Credentials VALUES ("4BA357E4BD42F3B1", "96ec13d5ec40f735763e59fc46eb0a786681284d7adbdc0f2d8e0bd5abdc448"); 
INSERT INTO Vaccination VALUES ("4BA357E4BD42F3B1_1", "4BA357E4BD42F3B1", "NRIGSP98C27G273N", "janssen", "2021-08-19", 1); 
INSERT INTO Vaccination VALUES ("4BA357E4BD42F3B1_2", "4BA357E4BD42F3B1", null, null, "2022-02-27 09:00:00", 2); 

INSERT INTO Vac_User VALUES ("5D419DAE77BB550E","Joanne","Hopkins","Brutus","1971-10-07",1,"joannehopkins@poochies.com","+39 (874) 524-3767","fragile"); 
INSERT INTO User_Credentials VALUES ("5D419DAE77BB550E", "96ec13d5ec40f735763e59fc46eb0a786681284d7adbdc0f2d8e0bd5abdc448"); 
INSERT INTO Vaccination VALUES ("5D419DAE77BB550E_1", "5D419DAE77BB550E", "VCRBNC99D27G273N", "moderna", "2021-07-23", 1); 
INSERT INTO Vaccination VALUES ("5D419DAE77BB550E_2", "5D419DAE77BB550E", null, null, "2022-03-27 10:00:00", 2); 

INSERT INTO Vac_User VALUES ("B742DB8361CDCAFC","Barton","Martinez","Albrightsville","1983-07-31",2,"bartonmartinez@poochies.com","+39 (920) 600-2648","fragile"); 
INSERT INTO User_Credentials VALUES ("B742DB8361CDCAFC", "96ec13d5ec40f735763e59fc46eb0a786681284d7adbdc0f2d8e0bd5abdc448"); 
INSERT INTO Vaccination VALUES ("B742DB8361CDCAFC_1", "B742DB8361CDCAFC", "DCRRGG98C27G273N", "astrazeneca", "2021-11-19", 1); 
INSERT INTO Vaccination VALUES ("B742DB8361CDCAFC_2", "B742DB8361CDCAFC", null, null, "2022-03-19 11:00:00", 2); 

INSERT INTO Vac_User VALUES ("64558DA3DA745E77","Michelle","Chan","Loomis","1941-03-08",3,"michellechan@poochies.com","+39 (922) 572-3894","none"); 
INSERT INTO User_Credentials VALUES ("64558DA3DA745E77", "96ec13d5ec40f735763e59fc46eb0a786681284d7adbdc0f2d8e0bd5abdc448"); 
INSERT INTO Vaccination VALUES ("64558DA3DA745E77_1", "64558DA3DA745E77", "DCRRGG98C27G273N", "janssen", "2021-12-25", 1); 
INSERT INTO Vaccination VALUES ("64558DA3DA745E77_2", "64558DA3DA745E77", null, null, "2022-03-05 16:00:00", 2); 

INSERT INTO Vac_User VALUES ("9578480BED2A8944","Garrison","Hickman","Springville","1970-05-09",3,"garrisonhickman@poochies.com","+39 (892) 587-3733","fragile"); 
INSERT INTO User_Credentials VALUES ("9578480BED2A8944", "96ec13d5ec40f735763e59fc46eb0a786681284d7adbdc0f2d8e0bd5abdc448"); 
INSERT INTO Vaccination VALUES ("9578480BED2A8944_1", "9578480BED2A8944", "NRIGSP98C27G273N", "moderna", "2021-01-04", 1); 
INSERT INTO Vaccination VALUES ("9578480BED2A8944_2", "9578480BED2A8944", null, null, "2022-03-23 14:00:00", 2); 

INSERT INTO Vac_User VALUES ("3BFF5EE400EA385A","Jo","Goodman","Marienthal","1954-01-23",3,"jogoodman@poochies.com","+39 (802) 500-2084","fragile"); 
INSERT INTO User_Credentials VALUES ("3BFF5EE400EA385A", "96ec13d5ec40f735763e59fc46eb0a786681284d7adbdc0f2d8e0bd5abdc448"); 
INSERT INTO Vaccination VALUES ("3BFF5EE400EA385A_1", "3BFF5EE400EA385A", "LPPMRL98C27G273N", "astrazeneca", "2021-04-21", 1); 
INSERT INTO Vaccination VALUES ("3BFF5EE400EA385A_2", "3BFF5EE400EA385A", null, null, "2022-03-12 18:00:00", 2); 

INSERT INTO Vac_User VALUES ("460263FA40291D0D","Jeanine","Fitzgerald","Downsville","1981-12-01",2,"jeaninefitzgerald@poochies.com","+39 (952) 437-2407","over65"); 
INSERT INTO User_Credentials VALUES ("460263FA40291D0D", "96ec13d5ec40f735763e59fc46eb0a786681284d7adbdc0f2d8e0bd5abdc448"); 
INSERT INTO Vaccination VALUES ("460263FA40291D0D_1", "460263FA40291D0D", "NRIGSP98C27G273N", "pfizer", "2021-05-17", 1); 
INSERT INTO Vaccination VALUES ("460263FA40291D0D_2", "460263FA40291D0D", null, null, "2022-02-27 18:00:00", 2); 

INSERT INTO Vac_User VALUES ("3CEBCEBB10EF665D","Lloyd","Waters","Driftwood","1941-12-31",3,"lloydwaters@poochies.com","+39 (820) 424-2256","none"); 
INSERT INTO User_Credentials VALUES ("3CEBCEBB10EF665D", "96ec13d5ec40f735763e59fc46eb0a786681284d7adbdc0f2d8e0bd5abdc448"); 
INSERT INTO Vaccination VALUES ("3CEBCEBB10EF665D_1", "3CEBCEBB10EF665D", "VCRBNC99D27G273N", "pfizer", "2021-01-06", 1); 
INSERT INTO Vaccination VALUES ("3CEBCEBB10EF665D_2", "3CEBCEBB10EF665D", null, null, "2022-02-23 18:00:00", 2); 

INSERT INTO Vac_User VALUES ("4FB8987248F33D32","Ashlee","Buck","Oberlin","2003-10-23",3,"ashleebuck@poochies.com","+39 (916) 552-3798","fragile"); 
INSERT INTO User_Credentials VALUES ("4FB8987248F33D32", "96ec13d5ec40f735763e59fc46eb0a786681284d7adbdc0f2d8e0bd5abdc448"); 
INSERT INTO Vaccination VALUES ("4FB8987248F33D32_1", "4FB8987248F33D32", "PVGCGR99C27G273N", "moderna", "2021-11-06", 1); 
INSERT INTO Vaccination VALUES ("4FB8987248F33D32_2", "4FB8987248F33D32", null, null, "2022-02-22 18:00:00", 2); 

INSERT INTO Vac_User VALUES ("14F2AA3DBB28A141","Vaughn","Miller","Iola","1972-02-03",1,"vaughnmiller@poochies.com","+39 (897) 485-3684","fragile"); 
INSERT INTO User_Credentials VALUES ("14F2AA3DBB28A141", "96ec13d5ec40f735763e59fc46eb0a786681284d7adbdc0f2d8e0bd5abdc448"); 
INSERT INTO Vaccination VALUES ("14F2AA3DBB28A141_1", "14F2AA3DBB28A141", "NRIGSP98C27G273N", "moderna", "2021-12-05", 1); 
INSERT INTO Vaccination VALUES ("14F2AA3DBB28A141_2", "14F2AA3DBB28A141", null, null, "2022-02-28 15:00:00", 2); 

INSERT INTO Vac_User VALUES ("AF675429316A6133","Alice","Mills","Coldiron","1948-08-29",3,"alicemills@poochies.com","+39 (965) 560-3196","over65"); 
INSERT INTO User_Credentials VALUES ("AF675429316A6133", "96ec13d5ec40f735763e59fc46eb0a786681284d7adbdc0f2d8e0bd5abdc448"); 
INSERT INTO Vaccination VALUES ("AF675429316A6133_1", "AF675429316A6133", "NRIGSP98C27G273N", "moderna", "2021-09-26", 1); 
INSERT INTO Vaccination VALUES ("AF675429316A6133_2", "AF675429316A6133", null, null, "2022-02-24 14:00:00", 2); 

INSERT INTO Vac_User VALUES ("77FCCC8EB3F40038","Delores","Vinson","Joes","1950-05-23",2,"deloresvinson@poochies.com","+39 (930) 550-3983","none"); 
INSERT INTO User_Credentials VALUES ("77FCCC8EB3F40038", "96ec13d5ec40f735763e59fc46eb0a786681284d7adbdc0f2d8e0bd5abdc448"); 
INSERT INTO Vaccination VALUES ("77FCCC8EB3F40038_1", "77FCCC8EB3F40038", "NRIGSP98C27G273N", "janssen", "2021-01-24", 1); 
INSERT INTO Vaccination VALUES ("77FCCC8EB3F40038_2", "77FCCC8EB3F40038", null, null, "2022-03-25 12:00:00", 2); 

INSERT INTO Vac_User VALUES ("94958E9001868C54","Julie","Gordon","Williston","1941-07-17",3,"juliegordon@poochies.com","+39 (862) 570-2601","over65"); 
INSERT INTO User_Credentials VALUES ("94958E9001868C54", "96ec13d5ec40f735763e59fc46eb0a786681284d7adbdc0f2d8e0bd5abdc448"); 
INSERT INTO Vaccination VALUES ("94958E9001868C54_1", "94958E9001868C54", "VCRBNC99D27G273N", "pfizer", "2021-02-19", 1); 
INSERT INTO Vaccination VALUES ("94958E9001868C54_2", "94958E9001868C54", null, null, "2022-03-11 11:00:00", 2); 

INSERT INTO Vac_User VALUES ("CF8ADB19BC152B59","Kathy","Armstrong","Sussex","2000-12-23",2,"kathyarmstrong@poochies.com","+39 (924) 523-3504","fragile"); 
INSERT INTO User_Credentials VALUES ("CF8ADB19BC152B59", "96ec13d5ec40f735763e59fc46eb0a786681284d7adbdc0f2d8e0bd5abdc448"); 
INSERT INTO Vaccination VALUES ("CF8ADB19BC152B59_1", "CF8ADB19BC152B59", "VCRBNC99D27G273N", "astrazeneca", "2021-04-15", 1); 
INSERT INTO Vaccination VALUES ("CF8ADB19BC152B59_2", "CF8ADB19BC152B59", null, null, "2022-03-11 15:00:00", 2); 

INSERT INTO Vac_User VALUES ("EE31266D2DAB12B3","Hillary","Williamson","Cleary","1948-11-20",2,"hillarywilliamson@poochies.com","+39 (876) 422-2544","over65"); 
INSERT INTO User_Credentials VALUES ("EE31266D2DAB12B3", "96ec13d5ec40f735763e59fc46eb0a786681284d7adbdc0f2d8e0bd5abdc448"); 
INSERT INTO Vaccination VALUES ("EE31266D2DAB12B3_1", "EE31266D2DAB12B3", "DCRRGG98C27G273N", "astrazeneca", "2021-01-11", 1); 
INSERT INTO Vaccination VALUES ("EE31266D2DAB12B3_2", "EE31266D2DAB12B3", null, null, "2022-03-13 11:00:00", 2); 

INSERT INTO Vac_User VALUES ("960927C5E2AE0D7E","Pearlie","Ward","Enlow","1944-09-19",2,"pearlieward@poochies.com","+39 (808) 574-2246","fragile"); 
INSERT INTO User_Credentials VALUES ("960927C5E2AE0D7E", "96ec13d5ec40f735763e59fc46eb0a786681284d7adbdc0f2d8e0bd5abdc448"); 
INSERT INTO Vaccination VALUES ("960927C5E2AE0D7E_1", "960927C5E2AE0D7E", "NRIGSP98C27G273N", "pfizer", "2021-09-22", 1); 
INSERT INTO Vaccination VALUES ("960927C5E2AE0D7E_2", "960927C5E2AE0D7E", null, null, "2022-03-26 12:00:00", 2); 

INSERT INTO Vac_User VALUES ("CDD9F90E4D4421D6","Wall","Hall","Strong","1979-03-13",2,"wallhall@poochies.com","+39 (987) 558-2191","over65"); 
INSERT INTO User_Credentials VALUES ("CDD9F90E4D4421D6", "96ec13d5ec40f735763e59fc46eb0a786681284d7adbdc0f2d8e0bd5abdc448"); 
INSERT INTO Vaccination VALUES ("CDD9F90E4D4421D6_1", "CDD9F90E4D4421D6", "LPPMRL98C27G273N", "moderna", "2021-07-05", 1); 
INSERT INTO Vaccination VALUES ("CDD9F90E4D4421D6_2", "CDD9F90E4D4421D6", null, null, "2022-03-09 10:00:00", 2); 

INSERT INTO Vac_User VALUES ("8895D615605FE3C9","Lindsey","Hanson","Morriston","1984-07-20",1,"lindseyhanson@poochies.com","+39 (806) 410-2228","fragile"); 
INSERT INTO User_Credentials VALUES ("8895D615605FE3C9", "96ec13d5ec40f735763e59fc46eb0a786681284d7adbdc0f2d8e0bd5abdc448"); 
INSERT INTO Vaccination VALUES ("8895D615605FE3C9_1", "8895D615605FE3C9", "LPPMRL98C27G273N", "moderna", "2021-06-20", 1); 
INSERT INTO Vaccination VALUES ("8895D615605FE3C9_2", "8895D615605FE3C9", null, null, "2022-03-05 13:00:00", 2); 

INSERT INTO Vac_User VALUES ("BA76C452E5D42579","Janis","Kane","Maury","1961-11-29",1,"janiskane@poochies.com","+39 (884) 565-3134","none"); 
INSERT INTO User_Credentials VALUES ("BA76C452E5D42579", "96ec13d5ec40f735763e59fc46eb0a786681284d7adbdc0f2d8e0bd5abdc448"); 
INSERT INTO Vaccination VALUES ("BA76C452E5D42579_1", "BA76C452E5D42579", "NRIGSP98C27G273N", "astrazeneca", "2021-06-18", 1); 
INSERT INTO Vaccination VALUES ("BA76C452E5D42579_2", "BA76C452E5D42579", null, null, "2022-03-21 10:00:00", 2); 

INSERT INTO Vac_User VALUES ("088A7C9BD0FFA2AA","Madge","Kirk","Stewartville","1952-10-30",2,"madgekirk@poochies.com","+39 (978) 544-3381","fragile"); 
INSERT INTO User_Credentials VALUES ("088A7C9BD0FFA2AA", "96ec13d5ec40f735763e59fc46eb0a786681284d7adbdc0f2d8e0bd5abdc448"); 
INSERT INTO Vaccination VALUES ("088A7C9BD0FFA2AA_1", "088A7C9BD0FFA2AA", "LPPMRL98C27G273N", "janssen", "2021-11-20", 1); 
INSERT INTO Vaccination VALUES ("088A7C9BD0FFA2AA_2", "088A7C9BD0FFA2AA", null, null, "2022-02-28 17:00:00", 2); 

INSERT INTO Vac_User VALUES ("D933E491636013F3","Tamara","Frye","Roosevelt","1981-03-11",3,"tamarafrye@poochies.com","+39 (802) 533-2013","none"); 
INSERT INTO User_Credentials VALUES ("D933E491636013F3", "96ec13d5ec40f735763e59fc46eb0a786681284d7adbdc0f2d8e0bd5abdc448"); 
INSERT INTO Vaccination VALUES ("D933E491636013F3_1", "D933E491636013F3", "VCRBNC99D27G273N", "astrazeneca", "2021-09-13", 1); 
INSERT INTO Vaccination VALUES ("D933E491636013F3_2", "D933E491636013F3", null, null, "2022-03-13 15:00:00", 2); 

INSERT INTO Vac_User VALUES ("89384DF9F6284520","Darlene","Hoffman","Elwood","1959-03-13",3,"darlenehoffman@poochies.com","+39 (904) 485-2118","over65"); 
INSERT INTO User_Credentials VALUES ("89384DF9F6284520", "96ec13d5ec40f735763e59fc46eb0a786681284d7adbdc0f2d8e0bd5abdc448"); 
INSERT INTO Vaccination VALUES ("89384DF9F6284520_1", "89384DF9F6284520", "VCRBNC99D27G273N", "janssen", "2021-03-21", 1); 
INSERT INTO Vaccination VALUES ("89384DF9F6284520_2", "89384DF9F6284520", null, null, "2022-03-04 11:00:00", 2); 

INSERT INTO Vac_User VALUES ("EF3E6A49B6DBA33A","Clements","Rose","Guthrie","1998-01-07",2,"clementsrose@poochies.com","+39 (880) 588-2038","none"); 
INSERT INTO User_Credentials VALUES ("EF3E6A49B6DBA33A", "96ec13d5ec40f735763e59fc46eb0a786681284d7adbdc0f2d8e0bd5abdc448"); 
INSERT INTO Vaccination VALUES ("EF3E6A49B6DBA33A_1", "EF3E6A49B6DBA33A", "NRIGSP98C27G273N", "pfizer", "2021-06-19", 1); 
INSERT INTO Vaccination VALUES ("EF3E6A49B6DBA33A_2", "EF3E6A49B6DBA33A", null, null, "2022-02-23 13:00:00", 2); 

INSERT INTO Vac_User VALUES ("AD7A81626936B06A","Mccarthy","Stanton","Nicholson","1969-05-26",1,"mccarthystanton@poochies.com","+39 (825) 452-3686","none"); 
INSERT INTO User_Credentials VALUES ("AD7A81626936B06A", "96ec13d5ec40f735763e59fc46eb0a786681284d7adbdc0f2d8e0bd5abdc448"); 
INSERT INTO Vaccination VALUES ("AD7A81626936B06A_1", "AD7A81626936B06A", "PVGCGR99C27G273N", "pfizer", "2021-01-09", 1); 
INSERT INTO Vaccination VALUES ("AD7A81626936B06A_2", "AD7A81626936B06A", null, null, "2022-03-24 12:00:00", 2); 

INSERT INTO Vac_User VALUES ("11AD3D1F9A733963","Alexander","Combs","Seymour","1946-04-29",1,"alexandercombs@poochies.com","+39 (936) 414-3361","none"); 
INSERT INTO User_Credentials VALUES ("11AD3D1F9A733963", "96ec13d5ec40f735763e59fc46eb0a786681284d7adbdc0f2d8e0bd5abdc448"); 
INSERT INTO Vaccination VALUES ("11AD3D1F9A733963_1", "11AD3D1F9A733963", "VCRBNC99D27G273N", "janssen", "2021-01-21", 1); 
INSERT INTO Vaccination VALUES ("11AD3D1F9A733963_2", "11AD3D1F9A733963", null, null, "2022-03-26 10:00:00", 2); 

INSERT INTO Vac_User VALUES ("4E847AB098BE5890","Gale","Anthony","Day","1951-04-05",1,"galeanthony@poochies.com","+39 (843) 575-3934","fragile"); 
INSERT INTO User_Credentials VALUES ("4E847AB098BE5890", "96ec13d5ec40f735763e59fc46eb0a786681284d7adbdc0f2d8e0bd5abdc448"); 
INSERT INTO Vaccination VALUES ("4E847AB098BE5890_1", "4E847AB098BE5890", "VCRBNC99D27G273N", "janssen", "2021-09-24", 1); 
INSERT INTO Vaccination VALUES ("4E847AB098BE5890_2", "4E847AB098BE5890", null, null, "2022-02-27 12:00:00", 2); 

INSERT INTO Vac_User VALUES ("FF8FC41CA1944385","Johnnie","Griffith","Shepardsville","1963-05-31",3,"johnniegriffith@poochies.com","+39 (950) 402-2836","over65"); 
INSERT INTO User_Credentials VALUES ("FF8FC41CA1944385", "96ec13d5ec40f735763e59fc46eb0a786681284d7adbdc0f2d8e0bd5abdc448"); 
INSERT INTO Vaccination VALUES ("FF8FC41CA1944385_1", "FF8FC41CA1944385", "VCRBNC99D27G273N", "janssen", "2021-02-18", 1); 
INSERT INTO Vaccination VALUES ("FF8FC41CA1944385_2", "FF8FC41CA1944385", null, null, "2022-03-17 10:00:00", 2); 

INSERT INTO Vac_User VALUES ("A13A36F83A740A18","Acevedo","Holloway","Chestnut","1999-02-28",2,"acevedoholloway@poochies.com","+39 (949) 537-3713","over65"); 
INSERT INTO User_Credentials VALUES ("A13A36F83A740A18", "96ec13d5ec40f735763e59fc46eb0a786681284d7adbdc0f2d8e0bd5abdc448"); 
INSERT INTO Vaccination VALUES ("A13A36F83A740A18_1", "A13A36F83A740A18", "VCRBNC99D27G273N", "janssen", "2021-07-17", 1); 
INSERT INTO Vaccination VALUES ("A13A36F83A740A18_2", "A13A36F83A740A18", null, null, "2022-03-02 13:00:00", 2); 

INSERT INTO Vac_User VALUES ("FEEE68DD10E25E70","Earline","Erickson","Nutrioso","1979-12-07",1,"earlineerickson@poochies.com","+39 (933) 405-2398","fragile"); 
INSERT INTO User_Credentials VALUES ("FEEE68DD10E25E70", "96ec13d5ec40f735763e59fc46eb0a786681284d7adbdc0f2d8e0bd5abdc448"); 
INSERT INTO Vaccination VALUES ("FEEE68DD10E25E70_1", "FEEE68DD10E25E70", "VCRBNC99D27G273N", "janssen", "2021-07-18", 1); 
INSERT INTO Vaccination VALUES ("FEEE68DD10E25E70_2", "FEEE68DD10E25E70", null, null, "2022-02-24 14:00:00", 2); 

INSERT INTO Vac_User VALUES ("629ABB6400622914","Ursula","Monroe","Chaparrito","1988-05-08",2,"ursulamonroe@poochies.com","+39 (967) 509-2069","none"); 
INSERT INTO User_Credentials VALUES ("629ABB6400622914", "96ec13d5ec40f735763e59fc46eb0a786681284d7adbdc0f2d8e0bd5abdc448"); 
INSERT INTO Vaccination VALUES ("629ABB6400622914_1", "629ABB6400622914", "VCRBNC99D27G273N", "moderna", "2021-08-14", 1); 
INSERT INTO Vaccination VALUES ("629ABB6400622914_2", "629ABB6400622914", null, null, "2022-03-07 10:00:00", 2); 

INSERT INTO Vac_User VALUES ("F11B088CDDBB9584","Parks","Leonard","Hollymead","2009-12-26",1,"parksleonard@poochies.com","+39 (923) 537-3557","none"); 
INSERT INTO User_Credentials VALUES ("F11B088CDDBB9584", "96ec13d5ec40f735763e59fc46eb0a786681284d7adbdc0f2d8e0bd5abdc448"); 
INSERT INTO Vaccination VALUES ("F11B088CDDBB9584_1", "F11B088CDDBB9584", "LPPMRL98C27G273N", "janssen", "2021-03-10", 1); 
INSERT INTO Vaccination VALUES ("F11B088CDDBB9584_2", "F11B088CDDBB9584", null, null, "2022-03-27 18:00:00", 2); 

INSERT INTO Vac_User VALUES ("77F0866AC2F61160","Myrtle","Reid","Crown","1959-08-05",1,"myrtlereid@poochies.com","+39 (963) 583-2017","fragile"); 
INSERT INTO User_Credentials VALUES ("77F0866AC2F61160", "96ec13d5ec40f735763e59fc46eb0a786681284d7adbdc0f2d8e0bd5abdc448"); 
INSERT INTO Vaccination VALUES ("77F0866AC2F61160_1", "77F0866AC2F61160", "NRIGSP98C27G273N", "janssen", "2021-02-17", 1); 
INSERT INTO Vaccination VALUES ("77F0866AC2F61160_2", "77F0866AC2F61160", null, null, "2022-03-06 18:00:00", 2); 

INSERT INTO Vac_User VALUES ("211F0F464831BB26","Logan","Allison","Coaldale","1986-08-24",2,"loganallison@poochies.com","+39 (914) 502-2833","none"); 
INSERT INTO User_Credentials VALUES ("211F0F464831BB26", "96ec13d5ec40f735763e59fc46eb0a786681284d7adbdc0f2d8e0bd5abdc448"); 
INSERT INTO Vaccination VALUES ("211F0F464831BB26_1", "211F0F464831BB26", "LPPMRL98C27G273N", "moderna", "2021-02-09", 1); 
INSERT INTO Vaccination VALUES ("211F0F464831BB26_2", "211F0F464831BB26", null, null, "2022-03-01 17:00:00", 2); 

INSERT INTO Vac_User VALUES ("90FBF95EE01529A8","Kennedy","Stokes","Denio","1976-12-29",1,"kennedystokes@poochies.com","+39 (911) 544-2838","fragile"); 
INSERT INTO User_Credentials VALUES ("90FBF95EE01529A8", "96ec13d5ec40f735763e59fc46eb0a786681284d7adbdc0f2d8e0bd5abdc448"); 
INSERT INTO Vaccination VALUES ("90FBF95EE01529A8_1", "90FBF95EE01529A8", "NRIGSP98C27G273N", "moderna", "2021-05-16", 1); 
INSERT INTO Vaccination VALUES ("90FBF95EE01529A8_2", "90FBF95EE01529A8", null, null, "2022-03-26 10:00:00", 2); 

INSERT INTO Vac_User VALUES ("74194F75B8EC0FAD","Heather","Berg","Grahamtown","1953-04-20",1,"heatherberg@poochies.com","+39 (966) 469-2589","none"); 
INSERT INTO User_Credentials VALUES ("74194F75B8EC0FAD", "96ec13d5ec40f735763e59fc46eb0a786681284d7adbdc0f2d8e0bd5abdc448"); 
INSERT INTO Vaccination VALUES ("74194F75B8EC0FAD_1", "74194F75B8EC0FAD", "VCRBNC99D27G273N", "pfizer", "2021-12-07", 1); 
INSERT INTO Vaccination VALUES ("74194F75B8EC0FAD_2", "74194F75B8EC0FAD", null, null, "2022-03-23 15:00:00", 2); 

INSERT INTO Vac_User VALUES ("0B47D874439CAA8E","Gibbs","Hurley","Sena","1943-02-07",1,"gibbshurley@poochies.com","+39 (907) 459-3745","fragile"); 
INSERT INTO User_Credentials VALUES ("0B47D874439CAA8E", "96ec13d5ec40f735763e59fc46eb0a786681284d7adbdc0f2d8e0bd5abdc448"); 
INSERT INTO Vaccination VALUES ("0B47D874439CAA8E_1", "0B47D874439CAA8E", "NRIGSP98C27G273N", "moderna", "2021-08-19", 1); 
INSERT INTO Vaccination VALUES ("0B47D874439CAA8E_2", "0B47D874439CAA8E", null, null, "2022-02-26 09:00:00", 2); 

INSERT INTO Vac_User VALUES ("48947DAFAFB9CE94","Juliette","Harvey","Chapin","1958-07-13",3,"julietteharvey@poochies.com","+39 (839) 598-2643","none"); 
INSERT INTO User_Credentials VALUES ("48947DAFAFB9CE94", "96ec13d5ec40f735763e59fc46eb0a786681284d7adbdc0f2d8e0bd5abdc448"); 
INSERT INTO Vaccination VALUES ("48947DAFAFB9CE94_1", "48947DAFAFB9CE94", "VCRBNC99D27G273N", "pfizer", "2021-07-19", 1); 
INSERT INTO Vaccination VALUES ("48947DAFAFB9CE94_2", "48947DAFAFB9CE94", null, null, "2022-03-17 11:00:00", 2); 

INSERT INTO Vac_User VALUES ("D6BC54BDDC353A79","Deann","Adams","Beason","1961-01-31",3,"deannadams@poochies.com","+39 (957) 505-3969","fragile"); 
INSERT INTO User_Credentials VALUES ("D6BC54BDDC353A79", "96ec13d5ec40f735763e59fc46eb0a786681284d7adbdc0f2d8e0bd5abdc448"); 
INSERT INTO Vaccination VALUES ("D6BC54BDDC353A79_1", "D6BC54BDDC353A79", "PVGCGR99C27G273N", "pfizer", "2021-05-05", 1); 
INSERT INTO Vaccination VALUES ("D6BC54BDDC353A79_2", "D6BC54BDDC353A79", null, null, "2022-03-28 14:00:00", 2); 

INSERT INTO Vac_User VALUES ("8AB14A07A0696269","Sandra","Mcpherson","Dodge","1976-08-31",3,"sandramcpherson@poochies.com","+39 (877) 463-2414","fragile"); 
INSERT INTO User_Credentials VALUES ("8AB14A07A0696269", "96ec13d5ec40f735763e59fc46eb0a786681284d7adbdc0f2d8e0bd5abdc448"); 
INSERT INTO Vaccination VALUES ("8AB14A07A0696269_1", "8AB14A07A0696269", "NRIGSP98C27G273N", "astrazeneca", "2021-08-16", 1); 
INSERT INTO Vaccination VALUES ("8AB14A07A0696269_2", "8AB14A07A0696269", null, null, "2022-03-14 10:00:00", 2); 

INSERT INTO Vac_User VALUES ("BD801745035BAE45","Mack","Maxwell","Elliott","2003-04-24",2,"mackmaxwell@poochies.com","+39 (983) 519-2022","fragile"); 
INSERT INTO User_Credentials VALUES ("BD801745035BAE45", "96ec13d5ec40f735763e59fc46eb0a786681284d7adbdc0f2d8e0bd5abdc448"); 
INSERT INTO Vaccination VALUES ("BD801745035BAE45_1", "BD801745035BAE45", "PVGCGR99C27G273N", "moderna", "2021-07-05", 1); 
INSERT INTO Vaccination VALUES ("BD801745035BAE45_2", "BD801745035BAE45", null, null, "2022-03-02 10:00:00", 2); 

INSERT INTO Vac_User VALUES ("138304C9234BB207","Todd","Vincent","Gambrills","2002-06-01",1,"toddvincent@poochies.com","+39 (943) 500-3768","none"); 
INSERT INTO User_Credentials VALUES ("138304C9234BB207", "96ec13d5ec40f735763e59fc46eb0a786681284d7adbdc0f2d8e0bd5abdc448"); 
INSERT INTO Vaccination VALUES ("138304C9234BB207_1", "138304C9234BB207", "PVGCGR99C27G273N", "moderna", "2021-03-10", 1); 
INSERT INTO Vaccination VALUES ("138304C9234BB207_2", "138304C9234BB207", null, null, "2022-03-28 15:00:00", 2); 

INSERT INTO Vac_User VALUES ("2D75AC43CACFDACB","Goff","Rosa","Trexlertown","2008-06-15",3,"goffrosa@poochies.com","+39 (866) 565-3902","fragile"); 
INSERT INTO User_Credentials VALUES ("2D75AC43CACFDACB", "96ec13d5ec40f735763e59fc46eb0a786681284d7adbdc0f2d8e0bd5abdc448"); 
INSERT INTO Vaccination VALUES ("2D75AC43CACFDACB_1", "2D75AC43CACFDACB", "NRIGSP98C27G273N", "janssen", "2021-01-23", 1); 
INSERT INTO Vaccination VALUES ("2D75AC43CACFDACB_2", "2D75AC43CACFDACB", null, null, "2022-03-05 09:00:00", 2); 

INSERT INTO Vac_User VALUES ("FF5E65E2C53550C5","Bonner","Ingram","Fairmount","1941-06-19",3,"bonneringram@poochies.com","+39 (925) 493-3010","none"); 
INSERT INTO User_Credentials VALUES ("FF5E65E2C53550C5", "96ec13d5ec40f735763e59fc46eb0a786681284d7adbdc0f2d8e0bd5abdc448"); 
INSERT INTO Vaccination VALUES ("FF5E65E2C53550C5_1", "FF5E65E2C53550C5", "DCRRGG98C27G273N", "astrazeneca", "2021-04-02", 1); 
INSERT INTO Vaccination VALUES ("FF5E65E2C53550C5_2", "FF5E65E2C53550C5", null, null, "2022-03-17 16:00:00", 2); 

INSERT INTO Vac_User VALUES ("4722634C1C2FE6F1","Hays","Atkinson","Elbert","1942-04-27",1,"haysatkinson@poochies.com","+39 (803) 548-2783","fragile"); 
INSERT INTO User_Credentials VALUES ("4722634C1C2FE6F1", "96ec13d5ec40f735763e59fc46eb0a786681284d7adbdc0f2d8e0bd5abdc448"); 
INSERT INTO Vaccination VALUES ("4722634C1C2FE6F1_1", "4722634C1C2FE6F1", "LPPMRL98C27G273N", "astrazeneca", "2021-02-25", 1); 
INSERT INTO Vaccination VALUES ("4722634C1C2FE6F1_2", "4722634C1C2FE6F1", null, null, "2022-03-12 10:00:00", 2); 

INSERT INTO Vac_User VALUES ("84F2BEFC620F5FC0","Doreen","Tate","Tryon","1954-07-17",3,"doreentate@poochies.com","+39 (804) 464-2299","fragile"); 
INSERT INTO User_Credentials VALUES ("84F2BEFC620F5FC0", "96ec13d5ec40f735763e59fc46eb0a786681284d7adbdc0f2d8e0bd5abdc448"); 
INSERT INTO Vaccination VALUES ("84F2BEFC620F5FC0_1", "84F2BEFC620F5FC0", "PVGCGR99C27G273N", "astrazeneca", "2021-04-06", 1); 
INSERT INTO Vaccination VALUES ("84F2BEFC620F5FC0_2", "84F2BEFC620F5FC0", null, null, "2022-03-12 09:00:00", 2); 

INSERT INTO Vac_User VALUES ("08CD8772D5F90847","Mckinney","Burgess","Weedville","1996-02-25",3,"mckinneyburgess@poochies.com","+39 (811) 467-2031","none"); 
INSERT INTO User_Credentials VALUES ("08CD8772D5F90847", "96ec13d5ec40f735763e59fc46eb0a786681284d7adbdc0f2d8e0bd5abdc448"); 
INSERT INTO Vaccination VALUES ("08CD8772D5F90847_1", "08CD8772D5F90847", "NRIGSP98C27G273N", "moderna", "2021-12-08", 1); 
INSERT INTO Vaccination VALUES ("08CD8772D5F90847_2", "08CD8772D5F90847", null, null, "2022-03-07 09:00:00", 2); 

INSERT INTO Vac_User VALUES ("9F08B441620AF9F5","Moreno","Goff","Twilight","2008-07-27",1,"morenogoff@poochies.com","+39 (959) 504-3730","fragile"); 
INSERT INTO User_Credentials VALUES ("9F08B441620AF9F5", "96ec13d5ec40f735763e59fc46eb0a786681284d7adbdc0f2d8e0bd5abdc448"); 
INSERT INTO Vaccination VALUES ("9F08B441620AF9F5_1", "9F08B441620AF9F5", "DCRRGG98C27G273N", "astrazeneca", "2021-04-09", 1); 
INSERT INTO Vaccination VALUES ("9F08B441620AF9F5_2", "9F08B441620AF9F5", null, null, "2022-03-28 16:00:00", 2); 

INSERT INTO Vac_User VALUES ("D4BEE25EF747071F","Leah","Schwartz","Kansas","1973-12-19",3,"leahschwartz@poochies.com","+39 (918) 494-2263","fragile"); 
INSERT INTO User_Credentials VALUES ("D4BEE25EF747071F", "96ec13d5ec40f735763e59fc46eb0a786681284d7adbdc0f2d8e0bd5abdc448"); 
INSERT INTO Vaccination VALUES ("D4BEE25EF747071F_1", "D4BEE25EF747071F", "LPPMRL98C27G273N", "astrazeneca", "2021-11-26", 1); 
INSERT INTO Vaccination VALUES ("D4BEE25EF747071F_2", "D4BEE25EF747071F", null, null, "2022-03-04 13:00:00", 2); 

INSERT INTO Vac_User VALUES ("12B64389B315C609","Rosario","Dodson","Fannett","1978-09-29",3,"rosariododson@poochies.com","+39 (976) 515-3185","fragile"); 
INSERT INTO User_Credentials VALUES ("12B64389B315C609", "96ec13d5ec40f735763e59fc46eb0a786681284d7adbdc0f2d8e0bd5abdc448"); 
INSERT INTO Vaccination VALUES ("12B64389B315C609_1", "12B64389B315C609", "DCRRGG98C27G273N", "astrazeneca", "2021-06-05", 1); 
INSERT INTO Vaccination VALUES ("12B64389B315C609_2", "12B64389B315C609", null, null, "2022-02-24 11:00:00", 2); 

INSERT INTO Vac_User VALUES ("832CC9B4D85670DE","Della","Watts","Farmers","1989-12-31",3,"dellawatts@poochies.com","+39 (881) 423-2178","none"); 
INSERT INTO User_Credentials VALUES ("832CC9B4D85670DE", "96ec13d5ec40f735763e59fc46eb0a786681284d7adbdc0f2d8e0bd5abdc448"); 
INSERT INTO Vaccination VALUES ("832CC9B4D85670DE_1", "832CC9B4D85670DE", "LPPMRL98C27G273N", "janssen", "2021-09-29", 1); 
INSERT INTO Vaccination VALUES ("832CC9B4D85670DE_2", "832CC9B4D85670DE", null, null, "2022-03-18 13:00:00", 2); 

INSERT INTO Vac_User VALUES ("1EC5D908DE49C2E4","Poole","Byers","Monument","1974-04-08",3,"poolebyers@poochies.com","+39 (977) 517-3731","fragile"); 
INSERT INTO User_Credentials VALUES ("1EC5D908DE49C2E4", "96ec13d5ec40f735763e59fc46eb0a786681284d7adbdc0f2d8e0bd5abdc448"); 
INSERT INTO Vaccination VALUES ("1EC5D908DE49C2E4_1", "1EC5D908DE49C2E4", "LPPMRL98C27G273N", "pfizer", "2021-08-08", 1); 
INSERT INTO Vaccination VALUES ("1EC5D908DE49C2E4_2", "1EC5D908DE49C2E4", null, null, "2022-03-25 10:00:00", 2); 

INSERT INTO Vac_User VALUES ("72BEE4C05EDE66E8","Higgins","Blake","Castleton","2001-07-22",1,"higginsblake@poochies.com","+39 (996) 413-3780","fragile"); 
INSERT INTO User_Credentials VALUES ("72BEE4C05EDE66E8", "96ec13d5ec40f735763e59fc46eb0a786681284d7adbdc0f2d8e0bd5abdc448"); 
INSERT INTO Vaccination VALUES ("72BEE4C05EDE66E8_1", "72BEE4C05EDE66E8", "VCRBNC99D27G273N", "janssen", "2021-02-20", 1); 
INSERT INTO Vaccination VALUES ("72BEE4C05EDE66E8_2", "72BEE4C05EDE66E8", null, null, "2022-03-04 14:00:00", 2); 

INSERT INTO Vac_User VALUES ("55BE0024B2AD8FAD","Daniels","Soto","Tibbie","1953-11-02",3,"danielssoto@poochies.com","+39 (996) 555-3104","fragile"); 
INSERT INTO User_Credentials VALUES ("55BE0024B2AD8FAD", "96ec13d5ec40f735763e59fc46eb0a786681284d7adbdc0f2d8e0bd5abdc448"); 
INSERT INTO Vaccination VALUES ("55BE0024B2AD8FAD_1", "55BE0024B2AD8FAD", "VCRBNC99D27G273N", "moderna", "2021-01-23", 1); 
INSERT INTO Vaccination VALUES ("55BE0024B2AD8FAD_2", "55BE0024B2AD8FAD", null, null, "2022-03-27 17:00:00", 2); 

INSERT INTO Vac_User VALUES ("03D43E2263B08BE4","Pansy","Dixon","Lindcove","1957-08-21",3,"pansydixon@poochies.com","+39 (937) 453-2823","fragile"); 
INSERT INTO User_Credentials VALUES ("03D43E2263B08BE4", "96ec13d5ec40f735763e59fc46eb0a786681284d7adbdc0f2d8e0bd5abdc448"); 
INSERT INTO Vaccination VALUES ("03D43E2263B08BE4_1", "03D43E2263B08BE4", "LPPMRL98C27G273N", "astrazeneca", "2021-04-14", 1); 
INSERT INTO Vaccination VALUES ("03D43E2263B08BE4_2", "03D43E2263B08BE4", null, null, "2022-03-21 14:00:00", 2); 

INSERT INTO Vac_User VALUES ("207C20648C6E9A91","Lowe","Barber","Woodlake","1963-08-23",2,"lowebarber@poochies.com","+39 (938) 504-2811","over65"); 
INSERT INTO User_Credentials VALUES ("207C20648C6E9A91", "96ec13d5ec40f735763e59fc46eb0a786681284d7adbdc0f2d8e0bd5abdc448"); 
INSERT INTO Vaccination VALUES ("207C20648C6E9A91_1", "207C20648C6E9A91", "LPPMRL98C27G273N", "moderna", "2021-07-28", 1); 
INSERT INTO Vaccination VALUES ("207C20648C6E9A91_2", "207C20648C6E9A91", null, null, "2022-03-07 10:00:00", 2); 

INSERT INTO Vac_User VALUES ("EAADD9D46123E8F2","Kendra","Barker","Sanford","1942-03-30",1,"kendrabarker@poochies.com","+39 (861) 544-2944","over65"); 
INSERT INTO User_Credentials VALUES ("EAADD9D46123E8F2", "96ec13d5ec40f735763e59fc46eb0a786681284d7adbdc0f2d8e0bd5abdc448"); 
INSERT INTO Vaccination VALUES ("EAADD9D46123E8F2_1", "EAADD9D46123E8F2", "DCRRGG98C27G273N", "astrazeneca", "2021-08-25", 1); 
INSERT INTO Vaccination VALUES ("EAADD9D46123E8F2_2", "EAADD9D46123E8F2", null, null, "2022-03-20 10:00:00", 2); 

INSERT INTO Vac_User VALUES ("2F4FBF45283DD257","Lacy","Carney","Leland","1960-07-10",3,"lacycarney@poochies.com","+39 (932) 567-2035","fragile"); 
INSERT INTO User_Credentials VALUES ("2F4FBF45283DD257", "96ec13d5ec40f735763e59fc46eb0a786681284d7adbdc0f2d8e0bd5abdc448"); 
INSERT INTO Vaccination VALUES ("2F4FBF45283DD257_1", "2F4FBF45283DD257", "NRIGSP98C27G273N", "astrazeneca", "2021-06-09", 1); 
INSERT INTO Vaccination VALUES ("2F4FBF45283DD257_2", "2F4FBF45283DD257", null, null, "2022-03-13 14:00:00", 2); 

INSERT INTO Vac_User VALUES ("4D22EEC219538FB3","Eliza","Chambers","Fostoria","1943-06-28",1,"elizachambers@poochies.com","+39 (892) 489-2286","fragile"); 
INSERT INTO User_Credentials VALUES ("4D22EEC219538FB3", "96ec13d5ec40f735763e59fc46eb0a786681284d7adbdc0f2d8e0bd5abdc448"); 
INSERT INTO Vaccination VALUES ("4D22EEC219538FB3_1", "4D22EEC219538FB3", "PVGCGR99C27G273N", "astrazeneca", "2021-03-02", 1); 
INSERT INTO Vaccination VALUES ("4D22EEC219538FB3_2", "4D22EEC219538FB3", null, null, "2022-03-02 12:00:00", 2); 

INSERT INTO Vac_User VALUES ("B9C22668AAF16655","Rosemary","Yang","Fulford","1942-07-11",1,"rosemaryyang@poochies.com","+39 (928) 591-2062","fragile"); 
INSERT INTO User_Credentials VALUES ("B9C22668AAF16655", "96ec13d5ec40f735763e59fc46eb0a786681284d7adbdc0f2d8e0bd5abdc448"); 
INSERT INTO Vaccination VALUES ("B9C22668AAF16655_1", "B9C22668AAF16655", "PVGCGR99C27G273N", "astrazeneca", "2021-10-21", 1); 
INSERT INTO Vaccination VALUES ("B9C22668AAF16655_2", "B9C22668AAF16655", null, null, "2022-03-17 18:00:00", 2); 

INSERT INTO Vac_User VALUES ("3757263126DD32FE","Margarita","Garcia","Hillsboro","1974-08-01",3,"margaritagarcia@poochies.com","+39 (801) 446-3392","over65"); 
INSERT INTO User_Credentials VALUES ("3757263126DD32FE", "96ec13d5ec40f735763e59fc46eb0a786681284d7adbdc0f2d8e0bd5abdc448"); 
INSERT INTO Vaccination VALUES ("3757263126DD32FE_1", "3757263126DD32FE", "LPPMRL98C27G273N", "pfizer", "2021-01-31", 1); 
INSERT INTO Vaccination VALUES ("3757263126DD32FE_2", "3757263126DD32FE", null, null, "2022-03-27 14:00:00", 2); 

INSERT INTO Vac_User VALUES ("F3179AD0526183BB","Bender","Duran","Brule","1978-01-23",1,"benderduran@poochies.com","+39 (991) 444-3423","over65"); 
INSERT INTO User_Credentials VALUES ("F3179AD0526183BB", "96ec13d5ec40f735763e59fc46eb0a786681284d7adbdc0f2d8e0bd5abdc448"); 
INSERT INTO Vaccination VALUES ("F3179AD0526183BB_1", "F3179AD0526183BB", "LPPMRL98C27G273N", "pfizer", "2021-09-01", 1); 
INSERT INTO Vaccination VALUES ("F3179AD0526183BB_2", "F3179AD0526183BB", null, null, "2022-02-25 15:00:00", 2); 

INSERT INTO Vac_User VALUES ("83C43A99579752E9","Grimes","Henderson","Sexton","1992-05-31",3,"grimeshenderson@poochies.com","+39 (878) 410-2633","over65"); 
INSERT INTO User_Credentials VALUES ("83C43A99579752E9", "96ec13d5ec40f735763e59fc46eb0a786681284d7adbdc0f2d8e0bd5abdc448"); 
INSERT INTO Vaccination VALUES ("83C43A99579752E9_1", "83C43A99579752E9", "PVGCGR99C27G273N", "pfizer", "2021-05-26", 1); 
INSERT INTO Vaccination VALUES ("83C43A99579752E9_2", "83C43A99579752E9", null, null, "2022-03-23 14:00:00", 2); 

INSERT INTO Vac_User VALUES ("7F6DA7708002C368","Daugherty","Cantrell","Keyport","1946-12-12",3,"daughertycantrell@poochies.com","+39 (815) 478-3239","over65"); 
INSERT INTO User_Credentials VALUES ("7F6DA7708002C368", "96ec13d5ec40f735763e59fc46eb0a786681284d7adbdc0f2d8e0bd5abdc448"); 
INSERT INTO Vaccination VALUES ("7F6DA7708002C368_1", "7F6DA7708002C368", "PVGCGR99C27G273N", "astrazeneca", "2021-01-24", 1); 
INSERT INTO Vaccination VALUES ("7F6DA7708002C368_2", "7F6DA7708002C368", null, null, "2022-03-22 14:00:00", 2); 

INSERT INTO Vac_User VALUES ("C95DE07F6B039D4A","Adriana","Best","Kiskimere","1941-05-17",2,"adrianabest@poochies.com","+39 (877) 540-3018","over65"); 
INSERT INTO User_Credentials VALUES ("C95DE07F6B039D4A", "96ec13d5ec40f735763e59fc46eb0a786681284d7adbdc0f2d8e0bd5abdc448"); 
INSERT INTO Vaccination VALUES ("C95DE07F6B039D4A_1", "C95DE07F6B039D4A", "NRIGSP98C27G273N", "astrazeneca", "2021-07-30", 1); 
INSERT INTO Vaccination VALUES ("C95DE07F6B039D4A_2", "C95DE07F6B039D4A", null, null, "2022-03-23 14:00:00", 2); 

INSERT INTO Vac_User VALUES ("90693D81B5BAF65B","Pace","Wolf","Avoca","1965-02-23",1,"pacewolf@poochies.com","+39 (866) 515-3361","over65"); 
INSERT INTO User_Credentials VALUES ("90693D81B5BAF65B", "96ec13d5ec40f735763e59fc46eb0a786681284d7adbdc0f2d8e0bd5abdc448"); 
INSERT INTO Vaccination VALUES ("90693D81B5BAF65B_1", "90693D81B5BAF65B", "PVGCGR99C27G273N", "pfizer", "2021-01-19", 1); 
INSERT INTO Vaccination VALUES ("90693D81B5BAF65B_2", "90693D81B5BAF65B", null, null, "2022-03-22 17:00:00", 2); 

INSERT INTO Vac_User VALUES ("CF82A2CA7A82F50F","Sloan","Carlson","Cochranville","1970-07-01",3,"sloancarlson@poochies.com","+39 (930) 489-2251","over65"); 
INSERT INTO User_Credentials VALUES ("CF82A2CA7A82F50F", "96ec13d5ec40f735763e59fc46eb0a786681284d7adbdc0f2d8e0bd5abdc448"); 
INSERT INTO Vaccination VALUES ("CF82A2CA7A82F50F_1", "CF82A2CA7A82F50F", "LPPMRL98C27G273N", "astrazeneca", "2021-08-01", 1); 
INSERT INTO Vaccination VALUES ("CF82A2CA7A82F50F_2", "CF82A2CA7A82F50F", null, null, "2022-03-25 17:00:00", 2); 

INSERT INTO Vac_User VALUES ("ED877E0EF4E529BD","Saunders","Mayer","Sugartown","1992-01-16",1,"saundersmayer@poochies.com","+39 (829) 474-2687","over65"); 
INSERT INTO User_Credentials VALUES ("ED877E0EF4E529BD", "96ec13d5ec40f735763e59fc46eb0a786681284d7adbdc0f2d8e0bd5abdc448"); 
INSERT INTO Vaccination VALUES ("ED877E0EF4E529BD_1", "ED877E0EF4E529BD", "VCRBNC99D27G273N", "astrazeneca", "2021-11-03", 1); 
INSERT INTO Vaccination VALUES ("ED877E0EF4E529BD_2", "ED877E0EF4E529BD", null, null, "2022-02-28 11:00:00", 2); 

INSERT INTO Vac_User VALUES ("6910023E83C124EA","Brennan","Mitchell","Norwood","1958-08-28",1,"brennanmitchell@poochies.com","+39 (963) 568-2232","fragile"); 
INSERT INTO User_Credentials VALUES ("6910023E83C124EA", "96ec13d5ec40f735763e59fc46eb0a786681284d7adbdc0f2d8e0bd5abdc448"); 
INSERT INTO Vaccination VALUES ("6910023E83C124EA_1", "6910023E83C124EA", "LPPMRL98C27G273N", "pfizer", "2021-03-23", 1); 
INSERT INTO Vaccination VALUES ("6910023E83C124EA_2", "6910023E83C124EA", null, null, "2022-02-27 16:00:00", 2); 

INSERT INTO Vac_User VALUES ("34E5E904025DCFA0","Mildred","Paul","Mathews","2000-09-08",2,"mildredpaul@poochies.com","+39 (978) 576-2699","none"); 
INSERT INTO User_Credentials VALUES ("34E5E904025DCFA0", "96ec13d5ec40f735763e59fc46eb0a786681284d7adbdc0f2d8e0bd5abdc448"); 
INSERT INTO Vaccination VALUES ("34E5E904025DCFA0_1", "34E5E904025DCFA0", "LPPMRL98C27G273N", "astrazeneca", "2021-01-05", 1); 
INSERT INTO Vaccination VALUES ("34E5E904025DCFA0_2", "34E5E904025DCFA0", null, null, "2022-03-02 09:00:00", 2); 

INSERT INTO Vac_User VALUES ("31E4EB5D0D5A2ED5","Gallegos","Bowen","Deseret","1995-10-02",2,"gallegosbowen@poochies.com","+39 (973) 414-3482","fragile"); 
INSERT INTO User_Credentials VALUES ("31E4EB5D0D5A2ED5", "96ec13d5ec40f735763e59fc46eb0a786681284d7adbdc0f2d8e0bd5abdc448"); 
INSERT INTO Vaccination VALUES ("31E4EB5D0D5A2ED5_1", "31E4EB5D0D5A2ED5", "LPPMRL98C27G273N", "pfizer", "2021-08-04", 1); 
INSERT INTO Vaccination VALUES ("31E4EB5D0D5A2ED5_2", "31E4EB5D0D5A2ED5", null, null, "2022-03-17 11:00:00", 2); 

INSERT INTO Vac_User VALUES ("415C76E4B745C511","Burris","Mckee","Osmond","1972-10-19",2,"burrismckee@poochies.com","+39 (929) 404-2188","fragile"); 
INSERT INTO User_Credentials VALUES ("415C76E4B745C511", "96ec13d5ec40f735763e59fc46eb0a786681284d7adbdc0f2d8e0bd5abdc448"); 
INSERT INTO Vaccination VALUES ("415C76E4B745C511_1", "415C76E4B745C511", "PVGCGR99C27G273N", "pfizer", "2021-08-23", 1); 
INSERT INTO Vaccination VALUES ("415C76E4B745C511_2", "415C76E4B745C511", null, null, "2022-03-21 14:00:00", 2); 

INSERT INTO Vac_User VALUES ("F3267591A75B411C","Levy","Copeland","Connerton","1972-03-24",3,"levycopeland@poochies.com","+39 (825) 581-2739","over65"); 
INSERT INTO User_Credentials VALUES ("F3267591A75B411C", "96ec13d5ec40f735763e59fc46eb0a786681284d7adbdc0f2d8e0bd5abdc448"); 
INSERT INTO Vaccination VALUES ("F3267591A75B411C_1", "F3267591A75B411C", "PVGCGR99C27G273N", "pfizer", "2021-09-07", 1); 
INSERT INTO Vaccination VALUES ("F3267591A75B411C_2", "F3267591A75B411C", null, null, "2022-03-04 16:00:00", 2); 

INSERT INTO Vac_User VALUES ("8E44D11FE3BFD9B2","Clarissa","Ray","Washington","1966-05-26",3,"clarissaray@poochies.com","+39 (828) 487-2960","fragile"); 
INSERT INTO User_Credentials VALUES ("8E44D11FE3BFD9B2", "96ec13d5ec40f735763e59fc46eb0a786681284d7adbdc0f2d8e0bd5abdc448"); 
INSERT INTO Vaccination VALUES ("8E44D11FE3BFD9B2_1", "8E44D11FE3BFD9B2", "LPPMRL98C27G273N", "astrazeneca", "2021-07-09", 1); 
INSERT INTO Vaccination VALUES ("8E44D11FE3BFD9B2_2", "8E44D11FE3BFD9B2", null, null, "2022-03-19 13:00:00", 2); 

INSERT INTO Vac_User VALUES ("DBF5C9B000484473","Pierce","Odonnell","Bagtown","1988-05-24",1,"pierceodonnell@poochies.com","+39 (955) 419-3137","over65"); 
INSERT INTO User_Credentials VALUES ("DBF5C9B000484473", "96ec13d5ec40f735763e59fc46eb0a786681284d7adbdc0f2d8e0bd5abdc448"); 
INSERT INTO Vaccination VALUES ("DBF5C9B000484473_1", "DBF5C9B000484473", "VCRBNC99D27G273N", "astrazeneca", "2021-12-09", 1); 
INSERT INTO Vaccination VALUES ("DBF5C9B000484473_2", "DBF5C9B000484473", null, null, "2022-02-28 13:00:00", 2); 

INSERT INTO Vac_User VALUES ("EBA63FA31F5B49DF","Petersen","Crane","Martinez","2003-10-24",3,"petersencrane@poochies.com","+39 (879) 580-2270","none"); 
INSERT INTO User_Credentials VALUES ("EBA63FA31F5B49DF", "96ec13d5ec40f735763e59fc46eb0a786681284d7adbdc0f2d8e0bd5abdc448"); 
INSERT INTO Vaccination VALUES ("EBA63FA31F5B49DF_1", "EBA63FA31F5B49DF", "PVGCGR99C27G273N", "pfizer", "2021-04-27", 1); 
INSERT INTO Vaccination VALUES ("EBA63FA31F5B49DF_2", "EBA63FA31F5B49DF", null, null, "2022-03-21 11:00:00", 2); 

INSERT INTO Vac_User VALUES ("44520D1580DBD51C","Sonya","Gould","Orick","2007-11-15",3,"sonyagould@poochies.com","+39 (813) 565-2578","none"); 
INSERT INTO User_Credentials VALUES ("44520D1580DBD51C", "96ec13d5ec40f735763e59fc46eb0a786681284d7adbdc0f2d8e0bd5abdc448"); 
INSERT INTO Vaccination VALUES ("44520D1580DBD51C_1", "44520D1580DBD51C", "DCRRGG98C27G273N", "pfizer", "2021-02-21", 1); 
INSERT INTO Vaccination VALUES ("44520D1580DBD51C_2", "44520D1580DBD51C", null, null, "2022-03-10 17:00:00", 2); 

INSERT INTO Vac_User VALUES ("F5163ADD9CA416D0","Hall","Hamilton","Broadlands","1953-05-24",2,"hallhamilton@poochies.com","+39 (945) 404-3590","over65"); 
INSERT INTO User_Credentials VALUES ("F5163ADD9CA416D0", "96ec13d5ec40f735763e59fc46eb0a786681284d7adbdc0f2d8e0bd5abdc448"); 
INSERT INTO Vaccination VALUES ("F5163ADD9CA416D0_1", "F5163ADD9CA416D0", "PVGCGR99C27G273N", "astrazeneca", "2021-11-16", 1); 
INSERT INTO Vaccination VALUES ("F5163ADD9CA416D0_2", "F5163ADD9CA416D0", null, null, "2022-02-28 10:00:00", 2); 

INSERT INTO Vac_User VALUES ("A479DCE33074C3DF","Reva","Marquez","Juntura","1994-09-10",1,"revamarquez@poochies.com","+39 (896) 402-2118","none"); 
INSERT INTO User_Credentials VALUES ("A479DCE33074C3DF", "96ec13d5ec40f735763e59fc46eb0a786681284d7adbdc0f2d8e0bd5abdc448"); 
INSERT INTO Vaccination VALUES ("A479DCE33074C3DF_1", "A479DCE33074C3DF", "NRIGSP98C27G273N", "astrazeneca", "2021-05-28", 1); 
INSERT INTO Vaccination VALUES ("A479DCE33074C3DF_2", "A479DCE33074C3DF", null, null, "2022-03-02 18:00:00", 2); 

INSERT INTO Vac_User VALUES ("36ABEE5856A984ED","Hopkins","Hardin","Thatcher","1990-11-04",2,"hopkinshardin@poochies.com","+39 (846) 417-3798","over65"); 
INSERT INTO User_Credentials VALUES ("36ABEE5856A984ED", "96ec13d5ec40f735763e59fc46eb0a786681284d7adbdc0f2d8e0bd5abdc448"); 
INSERT INTO Vaccination VALUES ("36ABEE5856A984ED_1", "36ABEE5856A984ED", "NRIGSP98C27G273N", "astrazeneca", "2021-10-18", 1); 
INSERT INTO Vaccination VALUES ("36ABEE5856A984ED_2", "36ABEE5856A984ED", null, null, "2022-03-25 09:00:00", 2); 

INSERT INTO Vac_User VALUES ("54B2C2F8081310E3","Carroll","Hansen","Kennedyville","1982-01-28",2,"carrollhansen@poochies.com","+39 (812) 453-3245","none"); 
INSERT INTO User_Credentials VALUES ("54B2C2F8081310E3", "96ec13d5ec40f735763e59fc46eb0a786681284d7adbdc0f2d8e0bd5abdc448"); 
INSERT INTO Vaccination VALUES ("54B2C2F8081310E3_1", "54B2C2F8081310E3", "LPPMRL98C27G273N", "janssen", "2021-06-27", 1); 
INSERT INTO Vaccination VALUES ("54B2C2F8081310E3_2", "54B2C2F8081310E3", null, null, "2022-03-24 16:00:00", 2); 

INSERT INTO Vac_User VALUES ("F83900350DC94C6A","Golden","Hahn","Sanders","1965-06-05",1,"goldenhahn@poochies.com","+39 (883) 476-2971","none"); 
INSERT INTO User_Credentials VALUES ("F83900350DC94C6A", "96ec13d5ec40f735763e59fc46eb0a786681284d7adbdc0f2d8e0bd5abdc448"); 
INSERT INTO Vaccination VALUES ("F83900350DC94C6A_1", "F83900350DC94C6A", "LPPMRL98C27G273N", "astrazeneca", "2021-09-08", 1); 
INSERT INTO Vaccination VALUES ("F83900350DC94C6A_2", "F83900350DC94C6A", null, null, "2022-02-27 11:00:00", 2); 

INSERT INTO Vac_User VALUES ("031D63776144D92D","Perkins","Beck","Dixonville","1962-01-10",3,"perkinsbeck@poochies.com","+39 (890) 480-2161","over65"); 
INSERT INTO User_Credentials VALUES ("031D63776144D92D", "96ec13d5ec40f735763e59fc46eb0a786681284d7adbdc0f2d8e0bd5abdc448"); 
INSERT INTO Vaccination VALUES ("031D63776144D92D_1", "031D63776144D92D", "PVGCGR99C27G273N", "moderna", "2021-03-19", 1); 
INSERT INTO Vaccination VALUES ("031D63776144D92D_2", "031D63776144D92D", null, null, "2022-03-26 09:00:00", 2); 

INSERT INTO Vac_User VALUES ("E08A630208C67E0D","Holloway","Walters","Clara","1989-10-20",2,"hollowaywalters@poochies.com","+39 (935) 594-3344","over65"); 
INSERT INTO User_Credentials VALUES ("E08A630208C67E0D", "96ec13d5ec40f735763e59fc46eb0a786681284d7adbdc0f2d8e0bd5abdc448"); 
INSERT INTO Vaccination VALUES ("E08A630208C67E0D_1", "E08A630208C67E0D", "PVGCGR99C27G273N", "moderna", "2021-12-08", 1); 
INSERT INTO Vaccination VALUES ("E08A630208C67E0D_2", "E08A630208C67E0D", null, null, "2022-03-10 11:00:00", 2); 

INSERT INTO Vac_User VALUES ("2398D5C4656303C5","Doris","Hart","Hackneyville","1989-09-22",1,"dorishart@poochies.com","+39 (856) 441-3115","over65"); 
INSERT INTO User_Credentials VALUES ("2398D5C4656303C5", "96ec13d5ec40f735763e59fc46eb0a786681284d7adbdc0f2d8e0bd5abdc448"); 
INSERT INTO Vaccination VALUES ("2398D5C4656303C5_1", "2398D5C4656303C5", "PVGCGR99C27G273N", "pfizer", "2021-08-02", 1); 
INSERT INTO Vaccination VALUES ("2398D5C4656303C5_2", "2398D5C4656303C5", null, null, "2022-03-12 15:00:00", 2); 

INSERT INTO Vac_User VALUES ("E1C4BAD80797EF41","Payne","Suarez","Gallina","1972-07-24",3,"paynesuarez@poochies.com","+39 (832) 422-3962","fragile"); 
INSERT INTO User_Credentials VALUES ("E1C4BAD80797EF41", "96ec13d5ec40f735763e59fc46eb0a786681284d7adbdc0f2d8e0bd5abdc448"); 
INSERT INTO Vaccination VALUES ("E1C4BAD80797EF41_1", "E1C4BAD80797EF41", "NRIGSP98C27G273N", "janssen", "2021-03-31", 1); 
INSERT INTO Vaccination VALUES ("E1C4BAD80797EF41_2", "E1C4BAD80797EF41", null, null, "2022-02-24 13:00:00", 2); 

INSERT INTO Vac_User VALUES ("20EC2D02AE705A75","Kenya","Doyle","Century","1976-07-26",3,"kenyadoyle@poochies.com","+39 (966) 597-3255","over65"); 
INSERT INTO User_Credentials VALUES ("20EC2D02AE705A75", "96ec13d5ec40f735763e59fc46eb0a786681284d7adbdc0f2d8e0bd5abdc448"); 
INSERT INTO Vaccination VALUES ("20EC2D02AE705A75_1", "20EC2D02AE705A75", "LPPMRL98C27G273N", "astrazeneca", "2021-03-10", 1); 
INSERT INTO Vaccination VALUES ("20EC2D02AE705A75_2", "20EC2D02AE705A75", null, null, "2022-02-27 11:00:00", 2); 

INSERT INTO Vac_User VALUES ("FEBECA4C995CFCC6","Silva","Lamb","Floriston","1965-02-02",3,"silvalamb@poochies.com","+39 (806) 490-3364","over65"); 
INSERT INTO User_Credentials VALUES ("FEBECA4C995CFCC6", "96ec13d5ec40f735763e59fc46eb0a786681284d7adbdc0f2d8e0bd5abdc448"); 
INSERT INTO Vaccination VALUES ("FEBECA4C995CFCC6_1", "FEBECA4C995CFCC6", "LPPMRL98C27G273N", "janssen", "2021-10-07", 1); 
INSERT INTO Vaccination VALUES ("FEBECA4C995CFCC6_2", "FEBECA4C995CFCC6", null, null, "2022-03-04 18:00:00", 2); 

INSERT INTO Vac_User VALUES ("EC3E06A9C277F630","Betty","Cabrera","Lynn","1956-05-04",2,"bettycabrera@poochies.com","+39 (911) 591-2173","fragile"); 
INSERT INTO User_Credentials VALUES ("EC3E06A9C277F630", "96ec13d5ec40f735763e59fc46eb0a786681284d7adbdc0f2d8e0bd5abdc448"); 
INSERT INTO Vaccination VALUES ("EC3E06A9C277F630_1", "EC3E06A9C277F630", "LPPMRL98C27G273N", "astrazeneca", "2021-03-29", 1); 
INSERT INTO Vaccination VALUES ("EC3E06A9C277F630_2", "EC3E06A9C277F630", null, null, "2022-03-19 13:00:00", 2); 

INSERT INTO Vac_User VALUES ("578E244DBCE3B4F3","Helene","Parks","Adelino","1943-03-02",3,"heleneparks@poochies.com","+39 (972) 481-3873","none"); 
INSERT INTO User_Credentials VALUES ("578E244DBCE3B4F3", "96ec13d5ec40f735763e59fc46eb0a786681284d7adbdc0f2d8e0bd5abdc448"); 
INSERT INTO Vaccination VALUES ("578E244DBCE3B4F3_1", "578E244DBCE3B4F3", "VCRBNC99D27G273N", "astrazeneca", "2021-08-09", 1); 
INSERT INTO Vaccination VALUES ("578E244DBCE3B4F3_2", "578E244DBCE3B4F3", null, null, "2022-02-28 09:00:00", 2); 

INSERT INTO Vac_User VALUES ("D787AB9EA7A636A2","Robyn","Jimenez","Crucible","1997-09-15",2,"robynjimenez@poochies.com","+39 (823) 510-2381","over65"); 
INSERT INTO User_Credentials VALUES ("D787AB9EA7A636A2", "96ec13d5ec40f735763e59fc46eb0a786681284d7adbdc0f2d8e0bd5abdc448"); 
INSERT INTO Vaccination VALUES ("D787AB9EA7A636A2_1", "D787AB9EA7A636A2", "NRIGSP98C27G273N", "janssen", "2021-08-15", 1); 
INSERT INTO Vaccination VALUES ("D787AB9EA7A636A2_2", "D787AB9EA7A636A2", null, null, "2022-03-02 15:00:00", 2); 

INSERT INTO Vac_User VALUES ("4FDEF96B764C8CA4","Joan","Fields","Gerber","1992-11-01",1,"joanfields@poochies.com","+39 (949) 542-3470","over65"); 
INSERT INTO User_Credentials VALUES ("4FDEF96B764C8CA4", "96ec13d5ec40f735763e59fc46eb0a786681284d7adbdc0f2d8e0bd5abdc448"); 
INSERT INTO Vaccination VALUES ("4FDEF96B764C8CA4_1", "4FDEF96B764C8CA4", "NRIGSP98C27G273N", "janssen", "2021-01-07", 1); 
INSERT INTO Vaccination VALUES ("4FDEF96B764C8CA4_2", "4FDEF96B764C8CA4", null, null, "2022-03-17 10:00:00", 2); 

INSERT INTO Vac_User VALUES ("822DB0A8CE6BD639","Lamb","Mcfarland","Caroline","1992-08-06",1,"lambmcfarland@poochies.com","+39 (927) 400-2316","none"); 
INSERT INTO User_Credentials VALUES ("822DB0A8CE6BD639", "96ec13d5ec40f735763e59fc46eb0a786681284d7adbdc0f2d8e0bd5abdc448"); 
INSERT INTO Vaccination VALUES ("822DB0A8CE6BD639_1", "822DB0A8CE6BD639", "LPPMRL98C27G273N", "moderna", "2021-09-10", 1); 
INSERT INTO Vaccination VALUES ("822DB0A8CE6BD639_2", "822DB0A8CE6BD639", null, null, "2022-02-25 11:00:00", 2); 

INSERT INTO Vac_User VALUES ("FCDFBA4A500D71C6","Serrano","Welch","Waukeenah","1945-02-18",2,"serranowelch@poochies.com","+39 (888) 401-3487","fragile"); 
INSERT INTO User_Credentials VALUES ("FCDFBA4A500D71C6", "96ec13d5ec40f735763e59fc46eb0a786681284d7adbdc0f2d8e0bd5abdc448"); 
INSERT INTO Vaccination VALUES ("FCDFBA4A500D71C6_1", "FCDFBA4A500D71C6", "LPPMRL98C27G273N", "astrazeneca", "2021-01-11", 1); 
INSERT INTO Vaccination VALUES ("FCDFBA4A500D71C6_2", "FCDFBA4A500D71C6", null, null, "2022-02-28 17:00:00", 2); 

INSERT INTO Vac_User VALUES ("EA4DECD644353F10","Henry","Thomas","Genoa","1994-08-12",3,"henrythomas@poochies.com","+39 (962) 431-3271","fragile"); 
INSERT INTO User_Credentials VALUES ("EA4DECD644353F10", "96ec13d5ec40f735763e59fc46eb0a786681284d7adbdc0f2d8e0bd5abdc448"); 
INSERT INTO Vaccination VALUES ("EA4DECD644353F10_1", "EA4DECD644353F10", "DCRRGG98C27G273N", "astrazeneca", "2021-11-19", 1); 
INSERT INTO Vaccination VALUES ("EA4DECD644353F10_2", "EA4DECD644353F10", null, null, "2022-03-20 15:00:00", 2); 

INSERT INTO Vac_User VALUES ("1591EC0FB49E071F","Carmella","Tyler","Hachita","1944-10-18",1,"carmellatyler@poochies.com","+39 (986) 435-3303","over65"); 
INSERT INTO User_Credentials VALUES ("1591EC0FB49E071F", "96ec13d5ec40f735763e59fc46eb0a786681284d7adbdc0f2d8e0bd5abdc448"); 
INSERT INTO Vaccination VALUES ("1591EC0FB49E071F_1", "1591EC0FB49E071F", "LPPMRL98C27G273N", "astrazeneca", "2021-07-06", 1); 
INSERT INTO Vaccination VALUES ("1591EC0FB49E071F_2", "1591EC0FB49E071F", null, null, "2022-03-23 16:00:00", 2); 

INSERT INTO Vac_User VALUES ("F54698392A2A22B7","Iva","Nguyen","Newkirk","2005-02-04",3,"ivanguyen@poochies.com","+39 (859) 560-2160","over65"); 
INSERT INTO User_Credentials VALUES ("F54698392A2A22B7", "96ec13d5ec40f735763e59fc46eb0a786681284d7adbdc0f2d8e0bd5abdc448"); 
INSERT INTO Vaccination VALUES ("F54698392A2A22B7_1", "F54698392A2A22B7", "DCRRGG98C27G273N", "moderna", "2021-09-26", 1); 
INSERT INTO Vaccination VALUES ("F54698392A2A22B7_2", "F54698392A2A22B7", null, null, "2022-03-08 14:00:00", 2); 

INSERT INTO Vac_User VALUES ("8D3DBDEADBF49A69","Joni","Alexander","Blanco","1941-11-07",2,"jonialexander@poochies.com","+39 (905) 495-3998","none"); 
INSERT INTO User_Credentials VALUES ("8D3DBDEADBF49A69", "96ec13d5ec40f735763e59fc46eb0a786681284d7adbdc0f2d8e0bd5abdc448"); 
INSERT INTO Vaccination VALUES ("8D3DBDEADBF49A69_1", "8D3DBDEADBF49A69", "LPPMRL98C27G273N", "pfizer", "2021-04-23", 1); 
INSERT INTO Vaccination VALUES ("8D3DBDEADBF49A69_2", "8D3DBDEADBF49A69", null, null, "2022-03-03 14:00:00", 2); 

INSERT INTO Vac_User VALUES ("FB5CF1B148475744","Becky","Bradley","Oley","1972-03-15",1,"beckybradley@poochies.com","+39 (847) 492-2940","none"); 
INSERT INTO User_Credentials VALUES ("FB5CF1B148475744", "96ec13d5ec40f735763e59fc46eb0a786681284d7adbdc0f2d8e0bd5abdc448"); 
INSERT INTO Vaccination VALUES ("FB5CF1B148475744_1", "FB5CF1B148475744", "VCRBNC99D27G273N", "pfizer", "2021-05-05", 1); 
INSERT INTO Vaccination VALUES ("FB5CF1B148475744_2", "FB5CF1B148475744", null, null, "2022-03-16 09:00:00", 2); 

INSERT INTO Vac_User VALUES ("76FF9B05F21B334A","Jana","Gamble","Canby","1946-08-08",1,"janagamble@poochies.com","+39 (895) 518-3188","fragile"); 
INSERT INTO User_Credentials VALUES ("76FF9B05F21B334A", "96ec13d5ec40f735763e59fc46eb0a786681284d7adbdc0f2d8e0bd5abdc448"); 
INSERT INTO Vaccination VALUES ("76FF9B05F21B334A_1", "76FF9B05F21B334A", "DCRRGG98C27G273N", "moderna", "2021-10-26", 1); 
INSERT INTO Vaccination VALUES ("76FF9B05F21B334A_2", "76FF9B05F21B334A", null, null, "2022-03-14 15:00:00", 2); 

INSERT INTO Vac_User VALUES ("4A52BD07092E330F","Jodi","Mcintosh","Cavalero","1952-09-21",2,"jodimcintosh@poochies.com","+39 (813) 444-3108","fragile"); 
INSERT INTO User_Credentials VALUES ("4A52BD07092E330F", "96ec13d5ec40f735763e59fc46eb0a786681284d7adbdc0f2d8e0bd5abdc448"); 
INSERT INTO Vaccination VALUES ("4A52BD07092E330F_1", "4A52BD07092E330F", "LPPMRL98C27G273N", "moderna", "2021-04-19", 1); 
INSERT INTO Vaccination VALUES ("4A52BD07092E330F_2", "4A52BD07092E330F", null, null, "2022-02-27 14:00:00", 2); 

INSERT INTO Vac_User VALUES ("A8B7A039F0CB0EB3","Barnett","Adkins","Blairstown","1984-02-13",2,"barnettadkins@poochies.com","+39 (841) 487-3166","none"); 
INSERT INTO User_Credentials VALUES ("A8B7A039F0CB0EB3", "96ec13d5ec40f735763e59fc46eb0a786681284d7adbdc0f2d8e0bd5abdc448"); 
INSERT INTO Vaccination VALUES ("A8B7A039F0CB0EB3_1", "A8B7A039F0CB0EB3", "LPPMRL98C27G273N", "moderna", "2021-06-24", 1); 
INSERT INTO Vaccination VALUES ("A8B7A039F0CB0EB3_2", "A8B7A039F0CB0EB3", null, null, "2022-03-06 11:00:00", 2); 

INSERT INTO Vac_User VALUES ("9EACD9D32F454B62","Massey","Sweet","Sylvanite","1959-02-07",3,"masseysweet@poochies.com","+39 (933) 509-3047","none"); 
INSERT INTO User_Credentials VALUES ("9EACD9D32F454B62", "96ec13d5ec40f735763e59fc46eb0a786681284d7adbdc0f2d8e0bd5abdc448"); 
INSERT INTO Vaccination VALUES ("9EACD9D32F454B62_1", "9EACD9D32F454B62", "PVGCGR99C27G273N", "pfizer", "2021-12-05", 1); 
INSERT INTO Vaccination VALUES ("9EACD9D32F454B62_2", "9EACD9D32F454B62", null, null, "2022-03-13 12:00:00", 2); 

INSERT INTO Vac_User VALUES ("5E1E1FE8F28B86AD","Snider","Pugh","Dorneyville","1958-02-15",3,"sniderpugh@poochies.com","+39 (915) 470-2284","none"); 
INSERT INTO User_Credentials VALUES ("5E1E1FE8F28B86AD", "96ec13d5ec40f735763e59fc46eb0a786681284d7adbdc0f2d8e0bd5abdc448"); 
INSERT INTO Vaccination VALUES ("5E1E1FE8F28B86AD_1", "5E1E1FE8F28B86AD", "VCRBNC99D27G273N", "pfizer", "2021-01-09", 1); 
INSERT INTO Vaccination VALUES ("5E1E1FE8F28B86AD_2", "5E1E1FE8F28B86AD", null, null, "2022-03-25 12:00:00", 2); 

INSERT INTO Vac_User VALUES ("7E2F1DB84381DA79","Charlene","Mcdowell","Orviston","1972-06-05",2,"charlenemcdowell@poochies.com","+39 (940) 443-3477","over65"); 
INSERT INTO User_Credentials VALUES ("7E2F1DB84381DA79", "96ec13d5ec40f735763e59fc46eb0a786681284d7adbdc0f2d8e0bd5abdc448"); 
INSERT INTO Vaccination VALUES ("7E2F1DB84381DA79_1", "7E2F1DB84381DA79", "NRIGSP98C27G273N", "astrazeneca", "2021-02-23", 1); 
INSERT INTO Vaccination VALUES ("7E2F1DB84381DA79_2", "7E2F1DB84381DA79", null, null, "2022-02-24 15:00:00", 2); 

INSERT INTO Vac_User VALUES ("1735A6F9E300DB05","Kane","Mueller","Hollins","1962-08-07",1,"kanemueller@poochies.com","+39 (861) 531-2843","none"); 
INSERT INTO User_Credentials VALUES ("1735A6F9E300DB05", "96ec13d5ec40f735763e59fc46eb0a786681284d7adbdc0f2d8e0bd5abdc448"); 
INSERT INTO Vaccination VALUES ("1735A6F9E300DB05_1", "1735A6F9E300DB05", "NRIGSP98C27G273N", "janssen", "2021-03-08", 1); 
INSERT INTO Vaccination VALUES ("1735A6F9E300DB05_2", "1735A6F9E300DB05", null, null, "2022-03-18 12:00:00", 2); 

INSERT INTO Vac_User VALUES ("CF407EC8C229B5A9","Small","Mccormick","Selma","1954-11-04",1,"smallmccormick@poochies.com","+39 (976) 488-2463","over65"); 
INSERT INTO User_Credentials VALUES ("CF407EC8C229B5A9", "96ec13d5ec40f735763e59fc46eb0a786681284d7adbdc0f2d8e0bd5abdc448"); 
INSERT INTO Vaccination VALUES ("CF407EC8C229B5A9_1", "CF407EC8C229B5A9", "DCRRGG98C27G273N", "moderna", "2021-11-25", 1); 
INSERT INTO Vaccination VALUES ("CF407EC8C229B5A9_2", "CF407EC8C229B5A9", null, null, "2022-03-08 10:00:00", 2); 

INSERT INTO Vac_User VALUES ("51EE1C80AA9548EA","Owen","Mejia","Sandston","1990-02-11",2,"owenmejia@poochies.com","+39 (955) 495-3013","none"); 
INSERT INTO User_Credentials VALUES ("51EE1C80AA9548EA", "96ec13d5ec40f735763e59fc46eb0a786681284d7adbdc0f2d8e0bd5abdc448"); 
INSERT INTO Vaccination VALUES ("51EE1C80AA9548EA_1", "51EE1C80AA9548EA", "NRIGSP98C27G273N", "pfizer", "2021-09-03", 1); 
INSERT INTO Vaccination VALUES ("51EE1C80AA9548EA_2", "51EE1C80AA9548EA", null, null, "2022-03-24 10:00:00", 2); 

INSERT INTO Vac_User VALUES ("D60446154DEDA8BD","Marquita","Garrison","Cascades","1973-05-21",2,"marquitagarrison@poochies.com","+39 (879) 435-2975","over65"); 
INSERT INTO User_Credentials VALUES ("D60446154DEDA8BD", "96ec13d5ec40f735763e59fc46eb0a786681284d7adbdc0f2d8e0bd5abdc448"); 
INSERT INTO Vaccination VALUES ("D60446154DEDA8BD_1", "D60446154DEDA8BD", "LPPMRL98C27G273N", "astrazeneca", "2021-10-27", 1); 
INSERT INTO Vaccination VALUES ("D60446154DEDA8BD_2", "D60446154DEDA8BD", null, null, "2022-03-22 15:00:00", 2); 

INSERT INTO Vac_User VALUES ("1BF79BD901F63434","Townsend","Avery","Cliff","2000-08-11",2,"townsendavery@poochies.com","+39 (898) 570-3142","fragile"); 
INSERT INTO User_Credentials VALUES ("1BF79BD901F63434", "96ec13d5ec40f735763e59fc46eb0a786681284d7adbdc0f2d8e0bd5abdc448"); 
INSERT INTO Vaccination VALUES ("1BF79BD901F63434_1", "1BF79BD901F63434", "VCRBNC99D27G273N", "moderna", "2021-05-30", 1); 
INSERT INTO Vaccination VALUES ("1BF79BD901F63434_2", "1BF79BD901F63434", null, null, "2022-03-21 18:00:00", 2); 

INSERT INTO Vac_User VALUES ("6EAD544699EE8AC3","Jackie","George","Chelsea","1950-05-13",2,"jackiegeorge@poochies.com","+39 (831) 416-2815","fragile"); 
INSERT INTO User_Credentials VALUES ("6EAD544699EE8AC3", "96ec13d5ec40f735763e59fc46eb0a786681284d7adbdc0f2d8e0bd5abdc448"); 
INSERT INTO Vaccination VALUES ("6EAD544699EE8AC3_1", "6EAD544699EE8AC3", "LPPMRL98C27G273N", "janssen", "2021-01-21", 1); 
INSERT INTO Vaccination VALUES ("6EAD544699EE8AC3_2", "6EAD544699EE8AC3", null, null, "2022-03-14 09:00:00", 2); 

INSERT INTO Vac_User VALUES ("53E3AA8FA0CB0BBC","Alston","Harrell","Garberville","2004-12-23",2,"alstonharrell@poochies.com","+39 (986) 450-3602","none"); 
INSERT INTO User_Credentials VALUES ("53E3AA8FA0CB0BBC", "96ec13d5ec40f735763e59fc46eb0a786681284d7adbdc0f2d8e0bd5abdc448"); 
INSERT INTO Vaccination VALUES ("53E3AA8FA0CB0BBC_1", "53E3AA8FA0CB0BBC", "DCRRGG98C27G273N", "moderna", "2021-03-08", 1); 
INSERT INTO Vaccination VALUES ("53E3AA8FA0CB0BBC_2", "53E3AA8FA0CB0BBC", null, null, "2022-03-03 12:00:00", 2); 

INSERT INTO Vac_User VALUES ("9A5E2EA93FE82284","Steele","Sheppard","Callaghan","1979-06-04",3,"steelesheppard@poochies.com","+39 (911) 570-2895","fragile"); 
INSERT INTO User_Credentials VALUES ("9A5E2EA93FE82284", "96ec13d5ec40f735763e59fc46eb0a786681284d7adbdc0f2d8e0bd5abdc448"); 
INSERT INTO Vaccination VALUES ("9A5E2EA93FE82284_1", "9A5E2EA93FE82284", "VCRBNC99D27G273N", "pfizer", "2021-10-21", 1); 
INSERT INTO Vaccination VALUES ("9A5E2EA93FE82284_2", "9A5E2EA93FE82284", null, null, "2022-03-28 09:00:00", 2); 

INSERT INTO Vac_User VALUES ("C5213334BBE4CEEA","Bonita","Carey","Jenkinsville","1969-09-20",3,"bonitacarey@poochies.com","+39 (846) 453-3226","none"); 
INSERT INTO User_Credentials VALUES ("C5213334BBE4CEEA", "96ec13d5ec40f735763e59fc46eb0a786681284d7adbdc0f2d8e0bd5abdc448"); 
INSERT INTO Vaccination VALUES ("C5213334BBE4CEEA_1", "C5213334BBE4CEEA", "VCRBNC99D27G273N", "moderna", "2021-05-24", 1); 
INSERT INTO Vaccination VALUES ("C5213334BBE4CEEA_2", "C5213334BBE4CEEA", null, null, "2022-02-26 15:00:00", 2); 

INSERT INTO Vac_User VALUES ("7DB4C96AF1B8121F","Olive","Fleming","Roulette","1966-03-05",3,"olivefleming@poochies.com","+39 (993) 405-3045","fragile"); 
INSERT INTO User_Credentials VALUES ("7DB4C96AF1B8121F", "96ec13d5ec40f735763e59fc46eb0a786681284d7adbdc0f2d8e0bd5abdc448"); 
INSERT INTO Vaccination VALUES ("7DB4C96AF1B8121F_1", "7DB4C96AF1B8121F", "LPPMRL98C27G273N", "janssen", "2021-09-27", 1); 
INSERT INTO Vaccination VALUES ("7DB4C96AF1B8121F_2", "7DB4C96AF1B8121F", null, null, "2022-03-22 15:00:00", 2); 

INSERT INTO Vac_User VALUES ("2FFD0845C03A2158","Gray","Reed","Rockingham","1993-09-22",2,"grayreed@poochies.com","+39 (949) 534-3780","none"); 
INSERT INTO User_Credentials VALUES ("2FFD0845C03A2158", "96ec13d5ec40f735763e59fc46eb0a786681284d7adbdc0f2d8e0bd5abdc448"); 
INSERT INTO Vaccination VALUES ("2FFD0845C03A2158_1", "2FFD0845C03A2158", "PVGCGR99C27G273N", "janssen", "2021-10-08", 1); 
INSERT INTO Vaccination VALUES ("2FFD0845C03A2158_2", "2FFD0845C03A2158", null, null, "2022-03-14 15:00:00", 2); 

INSERT INTO Vac_User VALUES ("19BA47C986CD6C42","Wade","Mcgowan","Hobucken","1953-04-09",2,"wademcgowan@poochies.com","+39 (824) 402-2327","over65"); 
INSERT INTO User_Credentials VALUES ("19BA47C986CD6C42", "96ec13d5ec40f735763e59fc46eb0a786681284d7adbdc0f2d8e0bd5abdc448"); 
INSERT INTO Vaccination VALUES ("19BA47C986CD6C42_1", "19BA47C986CD6C42", "LPPMRL98C27G273N", "janssen", "2021-02-07", 1); 
INSERT INTO Vaccination VALUES ("19BA47C986CD6C42_2", "19BA47C986CD6C42", null, null, "2022-03-14 10:00:00", 2); 

INSERT INTO Vac_User VALUES ("8065D7D1C2EE8CC6","English","Foreman","Brethren","1976-05-12",1,"englishforeman@poochies.com","+39 (952) 594-2048","none"); 
INSERT INTO User_Credentials VALUES ("8065D7D1C2EE8CC6", "96ec13d5ec40f735763e59fc46eb0a786681284d7adbdc0f2d8e0bd5abdc448"); 
INSERT INTO Vaccination VALUES ("8065D7D1C2EE8CC6_1", "8065D7D1C2EE8CC6", "LPPMRL98C27G273N", "astrazeneca", "2021-12-20", 1); 
INSERT INTO Vaccination VALUES ("8065D7D1C2EE8CC6_2", "8065D7D1C2EE8CC6", null, null, "2022-03-14 10:00:00", 2); 

INSERT INTO Vac_User VALUES ("F7E708DC2E94A611","Porter","Houston","Wedgewood","1962-11-03",3,"porterhouston@poochies.com","+39 (926) 559-2517","none"); 
INSERT INTO User_Credentials VALUES ("F7E708DC2E94A611", "96ec13d5ec40f735763e59fc46eb0a786681284d7adbdc0f2d8e0bd5abdc448"); 
INSERT INTO Vaccination VALUES ("F7E708DC2E94A611_1", "F7E708DC2E94A611", "DCRRGG98C27G273N", "moderna", "2021-09-16", 1); 
INSERT INTO Vaccination VALUES ("F7E708DC2E94A611_2", "F7E708DC2E94A611", null, null, "2022-03-13 11:00:00", 2); 

INSERT INTO Vac_User VALUES ("5FCB06F3252BFA4F","Denise","Whitfield","Clayville","1989-04-03",2,"denisewhitfield@poochies.com","+39 (897) 596-2724","none"); 
INSERT INTO User_Credentials VALUES ("5FCB06F3252BFA4F", "96ec13d5ec40f735763e59fc46eb0a786681284d7adbdc0f2d8e0bd5abdc448"); 
INSERT INTO Vaccination VALUES ("5FCB06F3252BFA4F_1", "5FCB06F3252BFA4F", "NRIGSP98C27G273N", "janssen", "2021-03-08", 1); 
INSERT INTO Vaccination VALUES ("5FCB06F3252BFA4F_2", "5FCB06F3252BFA4F", null, null, "2022-03-16 14:00:00", 2); 

INSERT INTO Vac_User VALUES ("CA974AAEC989DAEC","Mallory","Peterson","Nord","2004-03-15",2,"mallorypeterson@poochies.com","+39 (944) 499-2566","fragile"); 
INSERT INTO User_Credentials VALUES ("CA974AAEC989DAEC", "96ec13d5ec40f735763e59fc46eb0a786681284d7adbdc0f2d8e0bd5abdc448"); 
INSERT INTO Vaccination VALUES ("CA974AAEC989DAEC_1", "CA974AAEC989DAEC", "NRIGSP98C27G273N", "astrazeneca", "2021-07-29", 1); 
INSERT INTO Vaccination VALUES ("CA974AAEC989DAEC_2", "CA974AAEC989DAEC", null, null, "2022-03-15 17:00:00", 2); 

INSERT INTO Vac_User VALUES ("D1A59644BDE30E13","Angela","Roman","Berlin","2007-10-01",3,"angelaroman@poochies.com","+39 (900) 440-2457","fragile"); 
INSERT INTO User_Credentials VALUES ("D1A59644BDE30E13", "96ec13d5ec40f735763e59fc46eb0a786681284d7adbdc0f2d8e0bd5abdc448"); 
INSERT INTO Vaccination VALUES ("D1A59644BDE30E13_1", "D1A59644BDE30E13", "LPPMRL98C27G273N", "janssen", "2021-10-15", 1); 
INSERT INTO Vaccination VALUES ("D1A59644BDE30E13_2", "D1A59644BDE30E13", null, null, "2022-03-19 18:00:00", 2); 

INSERT INTO Vac_User VALUES ("CD0A3526CE43D12E","Lora","Wynn","Franklin","1971-02-20",2,"lorawynn@poochies.com","+39 (894) 560-3492","fragile"); 
INSERT INTO User_Credentials VALUES ("CD0A3526CE43D12E", "96ec13d5ec40f735763e59fc46eb0a786681284d7adbdc0f2d8e0bd5abdc448"); 
INSERT INTO Vaccination VALUES ("CD0A3526CE43D12E_1", "CD0A3526CE43D12E", "NRIGSP98C27G273N", "moderna", "2021-09-26", 1); 
INSERT INTO Vaccination VALUES ("CD0A3526CE43D12E_2", "CD0A3526CE43D12E", null, null, "2022-03-02 16:00:00", 2); 

INSERT INTO Vac_User VALUES ("01529ACF4BEC9F38","Meredith","Ware","Newry","1965-01-23",1,"meredithware@poochies.com","+39 (972) 481-3821","none"); 
INSERT INTO User_Credentials VALUES ("01529ACF4BEC9F38", "96ec13d5ec40f735763e59fc46eb0a786681284d7adbdc0f2d8e0bd5abdc448"); 
INSERT INTO Vaccination VALUES ("01529ACF4BEC9F38_1", "01529ACF4BEC9F38", "NRIGSP98C27G273N", "astrazeneca", "2021-08-18", 1); 
INSERT INTO Vaccination VALUES ("01529ACF4BEC9F38_2", "01529ACF4BEC9F38", null, null, "2022-03-16 11:00:00", 2); 

INSERT INTO Vac_User VALUES ("3909FA459CFE42ED","Drake","Russo","Winchester","1984-05-28",3,"drakerusso@poochies.com","+39 (951) 592-2244","none"); 
INSERT INTO User_Credentials VALUES ("3909FA459CFE42ED", "96ec13d5ec40f735763e59fc46eb0a786681284d7adbdc0f2d8e0bd5abdc448"); 
INSERT INTO Vaccination VALUES ("3909FA459CFE42ED_1", "3909FA459CFE42ED", "PVGCGR99C27G273N", "astrazeneca", "2021-09-18", 1); 
INSERT INTO Vaccination VALUES ("3909FA459CFE42ED_2", "3909FA459CFE42ED", null, null, "2022-03-17 12:00:00", 2); 

INSERT INTO Vac_User VALUES ("F8617286803190D9","Hartman","Barry","Escondida","1976-02-29",1,"hartmanbarry@poochies.com","+39 (870) 461-3521","fragile"); 
INSERT INTO User_Credentials VALUES ("F8617286803190D9", "96ec13d5ec40f735763e59fc46eb0a786681284d7adbdc0f2d8e0bd5abdc448"); 
INSERT INTO Vaccination VALUES ("F8617286803190D9_1", "F8617286803190D9", "DCRRGG98C27G273N", "moderna", "2021-03-24", 1); 
INSERT INTO Vaccination VALUES ("F8617286803190D9_2", "F8617286803190D9", null, null, "2022-03-18 13:00:00", 2); 

INSERT INTO Vac_User VALUES ("C86455D0292EB57E","Harrington","Brown","Edneyville","1945-03-30",1,"harringtonbrown@poochies.com","+39 (822) 596-2156","over65"); 
INSERT INTO User_Credentials VALUES ("C86455D0292EB57E", "96ec13d5ec40f735763e59fc46eb0a786681284d7adbdc0f2d8e0bd5abdc448"); 
INSERT INTO Vaccination VALUES ("C86455D0292EB57E_1", "C86455D0292EB57E", "LPPMRL98C27G273N", "janssen", "2021-12-22", 1); 
INSERT INTO Vaccination VALUES ("C86455D0292EB57E_2", "C86455D0292EB57E", null, null, "2022-02-24 15:00:00", 2); 

INSERT INTO Vac_User VALUES ("E93DC6B812285882","Bates","Robles","Olney","2000-09-19",2,"batesrobles@poochies.com","+39 (980) 447-3430","over65"); 
INSERT INTO User_Credentials VALUES ("E93DC6B812285882", "96ec13d5ec40f735763e59fc46eb0a786681284d7adbdc0f2d8e0bd5abdc448"); 
INSERT INTO Vaccination VALUES ("E93DC6B812285882_1", "E93DC6B812285882", "PVGCGR99C27G273N", "moderna", "2021-06-11", 1); 
INSERT INTO Vaccination VALUES ("E93DC6B812285882_2", "E93DC6B812285882", null, null, "2022-02-27 15:00:00", 2); 

INSERT INTO Vac_User VALUES ("AD9BA94C2F220A1F","Cobb","Chavez","Corriganville","2004-06-28",1,"cobbchavez@poochies.com","+39 (897) 407-3744","fragile"); 
INSERT INTO User_Credentials VALUES ("AD9BA94C2F220A1F", "96ec13d5ec40f735763e59fc46eb0a786681284d7adbdc0f2d8e0bd5abdc448"); 
INSERT INTO Vaccination VALUES ("AD9BA94C2F220A1F_1", "AD9BA94C2F220A1F", "PVGCGR99C27G273N", "pfizer", "2021-05-10", 1); 
INSERT INTO Vaccination VALUES ("AD9BA94C2F220A1F_2", "AD9BA94C2F220A1F", null, null, "2022-03-21 09:00:00", 2); 

INSERT INTO Vac_User VALUES ("F14818C75E0BBB61","Candy","Maldonado","Walland","1984-09-15",3,"candymaldonado@poochies.com","+39 (921) 476-3297","fragile"); 
INSERT INTO User_Credentials VALUES ("F14818C75E0BBB61", "96ec13d5ec40f735763e59fc46eb0a786681284d7adbdc0f2d8e0bd5abdc448"); 
INSERT INTO Vaccination VALUES ("F14818C75E0BBB61_1", "F14818C75E0BBB61", "NRIGSP98C27G273N", "janssen", "2021-07-08", 1); 
INSERT INTO Vaccination VALUES ("F14818C75E0BBB61_2", "F14818C75E0BBB61", null, null, "2022-02-27 14:00:00", 2); 

INSERT INTO Vac_User VALUES ("BDCF719E541EB1EA","Peters","Maynard","Orin","1993-04-19",3,"petersmaynard@poochies.com","+39 (946) 424-2147","none"); 
INSERT INTO User_Credentials VALUES ("BDCF719E541EB1EA", "96ec13d5ec40f735763e59fc46eb0a786681284d7adbdc0f2d8e0bd5abdc448"); 
INSERT INTO Vaccination VALUES ("BDCF719E541EB1EA_1", "BDCF719E541EB1EA", "PVGCGR99C27G273N", "pfizer", "2021-12-25", 1); 
INSERT INTO Vaccination VALUES ("BDCF719E541EB1EA_2", "BDCF719E541EB1EA", null, null, "2022-03-08 18:00:00", 2); 

INSERT INTO Vac_User VALUES ("32B409F5949434C4","Sharron","Parrish","Chamizal","1958-03-05",3,"sharronparrish@poochies.com","+39 (925) 524-3302","none"); 
INSERT INTO User_Credentials VALUES ("32B409F5949434C4", "96ec13d5ec40f735763e59fc46eb0a786681284d7adbdc0f2d8e0bd5abdc448"); 
INSERT INTO Vaccination VALUES ("32B409F5949434C4_1", "32B409F5949434C4", "LPPMRL98C27G273N", "janssen", "2021-09-23", 1); 
INSERT INTO Vaccination VALUES ("32B409F5949434C4_2", "32B409F5949434C4", null, null, "2022-03-17 11:00:00", 2); 

INSERT INTO Vac_User VALUES ("7916876EDD696ED0","Margery","Brewer","Emory","1985-08-19",2,"margerybrewer@poochies.com","+39 (981) 567-2013","fragile"); 
INSERT INTO User_Credentials VALUES ("7916876EDD696ED0", "96ec13d5ec40f735763e59fc46eb0a786681284d7adbdc0f2d8e0bd5abdc448"); 
INSERT INTO Vaccination VALUES ("7916876EDD696ED0_1", "7916876EDD696ED0", "NRIGSP98C27G273N", "pfizer", "2021-04-21", 1); 
INSERT INTO Vaccination VALUES ("7916876EDD696ED0_2", "7916876EDD696ED0", null, null, "2022-03-16 10:00:00", 2); 

INSERT INTO Vac_User VALUES ("2AF0016278C91471","Dunlap","Arnold","Fairlee","1970-09-11",3,"dunlaparnold@poochies.com","+39 (843) 429-2090","fragile"); 
INSERT INTO User_Credentials VALUES ("2AF0016278C91471", "96ec13d5ec40f735763e59fc46eb0a786681284d7adbdc0f2d8e0bd5abdc448"); 
INSERT INTO Vaccination VALUES ("2AF0016278C91471_1", "2AF0016278C91471", "VCRBNC99D27G273N", "astrazeneca", "2021-12-08", 1); 
INSERT INTO Vaccination VALUES ("2AF0016278C91471_2", "2AF0016278C91471", null, null, "2022-03-20 17:00:00", 2); 

INSERT INTO Vac_User VALUES ("442455A0B5026316","Peck","Gray","Winston","1969-05-09",2,"peckgray@poochies.com","+39 (812) 467-3006","over65"); 
INSERT INTO User_Credentials VALUES ("442455A0B5026316", "96ec13d5ec40f735763e59fc46eb0a786681284d7adbdc0f2d8e0bd5abdc448"); 
INSERT INTO Vaccination VALUES ("442455A0B5026316_1", "442455A0B5026316", "VCRBNC99D27G273N", "astrazeneca", "2021-02-05", 1); 
INSERT INTO Vaccination VALUES ("442455A0B5026316_2", "442455A0B5026316", null, null, "2022-03-11 18:00:00", 2); 

INSERT INTO Vac_User VALUES ("CC686D661E2AD772","Dillard","Price","Rockhill","2000-09-07",3,"dillardprice@poochies.com","+39 (863) 427-2921","none"); 
INSERT INTO User_Credentials VALUES ("CC686D661E2AD772", "96ec13d5ec40f735763e59fc46eb0a786681284d7adbdc0f2d8e0bd5abdc448"); 
INSERT INTO Vaccination VALUES ("CC686D661E2AD772_1", "CC686D661E2AD772", "PVGCGR99C27G273N", "janssen", "2021-02-17", 1); 
INSERT INTO Vaccination VALUES ("CC686D661E2AD772_2", "CC686D661E2AD772", null, null, "2022-02-22 15:00:00", 2); 

INSERT INTO Vac_User VALUES ("4E42BF2237160A6F","Rosanna","Watkins","Bentonville","1950-04-03",2,"rosannawatkins@poochies.com","+39 (811) 499-2500","over65"); 
INSERT INTO User_Credentials VALUES ("4E42BF2237160A6F", "96ec13d5ec40f735763e59fc46eb0a786681284d7adbdc0f2d8e0bd5abdc448"); 
INSERT INTO Vaccination VALUES ("4E42BF2237160A6F_1", "4E42BF2237160A6F", "NRIGSP98C27G273N", "janssen", "2021-05-05", 1); 
INSERT INTO Vaccination VALUES ("4E42BF2237160A6F_2", "4E42BF2237160A6F", null, null, "2022-03-13 18:00:00", 2); 

INSERT INTO Vac_User VALUES ("0AD3071A90B809D6","Jimmie","Nolan","Flintville","1959-01-03",2,"jimmienolan@poochies.com","+39 (953) 426-3483","none"); 
INSERT INTO User_Credentials VALUES ("0AD3071A90B809D6", "96ec13d5ec40f735763e59fc46eb0a786681284d7adbdc0f2d8e0bd5abdc448"); 
INSERT INTO Vaccination VALUES ("0AD3071A90B809D6_1", "0AD3071A90B809D6", "LPPMRL98C27G273N", "pfizer", "2021-08-16", 1); 
INSERT INTO Vaccination VALUES ("0AD3071A90B809D6_2", "0AD3071A90B809D6", null, null, "2022-03-17 14:00:00", 2); 

INSERT INTO Vac_User VALUES ("BD20601485754E60","Stacey","Alvarado","Summertown","2007-12-22",2,"staceyalvarado@poochies.com","+39 (981) 447-3489","none"); 
INSERT INTO User_Credentials VALUES ("BD20601485754E60", "96ec13d5ec40f735763e59fc46eb0a786681284d7adbdc0f2d8e0bd5abdc448"); 
INSERT INTO Vaccination VALUES ("BD20601485754E60_1", "BD20601485754E60", "LPPMRL98C27G273N", "janssen", "2021-09-11", 1); 
INSERT INTO Vaccination VALUES ("BD20601485754E60_2", "BD20601485754E60", null, null, "2022-03-22 09:00:00", 2); 

INSERT INTO Vac_User VALUES ("FB1EBA17ACB2C4C3","Kinney","Nieves","Alfarata","1977-02-11",2,"kinneynieves@poochies.com","+39 (866) 445-3506","none"); 
INSERT INTO User_Credentials VALUES ("FB1EBA17ACB2C4C3", "96ec13d5ec40f735763e59fc46eb0a786681284d7adbdc0f2d8e0bd5abdc448"); 
INSERT INTO Vaccination VALUES ("FB1EBA17ACB2C4C3_1", "FB1EBA17ACB2C4C3", "NRIGSP98C27G273N", "moderna", "2021-04-17", 1); 
INSERT INTO Vaccination VALUES ("FB1EBA17ACB2C4C3_2", "FB1EBA17ACB2C4C3", null, null, "2022-02-26 17:00:00", 2); 

INSERT INTO Vac_User VALUES ("C4F567003BC8A096","Beryl","Silva","Sattley","1962-05-26",2,"berylsilva@poochies.com","+39 (968) 596-2026","over65"); 
INSERT INTO User_Credentials VALUES ("C4F567003BC8A096", "96ec13d5ec40f735763e59fc46eb0a786681284d7adbdc0f2d8e0bd5abdc448"); 
INSERT INTO Vaccination VALUES ("C4F567003BC8A096_1", "C4F567003BC8A096", "PVGCGR99C27G273N", "astrazeneca", "2021-02-02", 1); 
INSERT INTO Vaccination VALUES ("C4F567003BC8A096_2", "C4F567003BC8A096", null, null, "2022-03-18 15:00:00", 2); 

INSERT INTO Vac_User VALUES ("6AFD773023692584","Knapp","Spears","Grandview","1967-11-07",1,"knappspears@poochies.com","+39 (858) 484-3912","fragile"); 
INSERT INTO User_Credentials VALUES ("6AFD773023692584", "96ec13d5ec40f735763e59fc46eb0a786681284d7adbdc0f2d8e0bd5abdc448"); 
INSERT INTO Vaccination VALUES ("6AFD773023692584_1", "6AFD773023692584", "VCRBNC99D27G273N", "moderna", "2021-05-16", 1); 
INSERT INTO Vaccination VALUES ("6AFD773023692584_2", "6AFD773023692584", null, null, "2022-02-24 17:00:00", 2); 

INSERT INTO Vac_User VALUES ("0C13C70D9D60F3EA","Katelyn","Farrell","Interlochen","1962-01-18",3,"katelynfarrell@poochies.com","+39 (984) 486-2606","none"); 
INSERT INTO User_Credentials VALUES ("0C13C70D9D60F3EA", "96ec13d5ec40f735763e59fc46eb0a786681284d7adbdc0f2d8e0bd5abdc448"); 
INSERT INTO Vaccination VALUES ("0C13C70D9D60F3EA_1", "0C13C70D9D60F3EA", "PVGCGR99C27G273N", "astrazeneca", "2021-04-25", 1); 
INSERT INTO Vaccination VALUES ("0C13C70D9D60F3EA_2", "0C13C70D9D60F3EA", null, null, "2022-03-25 12:00:00", 2); 

INSERT INTO Vac_User VALUES ("539030F129012222","Holly","Warner","Richville","1942-01-12",3,"hollywarner@poochies.com","+39 (992) 574-3606","over65"); 
INSERT INTO User_Credentials VALUES ("539030F129012222", "96ec13d5ec40f735763e59fc46eb0a786681284d7adbdc0f2d8e0bd5abdc448"); 
INSERT INTO Vaccination VALUES ("539030F129012222_1", "539030F129012222", "DCRRGG98C27G273N", "pfizer", "2021-06-09", 1); 
INSERT INTO Vaccination VALUES ("539030F129012222_2", "539030F129012222", null, null, "2022-02-28 18:00:00", 2); 

INSERT INTO Vac_User VALUES ("0C5B8A708DD379D2","Rosario","Kirkland","Camptown","1953-10-10",3,"rosariokirkland@poochies.com","+39 (844) 572-2591","fragile"); 
INSERT INTO User_Credentials VALUES ("0C5B8A708DD379D2", "96ec13d5ec40f735763e59fc46eb0a786681284d7adbdc0f2d8e0bd5abdc448"); 
INSERT INTO Vaccination VALUES ("0C5B8A708DD379D2_1", "0C5B8A708DD379D2", "LPPMRL98C27G273N", "moderna", "2021-07-20", 1); 
INSERT INTO Vaccination VALUES ("0C5B8A708DD379D2_2", "0C5B8A708DD379D2", null, null, "2022-03-24 17:00:00", 2); 

INSERT INTO Vac_User VALUES ("E290E02ABBE2672F","Jennie","Avila","Troy","1950-11-09",2,"jennieavila@poochies.com","+39 (917) 454-2442","fragile"); 
INSERT INTO User_Credentials VALUES ("E290E02ABBE2672F", "96ec13d5ec40f735763e59fc46eb0a786681284d7adbdc0f2d8e0bd5abdc448"); 
INSERT INTO Vaccination VALUES ("E290E02ABBE2672F_1", "E290E02ABBE2672F", "VCRBNC99D27G273N", "janssen", "2021-05-04", 1); 
INSERT INTO Vaccination VALUES ("E290E02ABBE2672F_2", "E290E02ABBE2672F", null, null, "2022-02-23 13:00:00", 2); 

INSERT INTO Vac_User VALUES ("C07A73BA5353F850","Michele","Roberson","Jessie","1945-09-22",1,"micheleroberson@poochies.com","+39 (820) 538-2446","over65"); 
INSERT INTO User_Credentials VALUES ("C07A73BA5353F850", "96ec13d5ec40f735763e59fc46eb0a786681284d7adbdc0f2d8e0bd5abdc448"); 
INSERT INTO Vaccination VALUES ("C07A73BA5353F850_1", "C07A73BA5353F850", "LPPMRL98C27G273N", "janssen", "2021-07-25", 1); 
INSERT INTO Vaccination VALUES ("C07A73BA5353F850_2", "C07A73BA5353F850", null, null, "2022-03-24 10:00:00", 2); 

INSERT INTO Vac_User VALUES ("8EB097D70D40F703","Josephine","Mays","Woodburn","1971-06-01",1,"josephinemays@poochies.com","+39 (828) 520-3416","over65"); 
INSERT INTO User_Credentials VALUES ("8EB097D70D40F703", "96ec13d5ec40f735763e59fc46eb0a786681284d7adbdc0f2d8e0bd5abdc448"); 
INSERT INTO Vaccination VALUES ("8EB097D70D40F703_1", "8EB097D70D40F703", "VCRBNC99D27G273N", "pfizer", "2021-06-24", 1); 
INSERT INTO Vaccination VALUES ("8EB097D70D40F703_2", "8EB097D70D40F703", null, null, "2022-03-12 09:00:00", 2); 

INSERT INTO Vac_User VALUES ("247FC09830772842","Mcconnell","Elliott","Williamson","1997-10-23",2,"mcconnellelliott@poochies.com","+39 (879) 445-3481","fragile"); 
INSERT INTO User_Credentials VALUES ("247FC09830772842", "96ec13d5ec40f735763e59fc46eb0a786681284d7adbdc0f2d8e0bd5abdc448"); 
INSERT INTO Vaccination VALUES ("247FC09830772842_1", "247FC09830772842", "NRIGSP98C27G273N", "moderna", "2021-11-08", 1); 
INSERT INTO Vaccination VALUES ("247FC09830772842_2", "247FC09830772842", null, null, "2022-03-06 16:00:00", 2); 

INSERT INTO Vac_User VALUES ("1D2CBF36D1C3C9AA","Mcclain","Rutledge","Marne","1984-04-15",2,"mcclainrutledge@poochies.com","+39 (840) 455-2229","fragile"); 
INSERT INTO User_Credentials VALUES ("1D2CBF36D1C3C9AA", "96ec13d5ec40f735763e59fc46eb0a786681284d7adbdc0f2d8e0bd5abdc448"); 
INSERT INTO Vaccination VALUES ("1D2CBF36D1C3C9AA_1", "1D2CBF36D1C3C9AA", "DCRRGG98C27G273N", "pfizer", "2021-07-01", 1); 
INSERT INTO Vaccination VALUES ("1D2CBF36D1C3C9AA_2", "1D2CBF36D1C3C9AA", null, null, "2022-02-28 10:00:00", 2); 

INSERT INTO Vac_User VALUES ("DE4AB5D402E5BF02","White","Hernandez","Manchester","1956-05-28",3,"whitehernandez@poochies.com","+39 (893) 497-2560","over65"); 
INSERT INTO User_Credentials VALUES ("DE4AB5D402E5BF02", "96ec13d5ec40f735763e59fc46eb0a786681284d7adbdc0f2d8e0bd5abdc448"); 
INSERT INTO Vaccination VALUES ("DE4AB5D402E5BF02_1", "DE4AB5D402E5BF02", "PVGCGR99C27G273N", "moderna", "2021-01-11", 1); 
INSERT INTO Vaccination VALUES ("DE4AB5D402E5BF02_2", "DE4AB5D402E5BF02", null, null, "2022-03-26 16:00:00", 2); 

INSERT INTO Vac_User VALUES ("FEF087357BD1869F","Walker","Duke","Chicopee","1960-06-02",2,"walkerduke@poochies.com","+39 (963) 564-3619","over65"); 
INSERT INTO User_Credentials VALUES ("FEF087357BD1869F", "96ec13d5ec40f735763e59fc46eb0a786681284d7adbdc0f2d8e0bd5abdc448"); 
INSERT INTO Vaccination VALUES ("FEF087357BD1869F_1", "FEF087357BD1869F", "NRIGSP98C27G273N", "janssen", "2021-05-05", 1); 
INSERT INTO Vaccination VALUES ("FEF087357BD1869F_2", "FEF087357BD1869F", null, null, "2022-02-27 17:00:00", 2); 

INSERT INTO Vac_User VALUES ("275228741FFCD9DE","Ball","Hyde","Corinne","2005-01-19",2,"ballhyde@poochies.com","+39 (817) 415-3644","none"); 
INSERT INTO User_Credentials VALUES ("275228741FFCD9DE", "96ec13d5ec40f735763e59fc46eb0a786681284d7adbdc0f2d8e0bd5abdc448"); 
INSERT INTO Vaccination VALUES ("275228741FFCD9DE_1", "275228741FFCD9DE", "LPPMRL98C27G273N", "janssen", "2021-09-19", 1); 
INSERT INTO Vaccination VALUES ("275228741FFCD9DE_2", "275228741FFCD9DE", null, null, "2022-03-19 15:00:00", 2); 

INSERT INTO Vac_User VALUES ("81DD1E48483BDA14","Emerson","Shepard","Frierson","1962-02-12",1,"emersonshepard@poochies.com","+39 (988) 413-3838","none"); 
INSERT INTO User_Credentials VALUES ("81DD1E48483BDA14", "96ec13d5ec40f735763e59fc46eb0a786681284d7adbdc0f2d8e0bd5abdc448"); 
INSERT INTO Vaccination VALUES ("81DD1E48483BDA14_1", "81DD1E48483BDA14", "DCRRGG98C27G273N", "astrazeneca", "2021-07-25", 1); 
INSERT INTO Vaccination VALUES ("81DD1E48483BDA14_2", "81DD1E48483BDA14", null, null, "2022-02-26 18:00:00", 2); 

INSERT INTO Vac_User VALUES ("8F2EF11B12A5AC35","Allison","Rich","Fruitdale","1964-03-10",3,"allisonrich@poochies.com","+39 (821) 418-3974","over65"); 
INSERT INTO User_Credentials VALUES ("8F2EF11B12A5AC35", "96ec13d5ec40f735763e59fc46eb0a786681284d7adbdc0f2d8e0bd5abdc448"); 
INSERT INTO Vaccination VALUES ("8F2EF11B12A5AC35_1", "8F2EF11B12A5AC35", "PVGCGR99C27G273N", "astrazeneca", "2021-01-06", 1); 
INSERT INTO Vaccination VALUES ("8F2EF11B12A5AC35_2", "8F2EF11B12A5AC35", null, null, "2022-03-03 14:00:00", 2); 

INSERT INTO Vac_User VALUES ("63F2D710D2C32E70","Merle","Long","Longoria","1994-07-23",2,"merlelong@poochies.com","+39 (912) 403-2304","fragile"); 
INSERT INTO User_Credentials VALUES ("63F2D710D2C32E70", "96ec13d5ec40f735763e59fc46eb0a786681284d7adbdc0f2d8e0bd5abdc448"); 
INSERT INTO Vaccination VALUES ("63F2D710D2C32E70_1", "63F2D710D2C32E70", "NRIGSP98C27G273N", "pfizer", "2021-11-13", 1); 
INSERT INTO Vaccination VALUES ("63F2D710D2C32E70_2", "63F2D710D2C32E70", null, null, "2022-03-07 15:00:00", 2); 

INSERT INTO Vac_User VALUES ("69B0DAE55609C29F","Jeanne","Mcbride","Boyd","1951-12-05",1,"jeannemcbride@poochies.com","+39 (982) 513-2305","over65"); 
INSERT INTO User_Credentials VALUES ("69B0DAE55609C29F", "96ec13d5ec40f735763e59fc46eb0a786681284d7adbdc0f2d8e0bd5abdc448"); 
INSERT INTO Vaccination VALUES ("69B0DAE55609C29F_1", "69B0DAE55609C29F", "VCRBNC99D27G273N", "janssen", "2021-10-29", 1); 
INSERT INTO Vaccination VALUES ("69B0DAE55609C29F_2", "69B0DAE55609C29F", null, null, "2022-03-28 15:00:00", 2); 

INSERT INTO Vac_User VALUES ("53BF7A177D76C61B","Lindsay","Foley","Dante","1945-11-17",1,"lindsayfoley@poochies.com","+39 (990) 463-2929","over65"); 
INSERT INTO User_Credentials VALUES ("53BF7A177D76C61B", "96ec13d5ec40f735763e59fc46eb0a786681284d7adbdc0f2d8e0bd5abdc448"); 
INSERT INTO Vaccination VALUES ("53BF7A177D76C61B_1", "53BF7A177D76C61B", "LPPMRL98C27G273N", "moderna", "2021-06-28", 1); 
INSERT INTO Vaccination VALUES ("53BF7A177D76C61B_2", "53BF7A177D76C61B", null, null, "2022-03-13 09:00:00", 2); 

INSERT INTO Vac_User VALUES ("4376BCF73B44438F","Billie","Cooper","Blende","1993-06-04",3,"billiecooper@poochies.com","+39 (989) 475-2134","fragile"); 
INSERT INTO User_Credentials VALUES ("4376BCF73B44438F", "96ec13d5ec40f735763e59fc46eb0a786681284d7adbdc0f2d8e0bd5abdc448"); 
INSERT INTO Vaccination VALUES ("4376BCF73B44438F_1", "4376BCF73B44438F", "VCRBNC99D27G273N", "astrazeneca", "2021-03-22", 1); 
INSERT INTO Vaccination VALUES ("4376BCF73B44438F_2", "4376BCF73B44438F", null, null, "2022-02-27 16:00:00", 2); 

INSERT INTO Vac_User VALUES ("6E071BC2A8427F29","Barker","Morales","Cumberland","1974-03-25",2,"barkermorales@poochies.com","+39 (855) 437-2992","fragile"); 
INSERT INTO User_Credentials VALUES ("6E071BC2A8427F29", "96ec13d5ec40f735763e59fc46eb0a786681284d7adbdc0f2d8e0bd5abdc448"); 
INSERT INTO Vaccination VALUES ("6E071BC2A8427F29_1", "6E071BC2A8427F29", "LPPMRL98C27G273N", "moderna", "2021-10-01", 1); 
INSERT INTO Vaccination VALUES ("6E071BC2A8427F29_2", "6E071BC2A8427F29", null, null, "2022-03-09 15:00:00", 2); 

INSERT INTO Vac_User VALUES ("5BC68DE1CAB1F191","Guerrero","Farley","Bridgetown","2000-12-14",3,"guerrerofarley@poochies.com","+39 (852) 534-2050","over65"); 
INSERT INTO User_Credentials VALUES ("5BC68DE1CAB1F191", "96ec13d5ec40f735763e59fc46eb0a786681284d7adbdc0f2d8e0bd5abdc448"); 
INSERT INTO Vaccination VALUES ("5BC68DE1CAB1F191_1", "5BC68DE1CAB1F191", "DCRRGG98C27G273N", "pfizer", "2021-04-09", 1); 
INSERT INTO Vaccination VALUES ("5BC68DE1CAB1F191_2", "5BC68DE1CAB1F191", null, null, "2022-03-05 16:00:00", 2); 

INSERT INTO Vac_User VALUES ("1790B7F2F13E0BC3","Corina","Herrera","Fairview","1971-03-01",1,"corinaherrera@poochies.com","+39 (930) 434-3575","none"); 
INSERT INTO User_Credentials VALUES ("1790B7F2F13E0BC3", "96ec13d5ec40f735763e59fc46eb0a786681284d7adbdc0f2d8e0bd5abdc448"); 
INSERT INTO Vaccination VALUES ("1790B7F2F13E0BC3_1", "1790B7F2F13E0BC3", "LPPMRL98C27G273N", "astrazeneca", "2021-08-12", 1); 
INSERT INTO Vaccination VALUES ("1790B7F2F13E0BC3_2", "1790B7F2F13E0BC3", null, null, "2022-03-24 15:00:00", 2); 

INSERT INTO Vac_User VALUES ("262B3E9677822B7E","Diaz","Bolton","Riverton","1983-12-29",2,"diazbolton@poochies.com","+39 (854) 415-2301","none"); 
INSERT INTO User_Credentials VALUES ("262B3E9677822B7E", "96ec13d5ec40f735763e59fc46eb0a786681284d7adbdc0f2d8e0bd5abdc448"); 
INSERT INTO Vaccination VALUES ("262B3E9677822B7E_1", "262B3E9677822B7E", "DCRRGG98C27G273N", "astrazeneca", "2021-06-16", 1); 
INSERT INTO Vaccination VALUES ("262B3E9677822B7E_2", "262B3E9677822B7E", null, null, "2022-03-20 14:00:00", 2); 

INSERT INTO Vac_User VALUES ("A803183CDFE61F88","Carolyn","Mann","Stagecoach","2002-02-16",3,"carolynmann@poochies.com","+39 (823) 532-3817","none"); 
INSERT INTO User_Credentials VALUES ("A803183CDFE61F88", "96ec13d5ec40f735763e59fc46eb0a786681284d7adbdc0f2d8e0bd5abdc448"); 
INSERT INTO Vaccination VALUES ("A803183CDFE61F88_1", "A803183CDFE61F88", "DCRRGG98C27G273N", "moderna", "2021-05-26", 1); 
INSERT INTO Vaccination VALUES ("A803183CDFE61F88_2", "A803183CDFE61F88", null, null, "2022-03-03 10:00:00", 2); 

INSERT INTO Vac_User VALUES ("9ED0249651C586D3","Snyder","Moore","Tuskahoma","1984-08-11",2,"snydermoore@poochies.com","+39 (987) 430-2100","none"); 
INSERT INTO User_Credentials VALUES ("9ED0249651C586D3", "96ec13d5ec40f735763e59fc46eb0a786681284d7adbdc0f2d8e0bd5abdc448"); 
INSERT INTO Vaccination VALUES ("9ED0249651C586D3_1", "9ED0249651C586D3", "LPPMRL98C27G273N", "moderna", "2021-10-29", 1); 
INSERT INTO Vaccination VALUES ("9ED0249651C586D3_2", "9ED0249651C586D3", null, null, "2022-03-29 17:00:00", 2); 

INSERT INTO Vac_User VALUES ("B2A3E4F0F5DE568E","Cynthia","Pittman","Emerald","2007-07-08",1,"cynthiapittman@poochies.com","+39 (924) 431-3689","fragile"); 
INSERT INTO User_Credentials VALUES ("B2A3E4F0F5DE568E", "96ec13d5ec40f735763e59fc46eb0a786681284d7adbdc0f2d8e0bd5abdc448"); 
INSERT INTO Vaccination VALUES ("B2A3E4F0F5DE568E_1", "B2A3E4F0F5DE568E", "DCRRGG98C27G273N", "astrazeneca", "2021-07-25", 1); 
INSERT INTO Vaccination VALUES ("B2A3E4F0F5DE568E_2", "B2A3E4F0F5DE568E", null, null, "2022-02-24 15:00:00", 2); 

INSERT INTO Vac_User VALUES ("BCAFB06918932169","Bright","Coffey","Knowlton","2006-02-27",2,"brightcoffey@poochies.com","+39 (827) 517-2398","over65"); 
INSERT INTO User_Credentials VALUES ("BCAFB06918932169", "96ec13d5ec40f735763e59fc46eb0a786681284d7adbdc0f2d8e0bd5abdc448"); 
INSERT INTO Vaccination VALUES ("BCAFB06918932169_1", "BCAFB06918932169", "PVGCGR99C27G273N", "moderna", "2021-07-24", 1); 
INSERT INTO Vaccination VALUES ("BCAFB06918932169_2", "BCAFB06918932169", null, null, "2022-03-07 10:00:00", 2); 

INSERT INTO Vac_User VALUES ("22CCCC159B6CD698","Sargent","Peters","Leola","2009-09-14",2,"sargentpeters@poochies.com","+39 (901) 487-3326","none"); 
INSERT INTO User_Credentials VALUES ("22CCCC159B6CD698", "96ec13d5ec40f735763e59fc46eb0a786681284d7adbdc0f2d8e0bd5abdc448"); 
INSERT INTO Vaccination VALUES ("22CCCC159B6CD698_1", "22CCCC159B6CD698", "DCRRGG98C27G273N", "moderna", "2021-07-20", 1); 
INSERT INTO Vaccination VALUES ("22CCCC159B6CD698_2", "22CCCC159B6CD698", null, null, "2022-03-21 14:00:00", 2); 

INSERT INTO Vac_User VALUES ("5AF6EFD77A600FC9","Dorsey","Warren","Austinburg","1960-03-15",1,"dorseywarren@poochies.com","+39 (888) 440-2606","none"); 
INSERT INTO User_Credentials VALUES ("5AF6EFD77A600FC9", "96ec13d5ec40f735763e59fc46eb0a786681284d7adbdc0f2d8e0bd5abdc448"); 
INSERT INTO Vaccination VALUES ("5AF6EFD77A600FC9_1", "5AF6EFD77A600FC9", "VCRBNC99D27G273N", "janssen", "2021-07-26", 1); 
INSERT INTO Vaccination VALUES ("5AF6EFD77A600FC9_2", "5AF6EFD77A600FC9", null, null, "2022-02-23 12:00:00", 2); 

INSERT INTO Vac_User VALUES ("46011045DC890C36","Camille","Craig","Brecon","1956-09-06",3,"camillecraig@poochies.com","+39 (997) 462-3085","over65"); 
INSERT INTO User_Credentials VALUES ("46011045DC890C36", "96ec13d5ec40f735763e59fc46eb0a786681284d7adbdc0f2d8e0bd5abdc448"); 
INSERT INTO Vaccination VALUES ("46011045DC890C36_1", "46011045DC890C36", "DCRRGG98C27G273N", "pfizer", "2021-10-14", 1); 
INSERT INTO Vaccination VALUES ("46011045DC890C36_2", "46011045DC890C36", null, null, "2022-02-26 17:00:00", 2); 

INSERT INTO Vac_User VALUES ("271D08F5F8EEEF91","Tanner","Rush","Nadine","1976-03-23",1,"tannerrush@poochies.com","+39 (838) 548-3136","fragile"); 
INSERT INTO User_Credentials VALUES ("271D08F5F8EEEF91", "96ec13d5ec40f735763e59fc46eb0a786681284d7adbdc0f2d8e0bd5abdc448"); 
INSERT INTO Vaccination VALUES ("271D08F5F8EEEF91_1", "271D08F5F8EEEF91", "VCRBNC99D27G273N", "janssen", "2021-01-06", 1); 
INSERT INTO Vaccination VALUES ("271D08F5F8EEEF91_2", "271D08F5F8EEEF91", null, null, "2022-03-13 12:00:00", 2); 

INSERT INTO Vac_User VALUES ("CC1F9595E2965CAF","Nina","Burt","Roeville","1987-08-15",3,"ninaburt@poochies.com","+39 (950) 444-3466","over65"); 
INSERT INTO User_Credentials VALUES ("CC1F9595E2965CAF", "96ec13d5ec40f735763e59fc46eb0a786681284d7adbdc0f2d8e0bd5abdc448"); 
INSERT INTO Vaccination VALUES ("CC1F9595E2965CAF_1", "CC1F9595E2965CAF", "DCRRGG98C27G273N", "moderna", "2021-07-06", 1); 
INSERT INTO Vaccination VALUES ("CC1F9595E2965CAF_2", "CC1F9595E2965CAF", null, null, "2022-03-10 17:00:00", 2); 

INSERT INTO Vac_User VALUES ("7CEBA042DCE6CBCC","Diana","Ball","Westerville","1957-10-25",3,"dianaball@poochies.com","+39 (945) 441-3996","none"); 
INSERT INTO User_Credentials VALUES ("7CEBA042DCE6CBCC", "96ec13d5ec40f735763e59fc46eb0a786681284d7adbdc0f2d8e0bd5abdc448"); 
INSERT INTO Vaccination VALUES ("7CEBA042DCE6CBCC_1", "7CEBA042DCE6CBCC", "DCRRGG98C27G273N", "janssen", "2021-05-30", 1); 
INSERT INTO Vaccination VALUES ("7CEBA042DCE6CBCC_2", "7CEBA042DCE6CBCC", null, null, "2022-03-19 14:00:00", 2); 

INSERT INTO Vac_User VALUES ("6968B5EC5442FAFE","Jennings","Martin","Wells","1951-10-11",1,"jenningsmartin@poochies.com","+39 (818) 485-3075","none"); 
INSERT INTO User_Credentials VALUES ("6968B5EC5442FAFE", "96ec13d5ec40f735763e59fc46eb0a786681284d7adbdc0f2d8e0bd5abdc448"); 
INSERT INTO Vaccination VALUES ("6968B5EC5442FAFE_1", "6968B5EC5442FAFE", "LPPMRL98C27G273N", "moderna", "2021-09-01", 1); 
INSERT INTO Vaccination VALUES ("6968B5EC5442FAFE_2", "6968B5EC5442FAFE", null, null, "2022-03-18 12:00:00", 2); 

INSERT INTO Vac_User VALUES ("4B13E78D52A5FBE5","Hogan","Terry","Rew","1966-06-12",1,"hoganterry@poochies.com","+39 (959) 505-2188","over65"); 
INSERT INTO User_Credentials VALUES ("4B13E78D52A5FBE5", "96ec13d5ec40f735763e59fc46eb0a786681284d7adbdc0f2d8e0bd5abdc448"); 
INSERT INTO Vaccination VALUES ("4B13E78D52A5FBE5_1", "4B13E78D52A5FBE5", "PVGCGR99C27G273N", "janssen", "2021-05-11", 1); 
INSERT INTO Vaccination VALUES ("4B13E78D52A5FBE5_2", "4B13E78D52A5FBE5", null, null, "2022-02-28 17:00:00", 2); 

INSERT INTO Vac_User VALUES ("4D234E4747437D28","Sherman","Allen","Westwood","1989-05-21",2,"shermanallen@poochies.com","+39 (898) 494-3474","none"); 
INSERT INTO User_Credentials VALUES ("4D234E4747437D28", "96ec13d5ec40f735763e59fc46eb0a786681284d7adbdc0f2d8e0bd5abdc448"); 
INSERT INTO Vaccination VALUES ("4D234E4747437D28_1", "4D234E4747437D28", "VCRBNC99D27G273N", "moderna", "2021-01-16", 1); 
INSERT INTO Vaccination VALUES ("4D234E4747437D28_2", "4D234E4747437D28", null, null, "2022-02-25 12:00:00", 2); 

INSERT INTO Vac_User VALUES ("BE1CE677DC5E4FB5","Bowers","Clayton","Elizaville","1977-07-03",3,"bowersclayton@poochies.com","+39 (821) 584-3220","over65"); 
INSERT INTO User_Credentials VALUES ("BE1CE677DC5E4FB5", "96ec13d5ec40f735763e59fc46eb0a786681284d7adbdc0f2d8e0bd5abdc448"); 
INSERT INTO Vaccination VALUES ("BE1CE677DC5E4FB5_1", "BE1CE677DC5E4FB5", "LPPMRL98C27G273N", "janssen", "2021-03-05", 1); 
INSERT INTO Vaccination VALUES ("BE1CE677DC5E4FB5_2", "BE1CE677DC5E4FB5", null, null, "2022-03-07 12:00:00", 2); 

INSERT INTO Vac_User VALUES ("E75CC5AC7D3D2A1F","Barbra","Daniels","Abiquiu","1975-11-26",3,"barbradaniels@poochies.com","+39 (851) 580-2031","fragile"); 
INSERT INTO User_Credentials VALUES ("E75CC5AC7D3D2A1F", "96ec13d5ec40f735763e59fc46eb0a786681284d7adbdc0f2d8e0bd5abdc448"); 
INSERT INTO Vaccination VALUES ("E75CC5AC7D3D2A1F_1", "E75CC5AC7D3D2A1F", "PVGCGR99C27G273N", "moderna", "2021-01-11", 1); 
INSERT INTO Vaccination VALUES ("E75CC5AC7D3D2A1F_2", "E75CC5AC7D3D2A1F", null, null, "2022-03-23 16:00:00", 2); 

INSERT INTO Vac_User VALUES ("4A2089CED9AB044C","Claudia","Cannon","Lodoga","2005-04-11",1,"claudiacannon@poochies.com","+39 (807) 501-3787","none"); 
INSERT INTO User_Credentials VALUES ("4A2089CED9AB044C", "96ec13d5ec40f735763e59fc46eb0a786681284d7adbdc0f2d8e0bd5abdc448"); 
INSERT INTO Vaccination VALUES ("4A2089CED9AB044C_1", "4A2089CED9AB044C", "NRIGSP98C27G273N", "astrazeneca", "2021-08-28", 1); 
INSERT INTO Vaccination VALUES ("4A2089CED9AB044C_2", "4A2089CED9AB044C", null, null, "2022-03-26 10:00:00", 2); 

INSERT INTO Vac_User VALUES ("86118ECF93A153E3","Berta","Baird","Silkworth","2002-06-22",2,"bertabaird@poochies.com","+39 (827) 540-3486","over65"); 
INSERT INTO User_Credentials VALUES ("86118ECF93A153E3", "96ec13d5ec40f735763e59fc46eb0a786681284d7adbdc0f2d8e0bd5abdc448"); 
INSERT INTO Vaccination VALUES ("86118ECF93A153E3_1", "86118ECF93A153E3", "NRIGSP98C27G273N", "janssen", "2021-12-21", 1); 
INSERT INTO Vaccination VALUES ("86118ECF93A153E3_2", "86118ECF93A153E3", null, null, "2022-03-24 16:00:00", 2); 

INSERT INTO Vac_User VALUES ("72A0EC0CED514DB7","Jensen","Kidd","Balm","1993-11-20",3,"jensenkidd@poochies.com","+39 (812) 410-2865","none"); 
INSERT INTO User_Credentials VALUES ("72A0EC0CED514DB7", "96ec13d5ec40f735763e59fc46eb0a786681284d7adbdc0f2d8e0bd5abdc448"); 
INSERT INTO Vaccination VALUES ("72A0EC0CED514DB7_1", "72A0EC0CED514DB7", "NRIGSP98C27G273N", "moderna", "2021-12-07", 1); 
INSERT INTO Vaccination VALUES ("72A0EC0CED514DB7_2", "72A0EC0CED514DB7", null, null, "2022-03-05 09:00:00", 2); 

INSERT INTO Vac_User VALUES ("86CC1E9C59CBA13C","Lourdes","Campos","Greenfields","1952-01-29",1,"lourdescampos@poochies.com","+39 (829) 590-3443","fragile"); 
INSERT INTO User_Credentials VALUES ("86CC1E9C59CBA13C", "96ec13d5ec40f735763e59fc46eb0a786681284d7adbdc0f2d8e0bd5abdc448"); 
INSERT INTO Vaccination VALUES ("86CC1E9C59CBA13C_1", "86CC1E9C59CBA13C", "DCRRGG98C27G273N", "janssen", "2021-01-10", 1); 
INSERT INTO Vaccination VALUES ("86CC1E9C59CBA13C_2", "86CC1E9C59CBA13C", null, null, "2022-02-23 12:00:00", 2); 

INSERT INTO Vac_User VALUES ("4977B3A6432D6ED2","Bessie","Wade","Savage","1977-05-16",2,"bessiewade@poochies.com","+39 (869) 494-2483","over65"); 
INSERT INTO User_Credentials VALUES ("4977B3A6432D6ED2", "96ec13d5ec40f735763e59fc46eb0a786681284d7adbdc0f2d8e0bd5abdc448"); 
INSERT INTO Vaccination VALUES ("4977B3A6432D6ED2_1", "4977B3A6432D6ED2", "PVGCGR99C27G273N", "astrazeneca", "2021-01-05", 1); 
INSERT INTO Vaccination VALUES ("4977B3A6432D6ED2_2", "4977B3A6432D6ED2", null, null, "2022-03-08 18:00:00", 2); 

INSERT INTO Vac_User VALUES ("A50536241ED1AFB2","Polly","Calhoun","Ruckersville","1954-02-17",3,"pollycalhoun@poochies.com","+39 (903) 429-2270","over65"); 
INSERT INTO User_Credentials VALUES ("A50536241ED1AFB2", "96ec13d5ec40f735763e59fc46eb0a786681284d7adbdc0f2d8e0bd5abdc448"); 
INSERT INTO Vaccination VALUES ("A50536241ED1AFB2_1", "A50536241ED1AFB2", "LPPMRL98C27G273N", "janssen", "2021-02-03", 1); 
INSERT INTO Vaccination VALUES ("A50536241ED1AFB2_2", "A50536241ED1AFB2", null, null, "2022-03-02 17:00:00", 2); 

INSERT INTO Vac_User VALUES ("223F2DAB43044632","Baird","Key","Slovan","1940-06-18",1,"bairdkey@poochies.com","+39 (972) 466-2771","none"); 
INSERT INTO User_Credentials VALUES ("223F2DAB43044632", "96ec13d5ec40f735763e59fc46eb0a786681284d7adbdc0f2d8e0bd5abdc448"); 
INSERT INTO Vaccination VALUES ("223F2DAB43044632_1", "223F2DAB43044632", "NRIGSP98C27G273N", "moderna", "2021-09-16", 1); 
INSERT INTO Vaccination VALUES ("223F2DAB43044632_2", "223F2DAB43044632", null, null, "2022-03-27 16:00:00", 2); 

INSERT INTO Vac_User VALUES ("849FB504571710C0","Harding","Blevins","Riceville","1999-09-11",1,"hardingblevins@poochies.com","+39 (947) 411-3157","none"); 
INSERT INTO User_Credentials VALUES ("849FB504571710C0", "96ec13d5ec40f735763e59fc46eb0a786681284d7adbdc0f2d8e0bd5abdc448"); 
INSERT INTO Vaccination VALUES ("849FB504571710C0_1", "849FB504571710C0", "PVGCGR99C27G273N", "pfizer", "2021-05-11", 1); 
INSERT INTO Vaccination VALUES ("849FB504571710C0_2", "849FB504571710C0", null, null, "2022-03-22 18:00:00", 2); 

INSERT INTO Vac_User VALUES ("B1990135019B9C7B","Keri","Hicks","Wakarusa","1965-09-03",2,"kerihicks@poochies.com","+39 (995) 562-2041","over65"); 
INSERT INTO User_Credentials VALUES ("B1990135019B9C7B", "96ec13d5ec40f735763e59fc46eb0a786681284d7adbdc0f2d8e0bd5abdc448"); 
INSERT INTO Vaccination VALUES ("B1990135019B9C7B_1", "B1990135019B9C7B", "NRIGSP98C27G273N", "pfizer", "2021-04-18", 1); 
INSERT INTO Vaccination VALUES ("B1990135019B9C7B_2", "B1990135019B9C7B", null, null, "2022-03-11 17:00:00", 2); 

INSERT INTO Vac_User VALUES ("19AD7011426CB8FD","Ann","James","Echo","1954-11-26",3,"annjames@poochies.com","+39 (817) 585-3455","fragile"); 
INSERT INTO User_Credentials VALUES ("19AD7011426CB8FD", "96ec13d5ec40f735763e59fc46eb0a786681284d7adbdc0f2d8e0bd5abdc448"); 
INSERT INTO Vaccination VALUES ("19AD7011426CB8FD_1", "19AD7011426CB8FD", "VCRBNC99D27G273N", "pfizer", "2021-10-15", 1); 
INSERT INTO Vaccination VALUES ("19AD7011426CB8FD_2", "19AD7011426CB8FD", null, null, "2022-03-02 17:00:00", 2); 

INSERT INTO Vac_User VALUES ("A70B2AFEB9107A77","Hewitt","Chaney","Avalon","2004-07-21",3,"hewittchaney@poochies.com","+39 (903) 556-3048","fragile"); 
INSERT INTO User_Credentials VALUES ("A70B2AFEB9107A77", "96ec13d5ec40f735763e59fc46eb0a786681284d7adbdc0f2d8e0bd5abdc448"); 
INSERT INTO Vaccination VALUES ("A70B2AFEB9107A77_1", "A70B2AFEB9107A77", "VCRBNC99D27G273N", "moderna", "2021-05-17", 1); 
INSERT INTO Vaccination VALUES ("A70B2AFEB9107A77_2", "A70B2AFEB9107A77", null, null, "2022-03-27 10:00:00", 2); 

INSERT INTO Vac_User VALUES ("FF353152FF475821","Norris","Pitts","Salvo","2000-09-11",1,"norrispitts@poochies.com","+39 (849) 595-2320","none"); 
INSERT INTO User_Credentials VALUES ("FF353152FF475821", "96ec13d5ec40f735763e59fc46eb0a786681284d7adbdc0f2d8e0bd5abdc448"); 
INSERT INTO Vaccination VALUES ("FF353152FF475821_1", "FF353152FF475821", "NRIGSP98C27G273N", "janssen", "2021-09-27", 1); 
INSERT INTO Vaccination VALUES ("FF353152FF475821_2", "FF353152FF475821", null, null, "2022-03-16 16:00:00", 2); 

INSERT INTO Vac_User VALUES ("8331C3798F6C4A71","Wiggins","Grimes","Hamilton","2001-04-23",2,"wigginsgrimes@poochies.com","+39 (933) 484-2922","over65"); 
INSERT INTO User_Credentials VALUES ("8331C3798F6C4A71", "96ec13d5ec40f735763e59fc46eb0a786681284d7adbdc0f2d8e0bd5abdc448"); 
INSERT INTO Vaccination VALUES ("8331C3798F6C4A71_1", "8331C3798F6C4A71", "NRIGSP98C27G273N", "astrazeneca", "2021-11-25", 1); 
INSERT INTO Vaccination VALUES ("8331C3798F6C4A71_2", "8331C3798F6C4A71", null, null, "2022-03-09 11:00:00", 2); 

INSERT INTO Vac_User VALUES ("B1D937A8A4E97882","Oneil","Puckett","Lowgap","1986-11-29",3,"oneilpuckett@poochies.com","+39 (828) 578-2679","none"); 
INSERT INTO User_Credentials VALUES ("B1D937A8A4E97882", "96ec13d5ec40f735763e59fc46eb0a786681284d7adbdc0f2d8e0bd5abdc448"); 
INSERT INTO Vaccination VALUES ("B1D937A8A4E97882_1", "B1D937A8A4E97882", "NRIGSP98C27G273N", "astrazeneca", "2021-01-22", 1); 
INSERT INTO Vaccination VALUES ("B1D937A8A4E97882_2", "B1D937A8A4E97882", null, null, "2022-03-22 18:00:00", 2); 

INSERT INTO Vac_User VALUES ("033F0E8204299873","Holmes","Osborn","Bancroft","1957-10-05",3,"holmesosborn@poochies.com","+39 (875) 403-2939","fragile"); 
INSERT INTO User_Credentials VALUES ("033F0E8204299873", "96ec13d5ec40f735763e59fc46eb0a786681284d7adbdc0f2d8e0bd5abdc448"); 
INSERT INTO Vaccination VALUES ("033F0E8204299873_1", "033F0E8204299873", "NRIGSP98C27G273N", "astrazeneca", "2021-06-26", 1); 
INSERT INTO Vaccination VALUES ("033F0E8204299873_2", "033F0E8204299873", null, null, "2022-03-13 14:00:00", 2); 

INSERT INTO Vac_User VALUES ("F14DE9C987C404CA","Huff","Wilcox","Waterloo","1968-07-12",1,"huffwilcox@poochies.com","+39 (812) 504-2695","over65"); 
INSERT INTO User_Credentials VALUES ("F14DE9C987C404CA", "96ec13d5ec40f735763e59fc46eb0a786681284d7adbdc0f2d8e0bd5abdc448"); 
INSERT INTO Vaccination VALUES ("F14DE9C987C404CA_1", "F14DE9C987C404CA", "PVGCGR99C27G273N", "pfizer", "2021-03-02", 1); 
INSERT INTO Vaccination VALUES ("F14DE9C987C404CA_2", "F14DE9C987C404CA", null, null, "2022-02-24 16:00:00", 2); 

INSERT INTO Vac_User VALUES ("6B39B5C3FBA5A049","Rosemarie","Crosby","Rote","1961-06-15",2,"rosemariecrosby@poochies.com","+39 (951) 467-3834","fragile"); 
INSERT INTO User_Credentials VALUES ("6B39B5C3FBA5A049", "96ec13d5ec40f735763e59fc46eb0a786681284d7adbdc0f2d8e0bd5abdc448"); 
INSERT INTO Vaccination VALUES ("6B39B5C3FBA5A049_1", "6B39B5C3FBA5A049", "NRIGSP98C27G273N", "astrazeneca", "2021-10-06", 1); 
INSERT INTO Vaccination VALUES ("6B39B5C3FBA5A049_2", "6B39B5C3FBA5A049", null, null, "2022-03-05 15:00:00", 2); 

INSERT INTO Vac_User VALUES ("DAC456F6AFF32687","Roslyn","Gardner","Zeba","1997-02-08",2,"roslyngardner@poochies.com","+39 (933) 521-2834","fragile"); 
INSERT INTO User_Credentials VALUES ("DAC456F6AFF32687", "96ec13d5ec40f735763e59fc46eb0a786681284d7adbdc0f2d8e0bd5abdc448"); 
INSERT INTO Vaccination VALUES ("DAC456F6AFF32687_1", "DAC456F6AFF32687", "PVGCGR99C27G273N", "moderna", "2021-08-24", 1); 
INSERT INTO Vaccination VALUES ("DAC456F6AFF32687_2", "DAC456F6AFF32687", null, null, "2022-03-07 09:00:00", 2); 

INSERT INTO Vac_User VALUES ("2E560E9A91C3BC89","Elisabeth","Bond","Hampstead","1976-01-08",3,"elisabethbond@poochies.com","+39 (852) 517-2122","over65"); 
INSERT INTO User_Credentials VALUES ("2E560E9A91C3BC89", "96ec13d5ec40f735763e59fc46eb0a786681284d7adbdc0f2d8e0bd5abdc448"); 
INSERT INTO Vaccination VALUES ("2E560E9A91C3BC89_1", "2E560E9A91C3BC89", "LPPMRL98C27G273N", "moderna", "2021-06-13", 1); 
INSERT INTO Vaccination VALUES ("2E560E9A91C3BC89_2", "2E560E9A91C3BC89", null, null, "2022-02-26 10:00:00", 2); 

INSERT INTO Vac_User VALUES ("939D68C51139DBC3","Dunn","Chase","Mayfair","1949-04-14",3,"dunnchase@poochies.com","+39 (811) 405-2731","over65"); 
INSERT INTO User_Credentials VALUES ("939D68C51139DBC3", "96ec13d5ec40f735763e59fc46eb0a786681284d7adbdc0f2d8e0bd5abdc448"); 
INSERT INTO Vaccination VALUES ("939D68C51139DBC3_1", "939D68C51139DBC3", "DCRRGG98C27G273N", "janssen", "2021-01-29", 1); 
INSERT INTO Vaccination VALUES ("939D68C51139DBC3_2", "939D68C51139DBC3", null, null, "2022-03-14 15:00:00", 2); 

INSERT INTO Vac_User VALUES ("B59BB1538E5002AA","Emily","Obrien","Tioga","1990-07-24",3,"emilyobrien@poochies.com","+39 (862) 487-3564","over65"); 
INSERT INTO User_Credentials VALUES ("B59BB1538E5002AA", "96ec13d5ec40f735763e59fc46eb0a786681284d7adbdc0f2d8e0bd5abdc448"); 
INSERT INTO Vaccination VALUES ("B59BB1538E5002AA_1", "B59BB1538E5002AA", "NRIGSP98C27G273N", "moderna", "2021-01-30", 1); 
INSERT INTO Vaccination VALUES ("B59BB1538E5002AA_2", "B59BB1538E5002AA", null, null, "2022-02-23 18:00:00", 2); 

INSERT INTO Vac_User VALUES ("BF1F9E8B8CA545CE","Coleman","Merritt","Linganore","1999-07-03",1,"colemanmerritt@poochies.com","+39 (816) 584-2669","over65"); 
INSERT INTO User_Credentials VALUES ("BF1F9E8B8CA545CE", "96ec13d5ec40f735763e59fc46eb0a786681284d7adbdc0f2d8e0bd5abdc448"); 
INSERT INTO Vaccination VALUES ("BF1F9E8B8CA545CE_1", "BF1F9E8B8CA545CE", "DCRRGG98C27G273N", "pfizer", "2021-11-30", 1); 
INSERT INTO Vaccination VALUES ("BF1F9E8B8CA545CE_2", "BF1F9E8B8CA545CE", null, null, "2022-03-12 10:00:00", 2); 

INSERT INTO Vac_User VALUES ("BC3667F3019FA7BA","Edith","Savage","Magnolia","1985-12-04",3,"edithsavage@poochies.com","+39 (803) 529-3740","over65"); 
INSERT INTO User_Credentials VALUES ("BC3667F3019FA7BA", "96ec13d5ec40f735763e59fc46eb0a786681284d7adbdc0f2d8e0bd5abdc448"); 
INSERT INTO Vaccination VALUES ("BC3667F3019FA7BA_1", "BC3667F3019FA7BA", "LPPMRL98C27G273N", "astrazeneca", "2021-07-01", 1); 
INSERT INTO Vaccination VALUES ("BC3667F3019FA7BA_2", "BC3667F3019FA7BA", null, null, "2022-03-21 11:00:00", 2); 

INSERT INTO Vac_User VALUES ("409F88F01033D8DF","Vilma","Mullen","Basye","1943-09-19",1,"vilmamullen@poochies.com","+39 (817) 492-2011","fragile"); 
INSERT INTO User_Credentials VALUES ("409F88F01033D8DF", "96ec13d5ec40f735763e59fc46eb0a786681284d7adbdc0f2d8e0bd5abdc448"); 
INSERT INTO Vaccination VALUES ("409F88F01033D8DF_1", "409F88F01033D8DF", "PVGCGR99C27G273N", "astrazeneca", "2021-02-28", 1); 
INSERT INTO Vaccination VALUES ("409F88F01033D8DF_2", "409F88F01033D8DF", null, null, "2022-03-10 14:00:00", 2); 

INSERT INTO Vac_User VALUES ("2EF948F19149011C","Althea","Livingston","Dahlen","1979-08-30",3,"althealivingston@poochies.com","+39 (952) 579-2751","over65"); 
INSERT INTO User_Credentials VALUES ("2EF948F19149011C", "96ec13d5ec40f735763e59fc46eb0a786681284d7adbdc0f2d8e0bd5abdc448"); 
INSERT INTO Vaccination VALUES ("2EF948F19149011C_1", "2EF948F19149011C", "LPPMRL98C27G273N", "moderna", "2021-04-01", 1); 
INSERT INTO Vaccination VALUES ("2EF948F19149011C_2", "2EF948F19149011C", null, null, "2022-03-01 18:00:00", 2); 

INSERT INTO Vac_User VALUES ("BF30CEF4963724A3","Terry","Peck","Dyckesville","1947-02-01",1,"terrypeck@poochies.com","+39 (873) 577-3288","none"); 
INSERT INTO User_Credentials VALUES ("BF30CEF4963724A3", "96ec13d5ec40f735763e59fc46eb0a786681284d7adbdc0f2d8e0bd5abdc448"); 
INSERT INTO Vaccination VALUES ("BF30CEF4963724A3_1", "BF30CEF4963724A3", "PVGCGR99C27G273N", "janssen", "2021-03-23", 1); 
INSERT INTO Vaccination VALUES ("BF30CEF4963724A3_2", "BF30CEF4963724A3", null, null, "2022-03-17 13:00:00", 2); 

INSERT INTO Vac_User VALUES ("A46F916DD2171C92","Janette","Brooks","Drytown","1988-01-04",1,"janettebrooks@poochies.com","+39 (861) 501-2879","fragile"); 
INSERT INTO User_Credentials VALUES ("A46F916DD2171C92", "96ec13d5ec40f735763e59fc46eb0a786681284d7adbdc0f2d8e0bd5abdc448"); 
INSERT INTO Vaccination VALUES ("A46F916DD2171C92_1", "A46F916DD2171C92", "LPPMRL98C27G273N", "janssen", "2021-04-25", 1); 
INSERT INTO Vaccination VALUES ("A46F916DD2171C92_2", "A46F916DD2171C92", null, null, "2022-03-16 12:00:00", 2); 

INSERT INTO Vac_User VALUES ("6019D2C885303F00","Alberta","Briggs","Coyote","1974-01-06",3,"albertabriggs@poochies.com","+39 (810) 582-3822","none"); 
INSERT INTO User_Credentials VALUES ("6019D2C885303F00", "96ec13d5ec40f735763e59fc46eb0a786681284d7adbdc0f2d8e0bd5abdc448"); 
INSERT INTO Vaccination VALUES ("6019D2C885303F00_1", "6019D2C885303F00", "DCRRGG98C27G273N", "pfizer", "2021-08-21", 1); 
INSERT INTO Vaccination VALUES ("6019D2C885303F00_2", "6019D2C885303F00", null, null, "2022-03-06 17:00:00", 2); 

INSERT INTO Vac_User VALUES ("91C5AB31355561FF","Blake","Miranda","Grill","1956-10-07",2,"blakemiranda@poochies.com","+39 (925) 465-3051","fragile"); 
INSERT INTO User_Credentials VALUES ("91C5AB31355561FF", "96ec13d5ec40f735763e59fc46eb0a786681284d7adbdc0f2d8e0bd5abdc448"); 
INSERT INTO Vaccination VALUES ("91C5AB31355561FF_1", "91C5AB31355561FF", "DCRRGG98C27G273N", "pfizer", "2021-09-02", 1); 
INSERT INTO Vaccination VALUES ("91C5AB31355561FF_2", "91C5AB31355561FF", null, null, "2022-03-17 14:00:00", 2); 

INSERT INTO Vac_User VALUES ("82933C8AEAC27EF2","Shepard","Serrano","Cornfields","1983-05-10",3,"shepardserrano@poochies.com","+39 (937) 440-2731","fragile"); 
INSERT INTO User_Credentials VALUES ("82933C8AEAC27EF2", "96ec13d5ec40f735763e59fc46eb0a786681284d7adbdc0f2d8e0bd5abdc448"); 
INSERT INTO Vaccination VALUES ("82933C8AEAC27EF2_1", "82933C8AEAC27EF2", "PVGCGR99C27G273N", "janssen", "2021-05-07", 1); 
INSERT INTO Vaccination VALUES ("82933C8AEAC27EF2_2", "82933C8AEAC27EF2", null, null, "2022-03-13 17:00:00", 2); 

INSERT INTO Vac_User VALUES ("663A90BB0A6CE5FF","Malone","Mcintyre","Thomasville","1982-11-02",2,"malonemcintyre@poochies.com","+39 (861) 485-2320","fragile"); 
INSERT INTO User_Credentials VALUES ("663A90BB0A6CE5FF", "96ec13d5ec40f735763e59fc46eb0a786681284d7adbdc0f2d8e0bd5abdc448"); 
INSERT INTO Vaccination VALUES ("663A90BB0A6CE5FF_1", "663A90BB0A6CE5FF", "DCRRGG98C27G273N", "astrazeneca", "2021-05-05", 1); 
INSERT INTO Vaccination VALUES ("663A90BB0A6CE5FF_2", "663A90BB0A6CE5FF", null, null, "2022-02-28 11:00:00", 2); 

INSERT INTO Vac_User VALUES ("46288B8BD4CB9943","Maxine","Stark","Moraida","1977-11-21",2,"maxinestark@poochies.com","+39 (998) 412-3183","over65"); 
INSERT INTO User_Credentials VALUES ("46288B8BD4CB9943", "96ec13d5ec40f735763e59fc46eb0a786681284d7adbdc0f2d8e0bd5abdc448"); 
INSERT INTO Vaccination VALUES ("46288B8BD4CB9943_1", "46288B8BD4CB9943", "NRIGSP98C27G273N", "janssen", "2021-11-24", 1); 
INSERT INTO Vaccination VALUES ("46288B8BD4CB9943_2", "46288B8BD4CB9943", null, null, "2022-03-11 11:00:00", 2); 

INSERT INTO Vac_User VALUES ("4D7576156A389EFB","Robinson","Leach","Odessa","1975-03-03",1,"robinsonleach@poochies.com","+39 (983) 530-2262","fragile"); 
INSERT INTO User_Credentials VALUES ("4D7576156A389EFB", "96ec13d5ec40f735763e59fc46eb0a786681284d7adbdc0f2d8e0bd5abdc448"); 
INSERT INTO Vaccination VALUES ("4D7576156A389EFB_1", "4D7576156A389EFB", "DCRRGG98C27G273N", "janssen", "2021-08-06", 1); 
INSERT INTO Vaccination VALUES ("4D7576156A389EFB_2", "4D7576156A389EFB", null, null, "2022-03-13 11:00:00", 2); 

INSERT INTO Vac_User VALUES ("DE529910260685B3","Maynard","Middleton","Bellfountain","1955-03-26",3,"maynardmiddleton@poochies.com","+39 (868) 485-2539","fragile"); 
INSERT INTO User_Credentials VALUES ("DE529910260685B3", "96ec13d5ec40f735763e59fc46eb0a786681284d7adbdc0f2d8e0bd5abdc448"); 
INSERT INTO Vaccination VALUES ("DE529910260685B3_1", "DE529910260685B3", "LPPMRL98C27G273N", "janssen", "2021-10-13", 1); 
INSERT INTO Vaccination VALUES ("DE529910260685B3_2", "DE529910260685B3", null, null, "2022-03-14 09:00:00", 2); 

INSERT INTO Vac_User VALUES ("EDE53060D3FB4B14","Ryan","Blanchard","Greenock","1946-10-01",3,"ryanblanchard@poochies.com","+39 (969) 562-2824","over65"); 
INSERT INTO User_Credentials VALUES ("EDE53060D3FB4B14", "96ec13d5ec40f735763e59fc46eb0a786681284d7adbdc0f2d8e0bd5abdc448"); 
INSERT INTO Vaccination VALUES ("EDE53060D3FB4B14_1", "EDE53060D3FB4B14", "LPPMRL98C27G273N", "astrazeneca", "2021-12-10", 1); 
INSERT INTO Vaccination VALUES ("EDE53060D3FB4B14_2", "EDE53060D3FB4B14", null, null, "2022-03-23 13:00:00", 2); 

INSERT INTO Vac_User VALUES ("F200D68C67366FCF","Aguirre","Rivas","Noxen","1948-07-30",3,"aguirrerivas@poochies.com","+39 (978) 542-2468","fragile"); 
INSERT INTO User_Credentials VALUES ("F200D68C67366FCF", "96ec13d5ec40f735763e59fc46eb0a786681284d7adbdc0f2d8e0bd5abdc448"); 
INSERT INTO Vaccination VALUES ("F200D68C67366FCF_1", "F200D68C67366FCF", "LPPMRL98C27G273N", "pfizer", "2021-08-07", 1); 
INSERT INTO Vaccination VALUES ("F200D68C67366FCF_2", "F200D68C67366FCF", null, null, "2022-03-08 14:00:00", 2); 

INSERT INTO Vac_User VALUES ("2F0EB0EB2137E689","Combs","Cortez","Ypsilanti","1973-03-18",1,"combscortez@poochies.com","+39 (862) 594-2000","fragile"); 
INSERT INTO User_Credentials VALUES ("2F0EB0EB2137E689", "96ec13d5ec40f735763e59fc46eb0a786681284d7adbdc0f2d8e0bd5abdc448"); 
INSERT INTO Vaccination VALUES ("2F0EB0EB2137E689_1", "2F0EB0EB2137E689", "PVGCGR99C27G273N", "astrazeneca", "2021-03-07", 1); 
INSERT INTO Vaccination VALUES ("2F0EB0EB2137E689_2", "2F0EB0EB2137E689", null, null, "2022-03-28 16:00:00", 2); 

INSERT INTO Vac_User VALUES ("7DA8027C5072DC67","Hollie","Morgan","Enoree","1973-02-07",2,"holliemorgan@poochies.com","+39 (946) 463-2260","over65"); 
INSERT INTO User_Credentials VALUES ("7DA8027C5072DC67", "96ec13d5ec40f735763e59fc46eb0a786681284d7adbdc0f2d8e0bd5abdc448"); 
INSERT INTO Vaccination VALUES ("7DA8027C5072DC67_1", "7DA8027C5072DC67", "VCRBNC99D27G273N", "moderna", "2021-09-08", 1); 
INSERT INTO Vaccination VALUES ("7DA8027C5072DC67_2", "7DA8027C5072DC67", null, null, "2022-03-21 16:00:00", 2); 

INSERT INTO Vac_User VALUES ("43024DE15CDAC83B","Melanie","Salas","Herbster","1972-06-21",2,"melaniesalas@poochies.com","+39 (991) 523-2661","fragile"); 
INSERT INTO User_Credentials VALUES ("43024DE15CDAC83B", "96ec13d5ec40f735763e59fc46eb0a786681284d7adbdc0f2d8e0bd5abdc448"); 
INSERT INTO Vaccination VALUES ("43024DE15CDAC83B_1", "43024DE15CDAC83B", "VCRBNC99D27G273N", "moderna", "2021-04-20", 1); 
INSERT INTO Vaccination VALUES ("43024DE15CDAC83B_2", "43024DE15CDAC83B", null, null, "2022-02-25 18:00:00", 2); 

INSERT INTO Vac_User VALUES ("C2E66D0F813DF5DD","Burton","Patton","Florence","1977-09-23",3,"burtonpatton@poochies.com","+39 (855) 418-3830","over65"); 
INSERT INTO User_Credentials VALUES ("C2E66D0F813DF5DD", "96ec13d5ec40f735763e59fc46eb0a786681284d7adbdc0f2d8e0bd5abdc448"); 
INSERT INTO Vaccination VALUES ("C2E66D0F813DF5DD_1", "C2E66D0F813DF5DD", "VCRBNC99D27G273N", "pfizer", "2021-05-06", 1); 
INSERT INTO Vaccination VALUES ("C2E66D0F813DF5DD_2", "C2E66D0F813DF5DD", null, null, "2022-03-15 11:00:00", 2); 

INSERT INTO Vac_User VALUES ("BA2EA4CF094D9017","Cole","Hubbard","Murillo","2004-10-09",2,"colehubbard@poochies.com","+39 (884) 587-2331","over65"); 
INSERT INTO User_Credentials VALUES ("BA2EA4CF094D9017", "96ec13d5ec40f735763e59fc46eb0a786681284d7adbdc0f2d8e0bd5abdc448"); 
INSERT INTO Vaccination VALUES ("BA2EA4CF094D9017_1", "BA2EA4CF094D9017", "PVGCGR99C27G273N", "moderna", "2021-06-27", 1); 
INSERT INTO Vaccination VALUES ("BA2EA4CF094D9017_2", "BA2EA4CF094D9017", null, null, "2022-03-09 16:00:00", 2); 

INSERT INTO Vac_User VALUES ("D044DF751B186580","Celia","Wright","Advance","1951-11-07",1,"celiawright@poochies.com","+39 (999) 579-2228","fragile"); 
INSERT INTO User_Credentials VALUES ("D044DF751B186580", "96ec13d5ec40f735763e59fc46eb0a786681284d7adbdc0f2d8e0bd5abdc448"); 
INSERT INTO Vaccination VALUES ("D044DF751B186580_1", "D044DF751B186580", "VCRBNC99D27G273N", "astrazeneca", "2021-02-06", 1); 
INSERT INTO Vaccination VALUES ("D044DF751B186580_2", "D044DF751B186580", null, null, "2022-03-04 18:00:00", 2); 

INSERT INTO Vac_User VALUES ("54A4A63E69A141A1","Suarez","Walton","Darlington","1960-08-01",1,"suarezwalton@poochies.com","+39 (980) 488-3512","none"); 
INSERT INTO User_Credentials VALUES ("54A4A63E69A141A1", "96ec13d5ec40f735763e59fc46eb0a786681284d7adbdc0f2d8e0bd5abdc448"); 
INSERT INTO Vaccination VALUES ("54A4A63E69A141A1_1", "54A4A63E69A141A1", "DCRRGG98C27G273N", "pfizer", "2021-08-24", 1); 
INSERT INTO Vaccination VALUES ("54A4A63E69A141A1_2", "54A4A63E69A141A1", null, null, "2022-03-27 17:00:00", 2); 

INSERT INTO Vac_User VALUES ("F3D0832CA9DBA42E","Jocelyn","Barrett","Haena","2008-06-02",2,"jocelynbarrett@poochies.com","+39 (943) 481-3865","none"); 
INSERT INTO User_Credentials VALUES ("F3D0832CA9DBA42E", "96ec13d5ec40f735763e59fc46eb0a786681284d7adbdc0f2d8e0bd5abdc448"); 
INSERT INTO Vaccination VALUES ("F3D0832CA9DBA42E_1", "F3D0832CA9DBA42E", "LPPMRL98C27G273N", "moderna", "2021-08-01", 1); 
INSERT INTO Vaccination VALUES ("F3D0832CA9DBA42E_2", "F3D0832CA9DBA42E", null, null, "2022-03-08 13:00:00", 2); 

INSERT INTO Vac_User VALUES ("F2336D0B6E7D74DF","Mercado","Albert","Bowden","1963-08-02",1,"mercadoalbert@poochies.com","+39 (889) 449-3737","fragile"); 
INSERT INTO User_Credentials VALUES ("F2336D0B6E7D74DF", "96ec13d5ec40f735763e59fc46eb0a786681284d7adbdc0f2d8e0bd5abdc448"); 
INSERT INTO Vaccination VALUES ("F2336D0B6E7D74DF_1", "F2336D0B6E7D74DF", "VCRBNC99D27G273N", "astrazeneca", "2021-08-28", 1); 
INSERT INTO Vaccination VALUES ("F2336D0B6E7D74DF_2", "F2336D0B6E7D74DF", null, null, "2022-03-18 13:00:00", 2); 

INSERT INTO Vac_User VALUES ("DDA02687482EEF5B","Chelsea","Winters","Robinette","1973-07-07",1,"chelseawinters@poochies.com","+39 (853) 555-2630","fragile"); 
INSERT INTO User_Credentials VALUES ("DDA02687482EEF5B", "96ec13d5ec40f735763e59fc46eb0a786681284d7adbdc0f2d8e0bd5abdc448"); 
INSERT INTO Vaccination VALUES ("DDA02687482EEF5B_1", "DDA02687482EEF5B", "LPPMRL98C27G273N", "moderna", "2021-04-03", 1); 
INSERT INTO Vaccination VALUES ("DDA02687482EEF5B_2", "DDA02687482EEF5B", null, null, "2022-03-21 12:00:00", 2); 

INSERT INTO Vac_User VALUES ("3C56C6270A6DBFCC","Hobbs","Fowler","Blackgum","1943-11-29",3,"hobbsfowler@poochies.com","+39 (846) 547-3860","over65"); 
INSERT INTO User_Credentials VALUES ("3C56C6270A6DBFCC", "96ec13d5ec40f735763e59fc46eb0a786681284d7adbdc0f2d8e0bd5abdc448"); 
INSERT INTO Vaccination VALUES ("3C56C6270A6DBFCC_1", "3C56C6270A6DBFCC", "PVGCGR99C27G273N", "astrazeneca", "2021-10-06", 1); 
INSERT INTO Vaccination VALUES ("3C56C6270A6DBFCC_2", "3C56C6270A6DBFCC", null, null, "2022-03-28 09:00:00", 2); 

INSERT INTO Vac_User VALUES ("C60732670E23868E","Greer","Meadows","Riner","1948-07-14",3,"greermeadows@poochies.com","+39 (843) 468-2593","none"); 
INSERT INTO User_Credentials VALUES ("C60732670E23868E", "96ec13d5ec40f735763e59fc46eb0a786681284d7adbdc0f2d8e0bd5abdc448"); 
INSERT INTO Vaccination VALUES ("C60732670E23868E_1", "C60732670E23868E", "VCRBNC99D27G273N", "janssen", "2021-12-28", 1); 
INSERT INTO Vaccination VALUES ("C60732670E23868E_2", "C60732670E23868E", null, null, "2022-03-02 18:00:00", 2); 

INSERT INTO Vac_User VALUES ("98A6586338C4FF7F","Autumn","Webb","Jamestown","1972-08-15",2,"autumnwebb@poochies.com","+39 (814) 426-2606","none"); 
INSERT INTO User_Credentials VALUES ("98A6586338C4FF7F", "96ec13d5ec40f735763e59fc46eb0a786681284d7adbdc0f2d8e0bd5abdc448"); 
INSERT INTO Vaccination VALUES ("98A6586338C4FF7F_1", "98A6586338C4FF7F", "DCRRGG98C27G273N", "moderna", "2021-08-12", 1); 
INSERT INTO Vaccination VALUES ("98A6586338C4FF7F_2", "98A6586338C4FF7F", null, null, "2022-03-07 15:00:00", 2); 

INSERT INTO Vac_User VALUES ("E315B51F12F8B4D1","Brianna","Shannon","Wildwood","1941-09-26",2,"briannashannon@poochies.com","+39 (982) 554-3415","none"); 
INSERT INTO User_Credentials VALUES ("E315B51F12F8B4D1", "96ec13d5ec40f735763e59fc46eb0a786681284d7adbdc0f2d8e0bd5abdc448"); 
INSERT INTO Vaccination VALUES ("E315B51F12F8B4D1_1", "E315B51F12F8B4D1", "VCRBNC99D27G273N", "pfizer", "2021-06-19", 1); 
INSERT INTO Vaccination VALUES ("E315B51F12F8B4D1_2", "E315B51F12F8B4D1", null, null, "2022-03-26 12:00:00", 2); 

INSERT INTO Vac_User VALUES ("17DE325EE8C1EBEF","Tracie","Atkins","Villarreal","1971-08-26",2,"tracieatkins@poochies.com","+39 (923) 589-2433","over65"); 
INSERT INTO User_Credentials VALUES ("17DE325EE8C1EBEF", "96ec13d5ec40f735763e59fc46eb0a786681284d7adbdc0f2d8e0bd5abdc448"); 
INSERT INTO Vaccination VALUES ("17DE325EE8C1EBEF_1", "17DE325EE8C1EBEF", "LPPMRL98C27G273N", "janssen", "2021-09-01", 1); 
INSERT INTO Vaccination VALUES ("17DE325EE8C1EBEF_2", "17DE325EE8C1EBEF", null, null, "2022-03-10 10:00:00", 2); 

INSERT INTO Vac_User VALUES ("D56A609662DBBB17","Cecelia","Pratt","Whitehaven","1981-03-10",1,"ceceliapratt@poochies.com","+39 (949) 535-2136","fragile"); 
INSERT INTO User_Credentials VALUES ("D56A609662DBBB17", "96ec13d5ec40f735763e59fc46eb0a786681284d7adbdc0f2d8e0bd5abdc448"); 
INSERT INTO Vaccination VALUES ("D56A609662DBBB17_1", "D56A609662DBBB17", "PVGCGR99C27G273N", "astrazeneca", "2021-07-06", 1); 
INSERT INTO Vaccination VALUES ("D56A609662DBBB17_2", "D56A609662DBBB17", null, null, "2022-03-15 17:00:00", 2); 

INSERT INTO Vac_User VALUES ("238A9D158E1AA9FE","Milagros","Mathis","Toftrees","2000-11-22",3,"milagrosmathis@poochies.com","+39 (943) 438-3129","fragile"); 
INSERT INTO User_Credentials VALUES ("238A9D158E1AA9FE", "96ec13d5ec40f735763e59fc46eb0a786681284d7adbdc0f2d8e0bd5abdc448"); 
INSERT INTO Vaccination VALUES ("238A9D158E1AA9FE_1", "238A9D158E1AA9FE", "DCRRGG98C27G273N", "pfizer", "2021-03-22", 1); 
INSERT INTO Vaccination VALUES ("238A9D158E1AA9FE_2", "238A9D158E1AA9FE", null, null, "2022-02-24 16:00:00", 2); 

INSERT INTO Vac_User VALUES ("9272FCA666C7155D","Haynes","Valentine","Loveland","1974-04-23",1,"haynesvalentine@poochies.com","+39 (976) 471-2672","none"); 
INSERT INTO User_Credentials VALUES ("9272FCA666C7155D", "96ec13d5ec40f735763e59fc46eb0a786681284d7adbdc0f2d8e0bd5abdc448"); 
INSERT INTO Vaccination VALUES ("9272FCA666C7155D_1", "9272FCA666C7155D", "DCRRGG98C27G273N", "moderna", "2021-11-17", 1); 
INSERT INTO Vaccination VALUES ("9272FCA666C7155D_2", "9272FCA666C7155D", null, null, "2022-02-25 14:00:00", 2); 

INSERT INTO Vac_User VALUES ("FF0B0ECC7F1CCCB9","Shields","Norris","Greenbush","1954-07-17",3,"shieldsnorris@poochies.com","+39 (832) 410-2346","fragile"); 
INSERT INTO User_Credentials VALUES ("FF0B0ECC7F1CCCB9", "96ec13d5ec40f735763e59fc46eb0a786681284d7adbdc0f2d8e0bd5abdc448"); 
INSERT INTO Vaccination VALUES ("FF0B0ECC7F1CCCB9_1", "FF0B0ECC7F1CCCB9", "PVGCGR99C27G273N", "astrazeneca", "2021-12-06", 1); 
INSERT INTO Vaccination VALUES ("FF0B0ECC7F1CCCB9_2", "FF0B0ECC7F1CCCB9", null, null, "2022-03-14 09:00:00", 2); 

INSERT INTO Vac_User VALUES ("F6AF2115C4ADC616","Jewel","Bullock","Statenville","2003-12-25",1,"jewelbullock@poochies.com","+39 (938) 472-2354","over65"); 
INSERT INTO User_Credentials VALUES ("F6AF2115C4ADC616", "96ec13d5ec40f735763e59fc46eb0a786681284d7adbdc0f2d8e0bd5abdc448"); 
INSERT INTO Vaccination VALUES ("F6AF2115C4ADC616_1", "F6AF2115C4ADC616", "LPPMRL98C27G273N", "astrazeneca", "2021-05-10", 1); 
INSERT INTO Vaccination VALUES ("F6AF2115C4ADC616_2", "F6AF2115C4ADC616", null, null, "2022-03-23 11:00:00", 2); 

INSERT INTO Vac_User VALUES ("8E039F683B5B8E30","Kim","Roberts","Sterling","2004-03-15",1,"kimroberts@poochies.com","+39 (904) 528-2819","over65"); 
INSERT INTO User_Credentials VALUES ("8E039F683B5B8E30", "96ec13d5ec40f735763e59fc46eb0a786681284d7adbdc0f2d8e0bd5abdc448"); 
INSERT INTO Vaccination VALUES ("8E039F683B5B8E30_1", "8E039F683B5B8E30", "PVGCGR99C27G273N", "moderna", "2021-12-03", 1); 
INSERT INTO Vaccination VALUES ("8E039F683B5B8E30_2", "8E039F683B5B8E30", null, null, "2022-03-16 15:00:00", 2); 

INSERT INTO Vac_User VALUES ("4CF93DC85C6AF2E2","Ruthie","Sawyer","Tolu","1976-03-11",3,"ruthiesawyer@poochies.com","+39 (848) 498-2451","over65"); 
INSERT INTO User_Credentials VALUES ("4CF93DC85C6AF2E2", "96ec13d5ec40f735763e59fc46eb0a786681284d7adbdc0f2d8e0bd5abdc448"); 
INSERT INTO Vaccination VALUES ("4CF93DC85C6AF2E2_1", "4CF93DC85C6AF2E2", "PVGCGR99C27G273N", "janssen", "2021-04-25", 1); 
INSERT INTO Vaccination VALUES ("4CF93DC85C6AF2E2_2", "4CF93DC85C6AF2E2", null, null, "2022-03-10 09:00:00", 2); 

INSERT INTO Vac_User VALUES ("68F953468E1374DA","Mattie","Dorsey","Lowell","1980-04-19",2,"mattiedorsey@poochies.com","+39 (833) 420-2609","none"); 
INSERT INTO User_Credentials VALUES ("68F953468E1374DA", "96ec13d5ec40f735763e59fc46eb0a786681284d7adbdc0f2d8e0bd5abdc448"); 
INSERT INTO Vaccination VALUES ("68F953468E1374DA_1", "68F953468E1374DA", "LPPMRL98C27G273N", "janssen", "2021-02-04", 1); 
INSERT INTO Vaccination VALUES ("68F953468E1374DA_2", "68F953468E1374DA", null, null, "2022-03-18 14:00:00", 2); 

INSERT INTO Vac_User VALUES ("68C1334C3FAD3230","Suzanne","Finley","Lydia","1977-10-04",1,"suzannefinley@poochies.com","+39 (858) 558-2903","over65"); 
INSERT INTO User_Credentials VALUES ("68C1334C3FAD3230", "96ec13d5ec40f735763e59fc46eb0a786681284d7adbdc0f2d8e0bd5abdc448"); 
INSERT INTO Vaccination VALUES ("68C1334C3FAD3230_1", "68C1334C3FAD3230", "DCRRGG98C27G273N", "astrazeneca", "2021-04-06", 1); 
INSERT INTO Vaccination VALUES ("68C1334C3FAD3230_2", "68C1334C3FAD3230", null, null, "2022-03-08 09:00:00", 2); 

INSERT INTO Vac_User VALUES ("613309CC848D9806","Mosley","Townsend","Lafferty","1956-10-04",3,"mosleytownsend@poochies.com","+39 (887) 534-3465","fragile"); 
INSERT INTO User_Credentials VALUES ("613309CC848D9806", "96ec13d5ec40f735763e59fc46eb0a786681284d7adbdc0f2d8e0bd5abdc448"); 
INSERT INTO Vaccination VALUES ("613309CC848D9806_1", "613309CC848D9806", "DCRRGG98C27G273N", "janssen", "2021-08-10", 1); 
INSERT INTO Vaccination VALUES ("613309CC848D9806_2", "613309CC848D9806", null, null, "2022-03-21 11:00:00", 2); 

INSERT INTO Vac_User VALUES ("9ECE21E628326114","Lottie","Poole","Snowville","2007-03-08",2,"lottiepoole@poochies.com","+39 (827) 472-2895","none"); 
INSERT INTO User_Credentials VALUES ("9ECE21E628326114", "96ec13d5ec40f735763e59fc46eb0a786681284d7adbdc0f2d8e0bd5abdc448"); 
INSERT INTO Vaccination VALUES ("9ECE21E628326114_1", "9ECE21E628326114", "NRIGSP98C27G273N", "astrazeneca", "2021-04-03", 1); 
INSERT INTO Vaccination VALUES ("9ECE21E628326114_2", "9ECE21E628326114", null, null, "2022-02-25 17:00:00", 2); 

INSERT INTO Vac_User VALUES ("8FB0852A004FA67C","Delgado","Marks","Coinjock","1957-05-30",1,"delgadomarks@poochies.com","+39 (956) 503-2750","none"); 
INSERT INTO User_Credentials VALUES ("8FB0852A004FA67C", "96ec13d5ec40f735763e59fc46eb0a786681284d7adbdc0f2d8e0bd5abdc448"); 
INSERT INTO Vaccination VALUES ("8FB0852A004FA67C_1", "8FB0852A004FA67C", "DCRRGG98C27G273N", "pfizer", "2021-09-29", 1); 
INSERT INTO Vaccination VALUES ("8FB0852A004FA67C_2", "8FB0852A004FA67C", null, null, "2022-03-28 15:00:00", 2); 

INSERT INTO Vac_User VALUES ("9B868B833D17AD70","Corinne","Schroeder","Wyano","1973-05-23",3,"corinneschroeder@poochies.com","+39 (878) 407-3917","fragile"); 
INSERT INTO User_Credentials VALUES ("9B868B833D17AD70", "96ec13d5ec40f735763e59fc46eb0a786681284d7adbdc0f2d8e0bd5abdc448"); 
INSERT INTO Vaccination VALUES ("9B868B833D17AD70_1", "9B868B833D17AD70", "NRIGSP98C27G273N", "astrazeneca", "2021-05-18", 1); 
INSERT INTO Vaccination VALUES ("9B868B833D17AD70_2", "9B868B833D17AD70", null, null, "2022-03-07 18:00:00", 2); 

INSERT INTO Vac_User VALUES ("37462C27B6A7C173","Velazquez","Lawrence","Klagetoh","1940-02-05",1,"velazquezlawrence@poochies.com","+39 (935) 573-3793","none"); 
INSERT INTO User_Credentials VALUES ("37462C27B6A7C173", "96ec13d5ec40f735763e59fc46eb0a786681284d7adbdc0f2d8e0bd5abdc448"); 
INSERT INTO Vaccination VALUES ("37462C27B6A7C173_1", "37462C27B6A7C173", "VCRBNC99D27G273N", "astrazeneca", "2021-04-02", 1); 
INSERT INTO Vaccination VALUES ("37462C27B6A7C173_2", "37462C27B6A7C173", null, null, "2022-02-22 09:00:00", 2); 

INSERT INTO Vac_User VALUES ("DFE3D2B2411FD912","Foley","Wolfe","Robinson","1973-09-06",2,"foleywolfe@poochies.com","+39 (909) 504-3015","over65"); 
INSERT INTO User_Credentials VALUES ("DFE3D2B2411FD912", "96ec13d5ec40f735763e59fc46eb0a786681284d7adbdc0f2d8e0bd5abdc448"); 
INSERT INTO Vaccination VALUES ("DFE3D2B2411FD912_1", "DFE3D2B2411FD912", "DCRRGG98C27G273N", "pfizer", "2021-05-11", 1); 
INSERT INTO Vaccination VALUES ("DFE3D2B2411FD912_2", "DFE3D2B2411FD912", null, null, "2022-02-23 15:00:00", 2); 

INSERT INTO Vac_User VALUES ("967E08EDB25D6958","Foster","Irwin","Why","1987-08-30",3,"fosterirwin@poochies.com","+39 (989) 447-3687","none"); 
INSERT INTO User_Credentials VALUES ("967E08EDB25D6958", "96ec13d5ec40f735763e59fc46eb0a786681284d7adbdc0f2d8e0bd5abdc448"); 
INSERT INTO Vaccination VALUES ("967E08EDB25D6958_1", "967E08EDB25D6958", "NRIGSP98C27G273N", "moderna", "2021-10-14", 1); 
INSERT INTO Vaccination VALUES ("967E08EDB25D6958_2", "967E08EDB25D6958", null, null, "2022-03-19 13:00:00", 2); 

INSERT INTO Vac_User VALUES ("DC97820269579F98","Bartlett","Travis","Waterview","2005-04-28",3,"bartletttravis@poochies.com","+39 (933) 463-3214","fragile"); 
INSERT INTO User_Credentials VALUES ("DC97820269579F98", "96ec13d5ec40f735763e59fc46eb0a786681284d7adbdc0f2d8e0bd5abdc448"); 
INSERT INTO Vaccination VALUES ("DC97820269579F98_1", "DC97820269579F98", "VCRBNC99D27G273N", "astrazeneca", "2021-01-01", 1); 
INSERT INTO Vaccination VALUES ("DC97820269579F98_2", "DC97820269579F98", null, null, "2022-03-17 13:00:00", 2); 

INSERT INTO Vac_User VALUES ("FC269787E4F66FDD","Sanchez","Bean","Caspar","1979-07-04",3,"sanchezbean@poochies.com","+39 (831) 497-2582","over65"); 
INSERT INTO User_Credentials VALUES ("FC269787E4F66FDD", "96ec13d5ec40f735763e59fc46eb0a786681284d7adbdc0f2d8e0bd5abdc448"); 
INSERT INTO Vaccination VALUES ("FC269787E4F66FDD_1", "FC269787E4F66FDD", "NRIGSP98C27G273N", "moderna", "2021-11-24", 1); 
INSERT INTO Vaccination VALUES ("FC269787E4F66FDD_2", "FC269787E4F66FDD", null, null, "2022-03-11 10:00:00", 2); 

INSERT INTO Vac_User VALUES ("2A53CF2F48FF5C53","Jean","Snider","Hoehne","1982-12-26",2,"jeansnider@poochies.com","+39 (993) 595-3421","none"); 
INSERT INTO User_Credentials VALUES ("2A53CF2F48FF5C53", "96ec13d5ec40f735763e59fc46eb0a786681284d7adbdc0f2d8e0bd5abdc448"); 
INSERT INTO Vaccination VALUES ("2A53CF2F48FF5C53_1", "2A53CF2F48FF5C53", "VCRBNC99D27G273N", "pfizer", "2021-01-18", 1); 
INSERT INTO Vaccination VALUES ("2A53CF2F48FF5C53_2", "2A53CF2F48FF5C53", null, null, "2022-03-11 09:00:00", 2); 

INSERT INTO Vac_User VALUES ("7F702A9DB4A453EB","Cain","Conner","Alleghenyville","2002-01-22",2,"cainconner@poochies.com","+39 (824) 437-2587","fragile"); 
INSERT INTO User_Credentials VALUES ("7F702A9DB4A453EB", "96ec13d5ec40f735763e59fc46eb0a786681284d7adbdc0f2d8e0bd5abdc448"); 
INSERT INTO Vaccination VALUES ("7F702A9DB4A453EB_1", "7F702A9DB4A453EB", "VCRBNC99D27G273N", "moderna", "2021-01-17", 1); 
INSERT INTO Vaccination VALUES ("7F702A9DB4A453EB_2", "7F702A9DB4A453EB", null, null, "2022-02-23 09:00:00", 2); 

INSERT INTO Vac_User VALUES ("0EDF3763F378EDC1","Glenda","Black","Malo","1978-06-01",1,"glendablack@poochies.com","+39 (814) 537-2038","over65"); 
INSERT INTO User_Credentials VALUES ("0EDF3763F378EDC1", "96ec13d5ec40f735763e59fc46eb0a786681284d7adbdc0f2d8e0bd5abdc448"); 
INSERT INTO Vaccination VALUES ("0EDF3763F378EDC1_1", "0EDF3763F378EDC1", "VCRBNC99D27G273N", "janssen", "2021-06-09", 1); 
INSERT INTO Vaccination VALUES ("0EDF3763F378EDC1_2", "0EDF3763F378EDC1", null, null, "2022-02-23 15:00:00", 2); 

INSERT INTO Vac_User VALUES ("17C4D318A67C9037","Strickland","Johnston","Harold","1947-02-16",3,"stricklandjohnston@poochies.com","+39 (932) 573-2165","over65"); 
INSERT INTO User_Credentials VALUES ("17C4D318A67C9037", "96ec13d5ec40f735763e59fc46eb0a786681284d7adbdc0f2d8e0bd5abdc448"); 
INSERT INTO Vaccination VALUES ("17C4D318A67C9037_1", "17C4D318A67C9037", "PVGCGR99C27G273N", "astrazeneca", "2021-03-23", 1); 
INSERT INTO Vaccination VALUES ("17C4D318A67C9037_2", "17C4D318A67C9037", null, null, "2022-03-22 10:00:00", 2); 

INSERT INTO Vac_User VALUES ("6BF6BDDA609583B3","Thompson","Neal","Juarez","1963-02-28",3,"thompsonneal@poochies.com","+39 (946) 516-2306","none"); 
INSERT INTO User_Credentials VALUES ("6BF6BDDA609583B3", "96ec13d5ec40f735763e59fc46eb0a786681284d7adbdc0f2d8e0bd5abdc448"); 
INSERT INTO Vaccination VALUES ("6BF6BDDA609583B3_1", "6BF6BDDA609583B3", "LPPMRL98C27G273N", "janssen", "2021-12-06", 1); 
INSERT INTO Vaccination VALUES ("6BF6BDDA609583B3_2", "6BF6BDDA609583B3", null, null, "2022-02-24 10:00:00", 2); 

INSERT INTO Vac_User VALUES ("7D206B5955882432","Cheri","Knight","Caron","1987-03-14",1,"cheriknight@poochies.com","+39 (920) 590-2119","fragile"); 
INSERT INTO User_Credentials VALUES ("7D206B5955882432", "96ec13d5ec40f735763e59fc46eb0a786681284d7adbdc0f2d8e0bd5abdc448"); 
INSERT INTO Vaccination VALUES ("7D206B5955882432_1", "7D206B5955882432", "VCRBNC99D27G273N", "pfizer", "2021-08-28", 1); 
INSERT INTO Vaccination VALUES ("7D206B5955882432_2", "7D206B5955882432", null, null, "2022-03-18 15:00:00", 2); 

INSERT INTO Vac_User VALUES ("8F2598059CA0CE96","Sylvia","Rollins","Dargan","2005-05-20",1,"sylviarollins@poochies.com","+39 (842) 402-3215","fragile"); 
INSERT INTO User_Credentials VALUES ("8F2598059CA0CE96", "96ec13d5ec40f735763e59fc46eb0a786681284d7adbdc0f2d8e0bd5abdc448"); 
INSERT INTO Vaccination VALUES ("8F2598059CA0CE96_1", "8F2598059CA0CE96", "NRIGSP98C27G273N", "astrazeneca", "2021-09-12", 1); 
INSERT INTO Vaccination VALUES ("8F2598059CA0CE96_2", "8F2598059CA0CE96", null, null, "2022-03-03 11:00:00", 2); 

INSERT INTO Vac_User VALUES ("27E5F057CAE88E8E","Kathleen","Bentley","Gibbsville","1989-05-25",2,"kathleenbentley@poochies.com","+39 (834) 423-3477","over65"); 
INSERT INTO User_Credentials VALUES ("27E5F057CAE88E8E", "96ec13d5ec40f735763e59fc46eb0a786681284d7adbdc0f2d8e0bd5abdc448"); 
INSERT INTO Vaccination VALUES ("27E5F057CAE88E8E_1", "27E5F057CAE88E8E", "DCRRGG98C27G273N", "astrazeneca", "2021-05-02", 1); 
INSERT INTO Vaccination VALUES ("27E5F057CAE88E8E_2", "27E5F057CAE88E8E", null, null, "2022-03-08 15:00:00", 2); 

INSERT INTO Vac_User VALUES ("36E8484A3DFDA606","Dean","Herring","Ferney","1992-11-13",1,"deanherring@poochies.com","+39 (898) 549-2065","fragile"); 
INSERT INTO User_Credentials VALUES ("36E8484A3DFDA606", "96ec13d5ec40f735763e59fc46eb0a786681284d7adbdc0f2d8e0bd5abdc448"); 
INSERT INTO Vaccination VALUES ("36E8484A3DFDA606_1", "36E8484A3DFDA606", "LPPMRL98C27G273N", "astrazeneca", "2021-04-28", 1); 
INSERT INTO Vaccination VALUES ("36E8484A3DFDA606_2", "36E8484A3DFDA606", null, null, "2022-02-28 14:00:00", 2); 

INSERT INTO Vac_User VALUES ("84B74EFEDF0FCBC1","Jaclyn","Navarro","Tedrow","1944-02-24",1,"jaclynnavarro@poochies.com","+39 (970) 423-3742","over65"); 
INSERT INTO User_Credentials VALUES ("84B74EFEDF0FCBC1", "96ec13d5ec40f735763e59fc46eb0a786681284d7adbdc0f2d8e0bd5abdc448"); 
INSERT INTO Vaccination VALUES ("84B74EFEDF0FCBC1_1", "84B74EFEDF0FCBC1", "DCRRGG98C27G273N", "janssen", "2021-08-23", 1); 
INSERT INTO Vaccination VALUES ("84B74EFEDF0FCBC1_2", "84B74EFEDF0FCBC1", null, null, "2022-02-28 18:00:00", 2); 

INSERT INTO Vac_User VALUES ("DE763A07F8553EBB","Angelique","Rodriquez","Fairacres","1985-12-01",1,"angeliquerodriquez@poochies.com","+39 (900) 533-3363","fragile"); 
INSERT INTO User_Credentials VALUES ("DE763A07F8553EBB", "96ec13d5ec40f735763e59fc46eb0a786681284d7adbdc0f2d8e0bd5abdc448"); 
INSERT INTO Vaccination VALUES ("DE763A07F8553EBB_1", "DE763A07F8553EBB", "PVGCGR99C27G273N", "pfizer", "2021-05-16", 1); 
INSERT INTO Vaccination VALUES ("DE763A07F8553EBB_2", "DE763A07F8553EBB", null, null, "2022-02-23 10:00:00", 2); 

INSERT INTO Vac_User VALUES ("E79AD542F25B3C96","Bridget","Simmons","Greer","1956-11-27",1,"bridgetsimmons@poochies.com","+39 (887) 526-3557","none"); 
INSERT INTO User_Credentials VALUES ("E79AD542F25B3C96", "96ec13d5ec40f735763e59fc46eb0a786681284d7adbdc0f2d8e0bd5abdc448"); 
INSERT INTO Vaccination VALUES ("E79AD542F25B3C96_1", "E79AD542F25B3C96", "DCRRGG98C27G273N", "astrazeneca", "2021-07-04", 1); 
INSERT INTO Vaccination VALUES ("E79AD542F25B3C96_2", "E79AD542F25B3C96", null, null, "2022-03-08 13:00:00", 2); 

INSERT INTO Vac_User VALUES ("5040BDF148E991D2","Baxter","Hendricks","Manitou","1989-08-01",2,"baxterhendricks@poochies.com","+39 (958) 524-3366","none"); 
INSERT INTO User_Credentials VALUES ("5040BDF148E991D2", "96ec13d5ec40f735763e59fc46eb0a786681284d7adbdc0f2d8e0bd5abdc448"); 
INSERT INTO Vaccination VALUES ("5040BDF148E991D2_1", "5040BDF148E991D2", "VCRBNC99D27G273N", "pfizer", "2021-08-02", 1); 
INSERT INTO Vaccination VALUES ("5040BDF148E991D2_2", "5040BDF148E991D2", null, null, "2022-03-08 09:00:00", 2); 

INSERT INTO Vac_User VALUES ("3F18898F6F94178F","Adele","Clarke","Orovada","1985-07-24",1,"adeleclarke@poochies.com","+39 (926) 408-2163","none"); 
INSERT INTO User_Credentials VALUES ("3F18898F6F94178F", "96ec13d5ec40f735763e59fc46eb0a786681284d7adbdc0f2d8e0bd5abdc448"); 
INSERT INTO Vaccination VALUES ("3F18898F6F94178F_1", "3F18898F6F94178F", "DCRRGG98C27G273N", "janssen", "2021-07-27", 1); 
INSERT INTO Vaccination VALUES ("3F18898F6F94178F_2", "3F18898F6F94178F", null, null, "2022-03-09 15:00:00", 2); 

INSERT INTO Vac_User VALUES ("F80370274D007931","Pearl","Santiago","Disautel","1969-03-03",1,"pearlsantiago@poochies.com","+39 (916) 404-3926","none"); 
INSERT INTO User_Credentials VALUES ("F80370274D007931", "96ec13d5ec40f735763e59fc46eb0a786681284d7adbdc0f2d8e0bd5abdc448"); 
INSERT INTO Vaccination VALUES ("F80370274D007931_1", "F80370274D007931", "PVGCGR99C27G273N", "janssen", "2021-07-27", 1); 
INSERT INTO Vaccination VALUES ("F80370274D007931_2", "F80370274D007931", null, null, "2022-03-09 15:00:00", 2); 

INSERT INTO Vac_User VALUES ("FC00BF9D71AD0320","Dolly","Vargas","Falmouth","1973-04-06",2,"dollyvargas@poochies.com","+39 (963) 421-3864","fragile"); 
INSERT INTO User_Credentials VALUES ("FC00BF9D71AD0320", "96ec13d5ec40f735763e59fc46eb0a786681284d7adbdc0f2d8e0bd5abdc448"); 
INSERT INTO Vaccination VALUES ("FC00BF9D71AD0320_1", "FC00BF9D71AD0320", "VCRBNC99D27G273N", "astrazeneca", "2021-11-10", 1); 
INSERT INTO Vaccination VALUES ("FC00BF9D71AD0320_2", "FC00BF9D71AD0320", null, null, "2022-03-08 13:00:00", 2); 

INSERT INTO Vac_User VALUES ("F8010EBE3D99417B","April","Payne","Allendale","1947-05-10",1,"aprilpayne@poochies.com","+39 (891) 559-2924","none"); 
INSERT INTO User_Credentials VALUES ("F8010EBE3D99417B", "96ec13d5ec40f735763e59fc46eb0a786681284d7adbdc0f2d8e0bd5abdc448"); 
INSERT INTO Vaccination VALUES ("F8010EBE3D99417B_1", "F8010EBE3D99417B", "NRIGSP98C27G273N", "astrazeneca", "2021-08-23", 1); 
INSERT INTO Vaccination VALUES ("F8010EBE3D99417B_2", "F8010EBE3D99417B", null, null, "2022-03-11 10:00:00", 2); 

INSERT INTO Vac_User VALUES ("99A2EE1AA8E199CB","Nichole","Ortiz","Woodlands","1954-09-05",3,"nicholeortiz@poochies.com","+39 (825) 539-2899","fragile"); 
INSERT INTO User_Credentials VALUES ("99A2EE1AA8E199CB", "96ec13d5ec40f735763e59fc46eb0a786681284d7adbdc0f2d8e0bd5abdc448"); 
INSERT INTO Vaccination VALUES ("99A2EE1AA8E199CB_1", "99A2EE1AA8E199CB", "PVGCGR99C27G273N", "astrazeneca", "2021-03-06", 1); 
INSERT INTO Vaccination VALUES ("99A2EE1AA8E199CB_2", "99A2EE1AA8E199CB", null, null, "2022-03-10 09:00:00", 2); 

INSERT INTO Vac_User VALUES ("B7A33BA30DEDC21D","Banks","Bauer","Whitewater","1940-07-29",3,"banksbauer@poochies.com","+39 (848) 591-3172","fragile"); 
INSERT INTO User_Credentials VALUES ("B7A33BA30DEDC21D", "96ec13d5ec40f735763e59fc46eb0a786681284d7adbdc0f2d8e0bd5abdc448"); 
INSERT INTO Vaccination VALUES ("B7A33BA30DEDC21D_1", "B7A33BA30DEDC21D", "VCRBNC99D27G273N", "moderna", "2021-05-27", 1); 
INSERT INTO Vaccination VALUES ("B7A33BA30DEDC21D_2", "B7A33BA30DEDC21D", null, null, "2022-03-11 11:00:00", 2); 

